5.0,0.5,0.5,0.5,0.5,0.5,0.5,0.05,0.525,0.03333,0.0,0.0,0.5,0.0,0.05,0.0,0.5,0.5,0.5,0.5,0.5,0.5,0.5,0.5,0.0,0.0,0.73684,1.0,1.0,1.0,0.0,0.0,0.5,0.5,0.5,1.0,1.0,0.5,0.5,0.5,1.0,1.0,0.5,0.5,0.5,0.5,0.5,1.0,0.5,0.5,0.5,0.5,0.5,0.7,0.92857,1.0,1.0,1.0,0.5,0.5
5.0,0.5,0.5,0.5,0.5,0.5,0.5,0.05,0.525,0.03333,0.0,0.0,0.5,0.0,0.05,0.0,0.5,0.5,0.5,0.5,0.5,0.5,0.5,0.5,0.0,0.0,0.73684,1.0,1.0,1.0,0.0,0.0,0.5,0.5,0.5,1.0,1.0,0.5,0.5,0.5,1.0,1.0,0.5,0.5,0.5,0.5,0.5,1.0,0.5,0.5,0.5,0.5,0.5,0.65,0.85714,1.0,1.0,1.0,0.5,0.5
5.0,0.5,0.5,0.5,0.5,0.5,0.5,0.05,0.525,0.03333,0.0,0.0,0.5,0.0,0.05,0.0,0.5,0.5,0.5,0.5,0.5,0.5,0.5,0.5,0.0,0.0,0.73684,1.0,1.0,1.0,0.0,0.0,0.5,0.5,0.5,1.0,1.0,0.5,0.5,0.5,1.0,1.0,0.5,0.5,0.5,0.5,0.5,1.0,0.5,0.5,0.5,0.5,0.5,0.6,0.78571,1.0,1.0,1.0,0.5,0.5
5.0,0.5,0.5,0.5,0.5,0.5,0.5,0.05,0.525,0.03333,0.0,0.0,0.5,0.0,0.05,0.0,0.5,0.5,0.5,0.5,0.5,0.5,0.5,0.5,0.0,0.0,0.73684,1.0,1.0,1.0,0.0,0.0,0.5,0.5,0.5,1.0,1.0,0.5,0.5,0.5,1.0,1.0,0.5,0.5,0.5,0.5,0.5,1.0,0.5,0.5,0.5,0.5,0.5,0.65,0.85714,1.0,1.0,1.0,0.5,0.5
5.0,0.5,0.5,0.5,0.5,0.5,0.5,0.05,0.525,0.03333,0.0,0.0,0.5,0.0,0.05,0.0,0.5,0.5,0.5,0.5,0.5,0.5,0.5,0.5,0.0,0.0,0.73684,1.0,1.0,1.0,0.0,0.0,0.5,0.5,0.5,1.0,1.0,0.5,0.5,0.5,1.0,1.0,0.5,0.5,0.5,0.5,0.5,1.0,0.5,0.5,0.5,0.5,0.5,0.55,0.71429,1.0,1.0,1.0,0.5,0.5
5.0,0.5,0.5,0.5,0.5,0.5,0.5,0.05,0.525,0.03333,0.0,0.0,0.5,0.0,0.05,0.0,0.5,0.5,0.5,0.5,0.5,0.5,0.5,0.5,0.0,0.0,0.73684,1.0,1.0,1.0,0.0,0.0,0.5,0.5,0.5,1.0,1.0,0.5,0.5,0.5,1.0,1.0,0.5,0.5,0.5,0.5,0.5,1.0,0.5,0.5,0.5,0.5,0.5,0.65,0.85714,1.0,1.0,1.0,0.5,0.5
5.0,0.5,0.5,0.5,0.5,0.5,0.5,0.05,0.525,0.03333,0.0,0.0,0.5,0.0,0.05,0.0,0.5,0.5,0.5,0.5,0.5,0.5,0.5,0.5,0.0,0.0,0.73684,1.0,1.0,1.0,0.0,0.0,0.5,0.5,0.5,1.0,1.0,0.5,0.5,0.5,1.0,1.0,0.5,0.5,0.5,0.5,0.5,1.0,0.5,0.5,0.5,0.5,0.5,0.65,0.85714,1.0,1.0,1.0,0.5,0.5
5.0,0.5,0.5,0.5,0.5,0.5,0.5,0.05,0.525,0.03333,0.0,0.0,0.5,0.0,0.05,0.0,0.5,0.5,0.5,0.5,0.5,0.5,0.5,0.5,0.0,0.0,0.73684,1.0,1.0,1.0,0.0,0.0,0.5,0.5,0.5,1.0,1.0,0.5,0.5,0.5,1.0,1.0,0.5,0.5,0.5,0.5,0.5,1.0,0.5,0.5,0.5,0.5,0.5,0.55,0.71429,1.0,1.0,1.0,0.5,0.5
5.0,0.5,0.5,0.5,0.5,0.5,0.5,0.05,0.525,0.03333,0.0,0.0,0.5,0.0,0.05,0.0,0.5,0.5,0.5,0.5,0.5,0.5,0.5,0.5,0.0,0.0,0.73684,1.0,1.0,1.0,0.0,0.0,0.5,0.5,0.5,1.0,1.0,0.5,0.5,0.5,1.0,1.0,0.5,0.5,0.5,0.5,0.5,1.0,0.5,0.5,0.5,0.5,0.5,0.6,0.78571,1.0,1.0,1.0,0.5,0.5
5.0,0.5,0.5,0.5,0.5,0.5,0.5,0.05,0.525,0.03333,0.0,0.0,0.5,0.0,0.05,0.0,0.5,0.5,0.5,0.5,0.5,0.5,0.5,0.5,0.0,0.0,0.73684,1.0,1.0,1.0,0.0,0.0,0.5,0.5,0.5,1.0,1.0,0.5,0.5,0.5,1.0,1.0,0.5,0.5,0.5,0.5,0.5,1.0,0.5,0.5,0.5,0.5,0.5,0.6,0.78571,1.0,1.0,1.0,0.5,0.5
5.0,0.5,0.5,0.5,0.5,0.5,0.5,0.05,0.525,0.03333,0.0,0.0,0.5,0.0,0.05,0.0,0.5,0.5,0.5,0.5,0.5,0.5,0.5,0.5,0.0,0.0,0.73684,1.0,1.0,1.0,0.0,0.0,0.5,0.5,0.5,1.0,1.0,0.5,0.5,0.5,1.0,1.0,0.5,0.5,0.5,0.5,0.5,1.0,0.5,0.5,0.5,0.5,0.5,0.45,0.57143,1.0,1.0,1.0,0.5,0.5
5.0,0.5,0.5,0.5,0.5,0.5,0.5,0.05,0.525,0.03333,0.0,0.0,0.5,0.0,0.05,0.0,0.5,0.5,0.5,0.5,0.5,0.5,0.5,0.5,0.0,0.0,0.73684,1.0,1.0,1.0,0.0,0.0,0.5,0.5,0.5,1.0,1.0,0.5,0.5,0.5,1.0,1.0,0.5,0.5,0.5,0.5,0.5,1.0,0.5,0.5,0.5,0.5,0.5,0.55,0.71429,1.0,1.0,1.0,0.5,0.5
5.0,0.5,0.5,0.5,0.5,0.5,0.5,0.05,0.525,0.03333,0.0,0.0,0.5,0.0,0.05,0.0,0.5,0.5,0.5,0.5,0.5,0.5,0.5,0.5,0.0,0.0,0.73684,1.0,1.0,1.0,0.0,0.0,0.5,0.5,0.5,1.0,1.0,0.5,0.5,0.5,1.0,1.0,0.5,0.5,0.5,0.5,0.5,1.0,0.5,0.5,0.5,0.5,0.5,0.65,0.85714,1.0,1.0,1.0,0.5,0.5
5.0,0.5,0.5,0.5,0.5,0.5,0.5,0.05,0.525,0.03333,0.0,0.0,0.5,0.0,0.05,0.0,0.5,0.5,0.5,0.5,0.5,0.5,0.5,0.5,0.0,0.0,0.73684,1.0,1.0,1.0,0.0,0.0,0.5,0.5,0.5,1.0,1.0,0.5,0.5,0.5,1.0,1.0,0.5,0.5,0.5,0.5,0.5,1.0,0.5,0.5,0.5,0.5,0.5,0.55,0.71429,1.0,1.0,1.0,0.5,0.5
5.0,0.5,0.5,0.5,0.5,0.5,0.5,0.05,0.525,0.03333,0.0,0.0,0.5,0.0,0.05,0.0,0.5,0.5,0.5,0.5,0.5,0.5,0.5,0.5,0.0,0.0,0.73684,1.0,1.0,1.0,0.0,0.0,0.5,0.5,0.5,1.0,1.0,0.5,0.5,0.5,1.0,1.0,0.5,0.5,0.5,0.5,0.5,1.0,0.5,0.5,0.5,0.5,0.5,0.6,0.78571,1.0,1.0,1.0,0.5,0.5
5.0,0.5,0.5,0.5,0.5,0.5,0.5,0.05,0.525,0.03333,0.0,0.0,0.5,0.0,0.05,0.0,0.5,0.5,0.5,0.5,0.5,0.5,0.5,0.5,0.0,0.0,0.73684,1.0,1.0,1.0,0.0,0.0,0.5,0.5,0.5,1.0,1.0,0.5,0.5,0.5,1.0,1.0,0.5,0.5,0.5,0.5,0.5,1.0,0.5,0.5,0.5,0.5,0.5,0.6,0.78571,1.0,1.0,1.0,0.5,0.5
5.0,0.5,0.5,0.5,0.5,0.5,0.5,0.05,0.525,0.03333,0.0,0.0,0.5,0.0,0.05,0.0,0.5,0.5,0.5,0.5,0.5,0.5,0.5,0.5,0.0,0.0,0.73684,1.0,1.0,1.0,0.0,0.0,0.5,0.5,0.5,1.0,1.0,0.5,0.5,0.5,1.0,1.0,0.5,0.5,0.5,0.5,0.5,1.0,0.5,0.5,0.5,0.5,0.5,0.5,0.64286,1.0,1.0,1.0,0.5,0.5
5.0,0.5,0.5,0.5,0.5,0.5,0.5,0.05,0.525,0.03333,0.0,0.0,0.5,0.0,0.05,0.0,0.5,0.5,0.5,0.5,0.5,0.5,0.5,0.5,0.0,0.0,0.73684,1.0,1.0,1.0,0.0,0.0,0.5,0.5,0.5,1.0,1.0,0.5,0.5,0.5,1.0,1.0,0.5,0.5,0.5,0.5,0.5,1.0,0.5,0.5,0.5,0.5,0.5,0.55,0.71429,1.0,1.0,1.0,0.5,0.5
5.0,0.5,0.5,0.5,0.5,0.5,0.5,0.05,0.525,0.03333,0.0,0.0,0.5,0.0,0.05,0.0,0.5,0.5,0.5,0.5,0.5,0.5,0.5,0.5,0.0,0.0,0.73684,1.0,1.0,1.0,0.0,0.0,0.5,0.5,0.5,1.0,1.0,0.5,0.5,0.5,1.0,1.0,0.5,0.5,0.5,0.5,0.5,1.0,0.5,0.5,0.5,0.5,0.5,0.7,0.92857,1.0,1.0,1.0,0.5,0.5
5.0,0.5,0.5,0.5,0.5,0.5,0.5,0.05,0.525,0.03333,0.0,0.0,0.5,0.0,0.05,0.0,0.5,0.5,0.5,0.5,0.5,0.5,0.5,0.5,0.0,0.0,0.73684,1.0,1.0,1.0,0.0,0.0,0.5,0.5,0.5,1.0,1.0,0.5,0.5,0.5,1.0,1.0,0.5,0.5,0.5,0.5,0.5,1.0,0.5,0.5,0.5,0.5,0.5,0.5,0.64286,1.0,1.0,1.0,0.5,0.5
6.0,0.5,0.5,0.5,0.5,0.5,0.5,0.04968,0.375,0.06667,0.0,0.0,0.5,0.0,0.5925,0.0,0.5,0.5,0.76316,0.23684,1.0,1.0,0.5,1.0,0.5781,0.91762,0.05263,0.99052,0.98121,0.33333,0.0,0.92857,0.89474,0.5,0.8,1.0,1.0,0.5,0.5,0.5,1.0,1.0,0.5,0.5,0.5,0.5,0.5,1.0,1.0,1.0,0.5,0.5,0.2,0.2,1.0,0.66667,1.0,1.0,1.0,0.5
5.0,1.0,0.5,1.0,0.5,0.925,0.5,0.05159,0.925,0.06667,0.0,0.0,0.5,1.0,0.5925,0.0,0.5,0.5,0.76316,0.23684,1.0,1.0,0.76316,1.0,0.23845,0.33118,0.63158,1.0,0.97018,0.83333,0.0,0.87623,1.0,0.57895,0.5,1.0,1.0,0.5,0.5,0.5,1.0,1.0,0.5,0.5,0.5,0.5,0.5,1.0,1.0,1.0,0.5,0.5,0.5,0.2,0.5,0.66667,1.0,1.0,0.83333,1.0
6.0,0.5,0.5,0.5,0.5,0.5,0.5,0.05,0.525,0.06667,0.0,0.0,0.5,0.0,0.5925,0.0,0.5,0.5,0.76316,0.23684,1.0,1.0,0.5,1.0,0.67278,1.0,0.05263,0.99909,0.94037,0.5,0.0,0.88776,1.0,0.5,0.8,1.0,1.0,0.5,0.5,0.5,1.0,1.0,0.5,0.5,0.5,0.5,0.5,1.0,1.0,1.0,0.5,0.5,0.2,0.35,1.0,0.83333,1.0,1.0,0.66667,0.5
5.0,1.0,0.5,1.0,0.5,0.525,0.5,0.05,0.525,0.06667,0.0,0.0,0.5,1.0,0.5925,0.0,0.5,0.5,0.76316,0.23684,1.0,1.0,0.76316,1.0,0.58056,0.80633,0.05263,1.0,0.96927,0.75,0.0,0.89939,1.0,0.47368,0.5,1.0,1.0,0.5,0.5,0.5,1.0,1.0,0.5,0.5,0.5,0.5,0.5,1.0,1.0,1.0,0.5,0.5,0.5,0.25,1.0,0.5,1.0,1.0,1.0,1.0
6.0,0.5,0.5,0.5,0.5,0.5,0.5,0.04937,0.25,0.06667,0.0,0.0,0.5,0.0,0.5925,0.0,0.5,0.5,0.76316,0.23684,1.0,1.0,0.5,1.0,0.60415,0.95897,0.05263,0.98233,0.95697,0.25,0.0,0.91429,0.89474,0.5,0.8,1.0,1.0,0.5,0.5,0.5,1.0,1.0,0.5,0.5,0.5,0.5,0.5,1.0,1.0,1.0,0.5,0.5,0.2,0.25,1.0,1.0,1.0,1.0,0.75,0.5
2.0,0.5,0.5,0.5,0.5,0.5,0.5,0.05317,1.0,0.06667,0.0,0.0,0.5,0.0,0.5925,0.0,0.5,0.5,0.76316,0.23684,1.0,1.0,0.5,1.0,0.71987,1.0,0.05263,1.0,1.0,1.0,0.0,0.91651,1.0,0.5,0.8,1.0,1.0,0.5,0.5,0.5,1.0,1.0,0.5,0.5,0.5,0.5,0.5,1.0,1.0,1.0,0.5,0.5,0.2,0.35,1.0,0.83333,1.0,1.0,0.83333,0.5
5.0,1.0,0.5,1.0,0.5,0.625,0.5,0.05032,0.625,0.06667,0.0,0.0,0.5,1.0,0.5925,0.0,0.5,0.5,0.76316,0.23684,1.0,1.0,0.76316,1.0,0.17361,0.24113,0.05263,1.0,0.99374,0.6,0.0,0.94513,1.0,0.42105,0.5,1.0,1.0,0.5,0.5,0.5,1.0,1.0,0.5,0.5,0.5,0.5,0.5,1.0,1.0,1.0,0.5,0.5,0.5,0.25,0.8,0.75,1.0,1.0,0.6,1.0
2.0,0.5,0.5,0.5,0.5,0.5,0.5,0.04968,0.375,0.06667,0.0,0.0,0.5,0.0,0.5925,0.0,0.5,0.5,0.76316,0.23684,1.0,1.0,0.5,1.0,0.78355,1.0,0.05263,0.98198,0.9344,0.14286,0.0,0.88709,0.89474,0.5,0.8,1.0,1.0,0.5,0.5,0.5,1.0,1.0,0.5,0.5,0.5,0.5,0.5,1.0,1.0,1.0,0.5,0.5,0.2,0.3,0.71429,0.8,1.0,1.0,0.57143,0.5
2.0,0.5,0.5,0.5,0.5,0.5,0.5,0.05063,0.75,0.06667,0.0,0.0,0.5,0.0,0.5925,0.0,0.5,0.5,0.76316,0.23684,1.0,1.0,0.5,1.0,0.71987,1.0,0.05263,1.0,0.95229,0.66667,0.0,0.94363,1.0,0.5,0.8,1.0,1.0,0.5,0.5,0.5,1.0,1.0,0.5,0.5,0.5,0.5,0.5,1.0,1.0,1.0,0.5,0.5,0.2,0.3,0.83333,1.0,1.0,1.0,0.66667,0.5
2.0,0.5,0.5,0.5,0.5,0.5,0.5,0.05159,0.925,0.06667,0.0,0.0,0.5,0.0,0.5925,0.0,0.5,0.5,0.76316,0.23684,1.0,1.0,0.5,1.0,0.75178,1.0,0.15789,1.0,1.0,1.0,0.0,0.93919,0.78947,0.5,0.8,1.0,1.0,0.5,0.5,0.5,1.0,1.0,0.5,0.5,0.5,0.5,0.5,1.0,1.0,1.0,0.5,0.5,0.2,0.35,1.0,0.83333,1.0,1.0,0.5,0.5
2.0,0.5,0.5,0.5,0.5,0.5,0.5,0.05063,0.75,0.06667,0.0,0.0,0.5,0.0,0.5925,0.0,0.5,0.5,0.76316,0.23684,1.0,1.0,0.5,1.0,0.76823,1.0,0.21053,1.0,0.98156,0.83333,0.0,0.88175,0.73684,0.5,0.8,1.0,1.0,0.5,0.5,0.5,1.0,1.0,0.5,0.5,0.5,0.5,0.5,1.0,1.0,1.0,0.5,0.5,0.2,0.2,0.5,0.66667,1.0,1.0,0.5,0.5
2.0,0.5,0.5,0.5,0.5,0.5,0.5,0.04841,0.15,0.06667,0.0,0.0,0.5,0.0,0.5925,0.0,0.5,0.5,0.76316,0.23684,1.0,1.0,0.5,1.0,0.78355,1.0,0.05263,0.95691,0.91055,0.0,0.0,0.88709,0.89474,0.5,0.8,1.0,1.0,0.5,0.5,0.5,1.0,1.0,0.5,0.5,0.5,0.5,0.5,1.0,1.0,1.0,0.5,0.5,0.2,0.25,0.57143,0.75,1.0,1.0,0.85714,0.5
2.0,0.5,0.5,0.5,0.5,0.5,0.5,0.04778,0.1,0.06667,0.0,0.0,0.5,0.0,0.5925,0.0,0.5,0.5,0.76316,0.23684,1.0,1.0,0.5,1.0,0.71987,1.0,0.05263,0.95474,0.89862,0.16667,0.0,0.87623,1.0,0.5,0.8,1.0,1.0,0.5,0.5,0.5,1.0,1.0,0.5,0.5,0.5,0.5,0.5,1.0,1.0,1.0,0.5,0.5,0.2,0.25,0.66667,0.75,1.0,1.0,0.83333,0.5
5.0,1.0,0.5,0.0,0.5,0.375,0.5,0.04968,0.375,0.06667,0.0,0.0,0.5,1.0,0.5925,0.0,0.5,0.5,0.76316,0.23684,1.0,1.0,0.76316,1.0,0.63676,0.88439,0.05263,0.99276,0.9344,0.33333,0.0,0.87623,1.0,0.47368,0.5,1.0,1.0,0.5,0.5,0.5,1.0,1.0,0.5,0.5,0.5,0.5,0.5,1.0,1.0,1.0,0.5,0.5,0.5,0.3,0.83333,0.6,1.0,1.0,0.5,1.0
5.0,1.0,0.5,1.0,0.5,0.625,0.5,0.05032,0.625,0.06667,0.0,0.0,0.5,1.0,0.5925,0.0,0.5,0.5,0.76316,0.23684,1.0,1.0,0.76316,1.0,0.17361,0.24113,0.05263,1.0,0.99374,0.6,0.0,0.89163,1.0,0.52632,0.5,1.0,1.0,0.5,0.5,0.5,1.0,1.0,0.5,0.5,0.5,0.5,0.5,1.0,1.0,1.0,0.5,0.5,0.5,0.2,0.6,1.0,1.0,1.0,1.0,1.0
2.0,0.5,0.5,0.5,0.5,0.5,0.5,0.04746,0.05,0.06667,0.0,0.0,0.5,0.0,0.5925,0.0,0.5,0.5,0.76316,0.23684,1.0,1.0,0.5,1.0,0.71987,1.0,0.05263,0.94841,0.89266,0.0,0.0,0.87623,1.0,0.5,0.8,1.0,1.0,0.5,0.5,0.5,1.0,1.0,0.5,0.5,0.5,0.5,0.5,1.0,1.0,1.0,0.5,0.5,0.2,0.15,0.33333,0.5,1.0,1.0,0.66667,0.5
2.0,0.5,0.5,0.5,0.5,0.5,0.5,0.05063,0.85,0.06667,0.0,0.0,0.5,0.0,0.5925,0.0,0.5,0.5,0.76316,0.23684,1.0,1.0,0.5,1.0,0.78355,1.0,0.05263,1.0,0.95229,0.71429,0.0,0.88709,0.89474,0.5,0.8,1.0,1.0,0.5,0.5,0.5,1.0,1.0,0.5,0.5,0.5,0.5,0.5,1.0,1.0,1.0,0.5,0.5,0.2,0.3,0.71429,0.6,1.0,1.0,0.42857,0.5
2.0,0.5,0.5,0.5,0.5,0.5,0.5,0.04968,0.375,0.06667,0.0,0.0,0.5,0.0,0.5925,0.0,0.5,0.5,0.76316,0.23684,1.0,1.0,0.5,1.0,0.59211,1.0,0.05263,1.0,0.98121,0.66667,0.0,0.875,1.0,0.5,0.8,1.0,1.0,0.5,0.5,0.5,1.0,1.0,0.5,0.5,0.5,0.5,0.5,1.0,1.0,1.0,0.5,0.5,0.2,0.2,1.0,0.66667,1.0,1.0,0.66667,0.5
2.0,0.5,0.5,0.5,0.5,0.5,0.5,0.05063,0.75,0.06667,0.0,0.0,0.5,0.0,0.5925,0.0,0.5,0.5,0.76316,0.23684,1.0,1.0,0.5,1.0,0.77505,1.0,0.05263,1.0,0.98156,0.71429,0.0,0.91477,0.89474,0.5,0.8,1.0,1.0,0.5,0.5,0.5,1.0,1.0,0.5,0.5,0.5,0.5,0.5,1.0,1.0,1.0,0.5,0.5,0.2,0.35,0.85714,0.83333,1.0,1.0,0.85714,0.5
6.0,0.5,0.5,0.5,0.5,0.5,0.5,0.04873,0.2,0.06667,0.0,0.0,0.5,0.0,0.5925,0.0,0.5,0.5,0.76316,0.23684,1.0,1.0,0.5,1.0,0.60017,0.95265,0.05263,0.98462,0.94468,0.25,0.0,0.93257,0.89474,0.5,0.8,1.0,1.0,0.5,0.5,0.5,1.0,1.0,0.5,0.5,0.5,0.5,0.5,1.0,1.0,1.0,0.5,0.5,0.2,0.25,1.0,0.5,1.0,1.0,0.75,0.5
6.0,0.0,0.5,0.0,0.5,0.15,0.5,0.04633,0.15,0.1,0.0,0.0,0.5,1.0,0.46,0.0,0.81756,0.0,0.87368,1.0,1.0,1.0,0.87368,0.0,0.28687,0.45535,0.0,0.96118,0.88033,0.33333,0.0,0.9529,1.0,0.73684,0.8,1.0,1.0,0.5,0.5,0.5,1.0,1.0,0.5,0.5,0.5,0.0,0.0,1.0,1.0,1.0,0.5,0.5,0.2,0.35,1.0,0.66667,1.0,1.0,0.33333,1.0
5.0,1.0,0.5,1.0,0.5,1.0,0.5,0.06214,1.0,0.1,0.0,0.0,0.5,1.0,0.46,0.0,0.81756,0.0,0.87368,1.0,1.0,1.0,0.87368,1.0,0.26268,0.36483,0.0,1.0,1.0,1.0,0.0,0.95872,1.0,1.0,0.5,1.0,1.0,0.5,0.5,0.5,1.0,1.0,0.5,0.5,0.5,0.0,0.0,1.0,1.0,1.0,0.5,0.5,0.5,0.35,1.0,0.83333,1.0,1.0,0.5,1.0
5.0,1.0,1.0,1.0,1.0,0.525,0.75,0.05141,0.75,0.1,0.0,0.0,0.5,0.0,0.46,0.0,0.81756,0.0,0.87368,1.0,1.0,1.0,0.7,0.0,0.26268,0.36483,0.0,0.97522,0.82732,0.5,0.0,0.93018,1.0,0.36842,0.5,1.0,1.0,0.5,0.5,0.5,1.0,1.0,0.5,0.5,0.5,0.0,0.0,1.0,1.0,1.0,0.5,0.5,0.5,0.35,1.0,0.66667,1.0,1.0,1.0,1.0
5.0,1.0,0.5,1.0,0.5,0.85,0.5,0.05263,0.85,0.1,0.0,0.0,0.5,1.0,0.46,0.0,0.81756,0.0,0.87368,1.0,1.0,1.0,0.87368,0.0,0.21964,0.30505,0.0,1.0,1.0,1.0,0.0,0.98456,1.0,0.78947,0.5,1.0,1.0,0.5,0.5,0.5,1.0,1.0,0.5,0.5,0.5,0.0,0.0,1.0,1.0,1.0,0.5,0.5,0.5,0.35,1.0,0.83333,1.0,1.0,0.5,1.0
6.0,0.0,0.5,0.0,0.5,0.05,0.5,0.04472,0.05,0.1,0.0,0.0,0.5,1.0,0.46,0.0,0.81756,0.0,0.87368,1.0,1.0,1.0,0.87368,0.0,0.09177,0.14567,0.15789,0.9372,0.84963,0.0,0.0,0.92218,1.0,0.94737,0.8,1.0,1.0,0.5,0.5,0.5,1.0,1.0,0.5,0.5,0.5,0.0,0.0,1.0,1.0,1.0,0.5,0.5,0.2,0.2,1.0,0.33333,1.0,1.0,1.0,1.0
5.0,1.0,1.0,1.0,1.0,1.0,0.95,0.05577,0.95,0.1,0.0,0.0,0.5,0.0,0.46,0.0,0.81756,0.0,0.87368,1.0,1.0,1.0,0.7,0.0,0.26268,0.36483,0.0,1.0,0.89745,0.83333,0.0,0.94275,1.0,0.47368,0.5,1.0,1.0,0.5,0.5,0.5,1.0,1.0,0.5,0.5,0.5,0.0,0.0,1.0,1.0,1.0,0.5,0.5,0.5,0.35,1.0,0.5,1.0,1.0,1.0,1.0
5.0,1.0,0.5,0.0,0.5,0.55,0.5,0.04916,0.55,0.1,0.0,0.0,0.5,1.0,0.46,0.0,0.81756,0.0,0.87368,1.0,1.0,1.0,0.87368,0.0,0.16623,0.23088,0.0,1.0,0.96157,0.6,0.0,0.96361,1.0,1.0,0.5,1.0,1.0,0.5,0.5,0.5,1.0,1.0,0.5,0.5,0.5,0.0,0.0,1.0,1.0,1.0,0.5,0.5,0.5,0.25,0.8,0.5,1.0,1.0,0.8,1.0
2.0,1.0,0.5,0.0,0.5,0.45,0.5,0.04876,0.45,0.1,0.0,0.0,0.5,1.0,0.46,0.0,0.81756,0.0,0.87368,1.0,1.0,1.0,0.87368,0.0,0.71668,1.0,0.05263,0.98417,0.91566,0.33333,1.0,0.93179,1.0,0.84211,0.8,1.0,1.0,0.5,0.5,0.5,1.0,1.0,0.5,0.5,0.5,0.0,0.0,1.0,1.0,1.0,0.5,0.5,0.2,0.25,0.66667,0.5,1.0,1.0,0.66667,1.0
5.0,1.0,1.0,1.0,0.0,0.75,0.6,0.04979,0.6,0.1,0.0,0.0,0.5,0.0,0.46,0.0,0.81756,0.0,0.87368,1.0,1.0,1.0,0.7,0.0,0.26268,0.36483,0.0,0.94452,0.80128,0.33333,0.0,0.91691,0.94737,0.47368,0.5,1.0,1.0,0.5,0.5,0.5,1.0,1.0,0.5,0.5,0.5,0.0,0.0,1.0,1.0,1.0,0.5,0.5,0.5,0.35,1.0,0.33333,1.0,1.0,0.83333,1.0
5.0,1.0,1.0,1.0,0.0,0.925,0.3,0.04805,0.3,0.1,0.0,0.0,0.5,0.0,0.46,0.0,0.81756,0.0,0.87368,1.0,1.0,1.0,0.7,0.0,0.21964,0.30505,0.0,0.99674,0.9129,0.5,0.0,0.94821,0.94737,0.47368,0.5,1.0,1.0,0.5,0.5,0.5,1.0,1.0,0.5,0.5,0.5,0.0,0.0,1.0,1.0,1.0,0.5,0.5,0.5,0.3,0.83333,0.6,1.0,1.0,1.0,1.0
5.0,1.0,1.0,1.0,1.0,0.75,0.8,0.05142,0.8,0.1,0.0,0.0,0.5,0.0,0.46,0.0,0.81756,0.0,0.87368,1.0,1.0,1.0,0.7,0.0,0.21964,0.30505,0.0,1.0,0.97706,0.83333,0.0,0.95766,0.94737,0.47368,0.5,1.0,1.0,0.5,0.5,0.5,1.0,1.0,0.5,0.5,0.5,0.0,0.0,1.0,1.0,1.0,0.5,0.5,0.5,0.25,0.66667,0.75,1.0,1.0,0.5,1.0
6.0,0.5,0.5,0.5,0.5,0.5,0.5,0.0465,0.2,0.1,0.0,0.0,0.5,0.0,0.46,0.0,0.81756,0.0,0.87368,1.0,1.0,1.0,0.5,0.0,0.21712,0.34463,0.0,0.95035,0.90954,0.0,0.0,0.93732,0.94737,0.5,0.8,1.0,1.0,0.5,0.5,0.5,1.0,1.0,0.5,0.5,0.5,0.0,0.0,1.0,1.0,1.0,0.5,0.5,0.2,0.3,1.0,0.2,1.0,1.0,0.8,0.5
2.0,1.0,0.5,1.0,0.5,0.35,0.5,0.04818,0.35,0.1,0.0,0.0,0.5,1.0,0.46,0.0,0.81756,0.0,0.87368,1.0,1.0,1.0,0.87368,0.0,0.45015,0.81846,0.0,0.91398,0.77537,0.0,0.0,0.91691,1.0,1.0,0.8,1.0,1.0,0.5,0.5,0.5,1.0,1.0,0.5,0.5,0.5,0.0,0.0,1.0,1.0,1.0,0.5,0.5,0.2,0.35,1.0,0.5,1.0,1.0,0.66667,1.0
6.0,0.5,0.5,0.5,0.5,0.5,0.5,0.04847,0.4,0.1,0.0,0.0,0.5,0.0,0.46,0.0,0.81756,0.0,0.87368,1.0,1.0,1.0,0.5,0.0,0.34309,0.54458,0.0,0.9195,0.78006,0.16667,0.0,0.91691,1.0,0.5,0.8,1.0,1.0,0.5,0.5,0.5,1.0,1.0,0.5,0.5,0.5,0.0,0.0,1.0,1.0,1.0,0.5,0.5,0.2,0.35,1.0,0.5,1.0,1.0,0.83333,0.5
5.0,1.0,0.5,1.0,0.5,0.65,0.5,0.05048,0.65,0.1,0.0,0.0,0.5,1.0,0.46,0.0,0.81756,0.0,0.87368,1.0,1.0,1.0,0.87368,0.0,0.16623,0.23088,0.0,1.0,0.98738,0.8,0.0,0.95596,1.0,1.0,0.5,1.0,1.0,0.5,0.5,0.5,1.0,1.0,0.5,0.5,0.5,0.0,0.0,1.0,1.0,1.0,0.5,0.5,0.5,0.3,1.0,0.6,1.0,1.0,0.6,1.0
4.0,0.5,0.5,0.5,0.5,0.5,0.5,0.05325,0.9,0.1,0.0,0.0,0.5,0.0,0.46,0.0,0.81756,0.0,0.87368,1.0,1.0,1.0,0.5,0.0,0.85107,1.0,0.0,1.0,0.85694,0.66667,0.0,0.91691,1.0,0.5,0.7,1.0,1.0,0.5,0.5,0.5,1.0,1.0,0.5,0.5,0.5,0.0,0.0,1.0,1.0,1.0,0.5,0.5,0.3,0.25,0.66667,0.75,1.0,1.0,0.33333,0.5
5.0,1.0,1.0,1.0,1.0,0.85,0.7,0.05112,0.7,0.1,0.0,0.0,0.5,0.0,0.46,0.0,0.81756,0.0,0.87368,1.0,1.0,1.0,0.7,0.0,0.16623,0.23088,0.0,1.0,1.0,1.0,0.0,0.93732,0.94737,0.31579,0.5,1.0,1.0,0.5,0.5,0.5,1.0,1.0,0.5,0.5,0.5,0.0,0.0,1.0,1.0,1.0,0.5,0.5,0.5,0.3,1.0,0.6,1.0,1.0,0.8,1.0
2.0,1.0,0.5,0.0,0.5,0.5,0.5,0.04882,0.5,0.1,0.0,0.0,0.5,1.0,0.46,0.0,0.81756,0.0,0.87368,1.0,1.0,1.0,0.87368,1.0,0.76631,1.0,0.05263,0.99967,0.91678,0.57143,0.0,0.90253,1.0,0.78947,0.8,1.0,1.0,0.5,0.5,0.5,1.0,1.0,0.5,0.5,0.5,0.0,0.0,1.0,1.0,1.0,0.5,0.5,0.2,0.35,0.85714,0.66667,1.0,1.0,0.42857,1.0
5.0,1.0,1.0,1.0,0.0,0.75,0.25,0.04755,0.25,0.1,0.0,0.0,0.5,0.0,0.46,0.0,0.81756,0.0,0.87368,1.0,1.0,1.0,0.7,0.0,0.16623,0.23088,0.0,0.97178,0.93005,0.2,0.0,0.95376,0.94737,0.42105,0.5,1.0,1.0,0.5,0.5,0.5,1.0,1.0,0.5,0.5,0.5,0.0,0.0,1.0,1.0,1.0,0.5,0.5,0.5,0.3,1.0,0.8,1.0,1.0,1.0,1.0
6.0,0.0,0.5,0.0,0.5,0.1,0.5,0.04546,0.1,0.1,0.0,0.0,0.5,1.0,0.46,0.0,0.81756,0.0,0.87368,1.0,1.0,1.0,0.87368,0.0,0.09177,0.14567,0.15789,0.95273,0.8637,0.33333,0.0,0.92218,1.0,0.94737,0.8,1.0,1.0,0.5,0.5,0.5,1.0,1.0,0.5,0.5,0.5,0.0,0.0,1.0,1.0,1.0,0.5,0.5,0.2,0.2,1.0,0.0,1.0,1.0,1.0,1.0
6.0,0.0,0.5,0.0,0.5,0.05,0.5,0.04303,0.05,0.13333,0.0,0.0,0.5,1.0,0.3375,0.0,0.81208,0.0,1.0,1.0,1.0,1.0,1.0,0.0,0.28575,0.45358,0.0,0.89434,0.78485,0.0,0.0,0.93511,1.0,1.0,0.8,1.0,1.0,0.5,0.5,0.5,1.0,1.0,0.5,0.5,0.5,0.0,0.0,1.0,1.0,1.0,0.5,0.5,0.2,0.35,1.0,0.33333,1.0,1.0,1.0,1.0
5.0,1.0,0.5,0.0,0.5,1.0,0.5,0.06143,1.0,0.13333,0.0,0.0,0.5,1.0,0.3375,0.0,0.81208,0.0,1.0,1.0,1.0,1.0,1.0,1.0,0.26529,0.36846,0.0,1.0,1.0,1.0,0.0,0.94267,1.0,1.0,0.5,1.0,1.0,0.5,0.5,0.5,1.0,1.0,0.5,0.5,0.5,0.0,0.0,1.0,1.0,1.0,0.5,0.5,0.5,0.35,1.0,1.0,1.0,1.0,1.0,1.0
5.0,1.0,0.5,1.0,0.5,0.9,0.5,0.05545,0.9,0.13333,0.0,0.0,0.5,1.0,0.3375,0.0,0.81208,0.0,1.0,1.0,1.0,1.0,1.0,1.0,0.26529,0.36846,0.0,1.0,0.90263,0.66667,0.0,0.93517,1.0,1.0,0.5,1.0,1.0,0.5,0.5,0.5,1.0,1.0,0.5,0.5,0.5,0.0,0.0,1.0,1.0,1.0,0.5,0.5,0.5,0.35,1.0,1.0,1.0,1.0,1.0,1.0
5.0,1.0,0.5,1.0,0.5,0.85,0.5,0.05482,0.85,0.13333,0.0,0.0,0.5,1.0,0.3375,0.0,0.81208,0.0,1.0,1.0,1.0,1.0,1.0,0.0,0.21878,0.30386,0.0,1.0,1.0,1.0,0.0,0.97618,1.0,1.0,0.5,1.0,1.0,0.5,0.5,0.5,1.0,1.0,0.5,0.5,0.5,0.0,0.0,1.0,1.0,1.0,0.5,0.5,0.5,0.3,0.83333,1.0,1.0,1.0,1.0,1.0
6.0,1.0,0.5,0.0,0.5,0.15,0.5,0.04435,0.15,0.13333,0.0,0.0,0.5,1.0,0.3375,0.0,0.81208,0.0,1.0,1.0,1.0,1.0,1.0,1.0,0.28575,0.45358,0.0,0.92185,0.809,0.16667,0.0,0.93511,1.0,0.84211,0.8,1.0,1.0,0.5,0.5,0.5,1.0,1.0,0.5,0.5,0.5,0.0,0.0,1.0,1.0,1.0,0.5,0.5,0.2,0.35,1.0,0.66667,1.0,1.0,0.5,1.0
5.0,1.0,0.5,1.0,0.5,0.95,0.5,0.05937,0.95,0.13333,0.0,0.0,0.5,1.0,0.3375,0.0,0.81208,0.0,1.0,1.0,1.0,1.0,1.0,1.0,0.26529,0.36846,0.0,1.0,0.96645,0.83333,0.0,0.94042,1.0,1.0,0.5,1.0,1.0,0.5,0.5,0.5,1.0,1.0,0.5,0.5,0.5,0.0,0.0,1.0,1.0,1.0,0.5,0.5,0.5,0.35,1.0,1.0,1.0,1.0,1.0,1.0
5.0,1.0,0.5,0.0,0.5,0.45,0.5,0.04771,0.45,0.13333,0.0,0.0,0.5,1.0,0.3375,0.0,0.81208,0.0,1.0,1.0,1.0,1.0,1.0,0.0,0.1649,0.22903,0.0,0.97902,0.8904,0.6,0.0,0.95316,1.0,1.0,0.5,1.0,1.0,0.5,0.5,0.5,1.0,1.0,0.5,0.5,0.5,0.0,0.0,1.0,1.0,1.0,0.5,0.5,0.5,0.25,0.8,0.75,1.0,1.0,0.8,1.0
5.0,1.0,1.0,0.0,0.0,0.375,0.45,0.04661,0.35,0.13333,0.0,0.0,0.5,0.0,0.3375,0.0,0.81208,0.0,1.0,1.0,1.0,1.0,0.7,0.0,0.1649,0.22903,0.0,0.95643,0.86984,0.2,0.0,0.94451,0.94737,0.52632,0.5,1.0,1.0,0.5,0.5,0.5,1.0,1.0,0.5,0.5,0.5,0.0,0.0,1.0,1.0,1.0,0.5,0.5,0.5,0.25,0.8,0.25,1.0,1.0,0.8,1.0
5.0,1.0,0.5,1.0,0.5,0.55,0.5,0.05112,0.55,0.13333,0.0,0.0,0.5,1.0,0.3375,0.0,0.81208,0.0,1.0,1.0,1.0,1.0,1.0,1.0,0.26529,0.36846,0.0,0.96485,0.83204,0.33333,0.0,0.91051,1.0,1.0,0.5,1.0,1.0,0.5,0.5,0.5,1.0,1.0,0.5,0.5,0.5,0.0,0.0,1.0,1.0,1.0,0.5,0.5,0.5,0.35,1.0,0.66667,1.0,1.0,1.0,1.0
5.0,1.0,0.5,1.0,0.5,0.75,0.5,0.05282,0.75,0.13333,0.0,0.0,0.5,1.0,0.3375,0.0,0.81208,0.0,1.0,1.0,1.0,1.0,1.0,0.0,0.21878,0.30386,0.0,1.0,0.96344,0.83333,0.0,0.94933,1.0,1.0,0.5,1.0,1.0,0.5,0.5,0.5,1.0,1.0,0.5,0.5,0.5,0.0,0.0,1.0,1.0,1.0,0.5,0.5,0.5,0.35,1.0,0.83333,1.0,1.0,0.83333,1.0
5.0,1.0,0.5,1.0,0.5,0.6,0.5,0.05148,0.6,0.13333,0.0,0.0,0.5,1.0,0.3375,0.0,0.81208,0.0,1.0,1.0,1.0,1.0,1.0,0.0,0.21878,0.30386,0.0,1.0,0.93896,0.66667,0.0,0.94357,1.0,1.0,0.5,1.0,1.0,0.5,0.5,0.5,1.0,1.0,0.5,0.5,0.5,0.0,0.0,1.0,1.0,1.0,0.5,0.5,0.5,0.25,0.66667,0.75,1.0,1.0,0.66667,1.0
6.0,1.0,0.5,0.0,0.5,0.3,0.5,0.04613,0.3,0.13333,0.0,0.0,0.5,1.0,0.3375,0.0,0.81208,0.0,1.0,1.0,1.0,1.0,1.0,0.0,0.21539,0.34188,0.0,0.94654,0.86085,0.0,0.0,0.94451,1.0,1.0,0.8,1.0,1.0,0.5,0.5,0.5,1.0,1.0,0.5,0.5,0.5,0.0,0.0,1.0,1.0,1.0,0.5,0.5,0.2,0.3,1.0,0.4,1.0,1.0,1.0,1.0
5.0,0.0,1.0,0.0,0.0,0.1,0.35,0.0481,0.5,0.13333,0.0,0.0,0.5,0.0,0.3375,0.0,0.81208,0.0,1.0,1.0,1.0,1.0,0.7,1.0,0.26529,0.36846,0.0,0.90799,0.78301,0.16667,0.0,0.91051,1.0,0.57895,0.5,1.0,1.0,0.5,0.5,0.5,1.0,1.0,0.5,0.5,0.5,0.0,0.0,1.0,1.0,1.0,0.5,0.5,0.5,0.35,1.0,0.33333,1.0,1.0,1.0,1.0
5.0,1.0,0.0,0.0,0.0,0.4,0.1,0.0438,0.1,0.13333,0.0,0.0,0.5,0.0,0.3375,0.0,0.81208,0.0,1.0,1.0,1.0,1.0,0.87368,1.0,0.26529,0.36846,0.0,0.82678,0.71298,0.0,0.0,0.91051,1.0,1.0,0.5,1.0,1.0,0.5,0.5,0.5,1.0,1.0,0.5,0.5,0.5,0.0,0.0,1.0,1.0,1.0,0.5,0.5,0.5,0.3,0.83333,0.2,1.0,1.0,1.0,1.0
5.0,1.0,0.5,1.0,0.5,0.65,0.5,0.05151,0.65,0.13333,0.0,0.0,0.5,1.0,0.3375,0.0,0.81208,0.0,1.0,1.0,1.0,1.0,1.0,0.0,0.1649,0.22903,0.0,1.0,0.96137,0.8,0.0,0.96652,1.0,1.0,0.5,1.0,1.0,0.5,0.5,0.5,1.0,1.0,0.5,0.5,0.5,0.0,0.0,1.0,1.0,1.0,0.5,0.5,0.5,0.3,1.0,1.0,1.0,1.0,1.0,1.0
4.0,1.0,0.5,0.0,0.5,0.7,0.5,0.05157,0.7,0.13333,0.0,0.0,0.5,1.0,0.3375,0.0,0.81208,0.0,1.0,1.0,1.0,1.0,1.0,1.0,0.85955,1.0,0.0,0.97334,0.83936,0.5,0.0,0.91051,1.0,1.0,0.7,1.0,1.0,0.5,0.5,0.5,1.0,1.0,0.5,0.5,0.5,0.0,0.0,1.0,1.0,1.0,0.5,0.5,0.3,0.35,1.0,0.16667,1.0,1.0,0.66667,1.0
5.0,1.0,0.5,1.0,0.5,0.8,0.5,0.05358,0.8,0.13333,0.0,0.0,0.5,1.0,0.3375,0.0,0.81208,0.0,1.0,1.0,1.0,1.0,1.0,0.0,0.1649,0.22903,0.0,1.0,1.0,1.0,0.0,0.95758,1.0,1.0,0.5,1.0,1.0,0.5,0.5,0.5,1.0,1.0,0.5,0.5,0.5,0.0,0.0,1.0,1.0,1.0,0.5,0.5,0.5,0.3,1.0,1.0,1.0,1.0,1.0,1.0
5.0,1.0,1.0,0.0,0.0,0.375,0.5,0.04533,0.25,0.13333,0.0,0.0,0.5,0.0,0.3375,0.0,0.81208,0.0,1.0,1.0,1.0,1.0,0.7,0.0,0.21878,0.30386,0.0,0.94218,0.82684,0.5,0.0,0.93511,1.0,0.57895,0.5,1.0,1.0,0.5,0.5,0.5,1.0,1.0,0.5,0.5,0.5,0.0,0.0,1.0,1.0,1.0,0.5,0.5,0.5,0.3,0.83333,0.4,1.0,1.0,0.83333,1.0
4.0,0.5,0.5,0.5,0.5,0.5,0.5,0.04685,0.4,0.13333,0.0,0.0,0.5,0.0,0.3375,0.0,0.81208,0.0,1.0,1.0,1.0,1.0,0.5,0.0,0.53429,1.0,0.0,0.96141,0.87437,0.4,0.0,0.95514,1.0,0.5,0.7,1.0,1.0,0.5,0.5,0.5,1.0,1.0,0.5,0.5,0.5,0.0,0.0,1.0,1.0,1.0,0.5,0.5,0.3,0.3,1.0,1.0,1.0,1.0,1.0,0.5
6.0,1.0,0.5,0.0,0.5,0.2,0.5,0.04495,0.2,0.13333,0.0,0.0,0.5,1.0,0.3375,0.0,0.81208,0.0,1.0,1.0,1.0,1.0,1.0,1.0,0.28575,0.45358,0.0,0.93435,0.81996,0.33333,0.0,0.93511,1.0,0.84211,0.8,1.0,1.0,0.5,0.5,0.5,1.0,1.0,0.5,0.5,0.5,0.0,0.0,1.0,1.0,1.0,0.5,0.5,0.2,0.35,1.0,0.66667,1.0,1.0,0.5,1.0
6.0,1.0,0.5,0.0,0.5,0.05,0.5,0.04288,0.05,0.16667,0.0,0.0,0.5,1.0,0.335,0.0,0.84634,0.0,1.0,1.0,1.0,1.0,1.0,1.0,0.28734,0.45609,0.0,0.88891,0.79109,0.0,0.0,0.93728,1.0,1.0,0.8,1.0,1.0,0.5,0.5,0.5,1.0,1.0,0.5,0.5,0.5,0.0,0.0,1.0,1.0,1.0,0.5,0.5,0.2,0.35,1.0,0.33333,1.0,1.0,1.0,1.0
1.0,0.5,0.5,0.5,0.5,0.5,0.5,0.05836,1.0,0.16667,0.0,0.0,0.5,0.0,0.335,0.0,0.84634,0.0,1.0,1.0,1.0,1.0,0.5,0.0,0.27927,0.39896,0.0,1.0,1.0,1.0,0.0,0.94957,1.0,0.5,0.8,1.0,1.0,0.5,0.5,0.5,1.0,1.0,0.5,0.5,0.5,0.0,0.0,1.0,1.0,1.0,0.5,0.5,0.2,0.35,1.0,0.83333,1.0,1.0,1.0,0.5
5.0,1.0,0.5,1.0,0.5,0.9,0.5,0.05576,0.9,0.16667,0.0,0.0,0.5,1.0,0.335,0.0,0.84634,0.0,1.0,1.0,1.0,1.0,1.0,0.0,0.26397,0.36663,0.0,1.0,0.95554,0.66667,0.0,0.95309,1.0,1.0,0.5,1.0,1.0,0.5,0.5,0.5,1.0,1.0,0.5,0.5,0.5,0.14596,0.0,0.5,1.0,1.0,0.5,0.5,1.0,0.05,0.0,1.0,1.0,1.0,1.0,1.0
5.0,1.0,0.5,0.0,0.5,0.85,0.5,0.05421,0.85,0.16667,0.0,0.0,0.5,1.0,0.335,0.0,0.84634,0.0,1.0,1.0,1.0,1.0,1.0,1.0,0.21999,0.30555,0.0,1.0,1.0,1.0,0.0,0.97213,1.0,1.0,0.5,1.0,1.0,0.5,0.5,0.5,1.0,1.0,0.5,0.5,0.5,0.0,0.0,1.0,1.0,1.0,0.5,0.5,0.5,0.3,0.83333,1.0,1.0,1.0,0.83333,1.0
6.0,1.0,0.5,0.0,0.5,0.1,0.5,0.04324,0.1,0.16667,0.0,0.0,0.5,1.0,0.335,0.0,0.84634,0.0,1.0,1.0,1.0,1.0,1.0,1.0,0.28734,0.45609,0.0,0.8963,0.79767,0.16667,0.0,0.93728,1.0,1.0,0.8,1.0,1.0,0.5,0.5,0.5,1.0,1.0,0.5,0.5,0.5,0.0,0.0,1.0,1.0,1.0,0.5,0.5,0.2,0.35,1.0,0.33333,1.0,1.0,1.0,1.0
5.0,1.0,0.5,0.0,0.5,0.95,0.5,0.05796,0.95,0.16667,0.0,0.0,0.5,1.0,0.335,0.0,0.84634,0.0,1.0,1.0,1.0,1.0,1.0,0.0,0.26397,0.36663,0.0,1.0,0.99325,0.83333,0.0,0.95349,1.0,1.0,0.5,1.0,1.0,0.5,0.5,0.5,1.0,1.0,0.5,0.5,0.5,0.15494,0.0,0.5,1.0,1.0,0.5,0.5,1.0,0.05,0.0,1.0,1.0,1.0,1.0,1.0
6.0,0.5,0.5,0.5,0.5,0.5,0.5,0.04673,0.3,0.16667,0.0,0.0,0.5,0.0,0.335,0.0,0.84634,0.0,1.0,1.0,1.0,1.0,0.5,0.0,0.21537,0.34186,0.0,0.95898,0.86525,0.2,0.0,0.96184,1.0,0.5,0.8,1.0,1.0,0.5,0.5,0.5,1.0,1.0,0.5,0.5,0.5,0.0,0.0,1.0,1.0,1.0,0.5,0.5,0.2,0.3,1.0,0.8,1.0,1.0,0.8,0.5
4.0,0.5,0.5,0.5,0.5,0.5,0.5,0.0484,0.45,0.16667,0.0,0.0,0.5,0.0,0.335,0.0,0.84634,0.0,1.0,1.0,1.0,1.0,0.5,0.0,0.53425,1.0,0.0,0.99336,0.89627,0.6,0.0,0.96071,1.0,0.5,0.7,1.0,1.0,0.5,0.5,0.5,1.0,1.0,0.5,0.5,0.5,0.0,0.0,1.0,1.0,1.0,0.5,0.5,0.3,0.25,0.8,1.0,1.0,1.0,0.8,0.5
5.0,1.0,0.5,1.0,0.5,0.65,0.5,0.05229,0.65,0.16667,0.0,0.0,0.5,1.0,0.335,0.0,0.84634,0.0,1.0,1.0,1.0,1.0,1.0,0.0,0.26397,0.36663,0.0,0.98945,0.89603,0.5,0.0,0.92894,1.0,1.0,0.5,1.0,1.0,0.5,0.5,0.5,1.0,1.0,0.5,0.5,0.5,0.0,0.0,1.0,1.0,1.0,0.5,0.5,0.5,0.35,1.0,0.83333,1.0,1.0,1.0,1.0
5.0,1.0,0.5,1.0,0.5,0.75,0.5,0.05336,0.75,0.16667,0.0,0.0,0.5,1.0,0.335,0.0,0.84634,0.0,1.0,1.0,1.0,1.0,1.0,1.0,0.21999,0.30555,0.0,1.0,0.9843,0.83333,0.0,0.95318,1.0,1.0,0.5,1.0,1.0,0.5,0.5,0.5,1.0,1.0,0.5,0.5,0.5,0.0,0.0,1.0,1.0,1.0,0.5,0.5,0.5,0.35,1.0,1.0,1.0,1.0,1.0,1.0
5.0,1.0,0.5,1.0,0.5,0.7,0.5,0.05266,0.7,0.16667,0.0,0.0,0.5,1.0,0.335,0.0,0.84634,0.0,1.0,1.0,1.0,1.0,1.0,1.0,0.21999,0.30555,0.0,1.0,0.97137,0.66667,0.0,0.94808,1.0,1.0,0.5,1.0,1.0,0.5,0.5,0.5,1.0,1.0,0.5,0.5,0.5,0.0,0.0,1.0,1.0,1.0,0.5,0.5,0.5,0.35,1.0,0.83333,1.0,1.0,0.66667,1.0
6.0,1.0,0.5,1.0,0.5,0.35,0.5,0.04692,0.35,0.16667,0.0,0.0,0.5,1.0,0.335,0.0,0.84634,0.0,1.0,1.0,1.0,1.0,1.0,0.0,0.21537,0.34186,0.0,0.96293,0.86881,0.4,0.0,0.96071,1.0,1.0,0.8,1.0,1.0,0.5,0.5,0.5,1.0,1.0,0.5,0.5,0.5,0.0,0.0,1.0,1.0,1.0,0.5,0.5,0.2,0.3,1.0,0.4,1.0,1.0,1.0,1.0
5.0,1.0,0.5,1.0,0.5,0.55,0.5,0.05055,0.55,0.16667,0.0,0.0,0.5,1.0,0.335,0.0,0.84634,0.0,1.0,1.0,1.0,1.0,1.0,0.0,0.26397,0.36663,0.0,0.95649,0.86619,0.33333,0.0,0.92894,1.0,1.0,0.5,1.0,1.0,0.5,0.5,0.5,1.0,1.0,0.5,0.5,0.5,0.0,0.0,1.0,1.0,1.0,0.5,0.5,0.5,0.35,1.0,0.83333,1.0,1.0,1.0,1.0
5.0,1.0,0.5,1.0,0.5,0.25,0.5,0.04505,0.25,0.16667,0.0,0.0,0.5,1.0,0.335,0.0,0.84634,0.0,1.0,1.0,1.0,1.0,1.0,0.0,0.26397,0.36663,0.0,0.85256,0.77207,0.0,0.0,0.92894,1.0,1.0,0.5,1.0,1.0,0.5,0.5,0.5,1.0,1.0,0.5,0.5,0.5,0.1055,0.0,0.5,1.0,1.0,0.5,0.5,1.0,0.05,0.0,1.0,1.0,1.0,0.83333,1.0
5.0,1.0,0.5,1.0,0.5,0.6,0.5,0.05221,0.6,0.16667,0.0,0.0,0.5,1.0,0.335,0.0,0.84634,0.0,1.0,1.0,1.0,1.0,1.0,0.0,0.16489,0.22902,0.0,1.0,0.96679,0.8,0.0,0.98277,1.0,1.0,0.5,1.0,1.0,0.5,0.5,0.5,1.0,1.0,0.5,0.5,0.5,0.0,0.0,1.0,1.0,1.0,0.5,0.5,0.5,0.3,1.0,1.0,1.0,1.0,1.0,1.0
2.0,1.0,1.0,1.0,1.0,0.9,0.7,0.04995,0.5,0.16667,0.0,0.0,0.5,0.0,0.335,0.0,0.84634,0.0,1.0,1.0,1.0,1.0,0.87368,0.0,0.45238,0.82251,0.0,0.94528,0.85603,0.16667,0.0,0.92894,1.0,1.0,0.8,1.0,1.0,0.5,0.5,0.5,1.0,1.0,0.5,0.5,0.5,0.0,0.0,1.0,1.0,1.0,0.5,0.5,0.45,0.1,0.16667,0.0,1.0,1.0,1.0,1.0
5.0,1.0,0.5,1.0,0.5,0.8,0.5,0.05401,0.8,0.16667,0.0,0.0,0.5,1.0,0.335,0.0,0.84634,0.0,1.0,1.0,1.0,1.0,1.0,0.0,0.16489,0.22902,0.0,1.0,1.0,1.0,0.0,0.97641,1.0,1.0,0.5,1.0,1.0,0.5,0.5,0.5,1.0,1.0,0.5,0.5,0.5,0.0,0.0,1.0,1.0,1.0,0.5,0.5,0.5,0.3,1.0,1.0,1.0,1.0,1.0,1.0
5.0,1.0,0.5,1.0,0.5,0.4,0.5,0.04789,0.4,0.16667,0.0,0.0,0.5,1.0,0.335,0.0,0.84634,0.0,1.0,1.0,1.0,1.0,1.0,1.0,0.21999,0.30555,0.0,0.99275,0.8835,0.5,0.0,0.93728,1.0,1.0,0.5,1.0,1.0,0.5,0.5,0.5,1.0,1.0,0.5,0.5,0.5,0.0,0.0,1.0,1.0,1.0,0.5,0.5,0.5,0.3,0.83333,0.8,1.0,1.0,0.83333,1.0
1.0,0.5,0.5,0.5,0.5,0.5,0.5,0.04409,0.2,0.16667,0.0,0.0,0.5,0.0,0.335,0.0,0.84634,0.0,1.0,1.0,1.0,1.0,0.5,0.0,0.17445,0.24921,0.0,0.90488,0.81644,0.0,0.0,0.96071,1.0,0.5,0.8,1.0,1.0,0.5,0.5,0.5,1.0,1.0,0.5,0.5,0.5,0.0,0.0,1.0,1.0,1.0,0.5,0.5,0.2,0.3,1.0,0.0,1.0,1.0,1.0,0.5
2.0,0.5,0.5,0.5,0.5,0.5,0.5,0.04346,0.15,0.16667,0.0,0.0,0.5,0.0,0.335,0.0,0.84634,0.0,1.0,1.0,1.0,1.0,0.5,1.0,0.37701,0.68547,0.0,0.90091,0.80177,0.33333,0.0,0.93728,1.0,0.5,0.8,1.0,1.0,0.5,0.5,0.5,1.0,1.0,0.5,0.5,0.5,0.0,0.0,1.0,1.0,1.0,0.5,0.5,0.2,0.2,0.5,0.66667,1.0,1.0,1.0,0.5
6.0,0.0,0.5,0.0,0.5,0.05,0.5,0.03518,0.05,0.2,0.0,0.0,0.5,1.0,0.3225,0.0075,0.79521,0.0,1.0,1.0,1.0,1.0,1.0,0.0,0.26655,0.4231,0.0,0.75721,0.6591,0.0,0.0,0.94962,1.0,1.0,0.275,0.9,0.88099,0.16651,0.16651,0.16651,1.0,1.0,0.5,0.5,0.5,0.0,0.0,1.0,1.0,1.0,0.5,0.5,0.725,0.35,1.0,0.5,1.0,1.0,1.0,1.0
1.0,0.0,0.5,0.0,0.5,0.55,0.5,0.05038,0.55,0.2,0.0,0.0,0.5,1.0,0.3225,0.0075,0.38183,0.0,1.0,1.0,1.0,1.0,1.0,1.0,0.97229,1.0,0.31579,0.97068,0.80919,0.5,0.0,0.94418,1.0,0.68421,0.8,1.0,1.0,0.5,0.5,0.5,1.0,1.0,0.5,0.5,0.5,0.0,0.0,1.0,1.0,1.0,0.5,0.5,0.2,0.6,0.91667,0.36364,0.72727,1.0,0.5,1.0
6.0,1.0,1.0,1.0,1.0,0.75,0.9,0.06003,0.95,0.2,0.0,0.0,0.5,0.0,0.3225,0.0075,0.79521,0.0,1.0,1.0,1.0,1.0,0.87368,1.0,0.35441,0.56255,0.0,1.0,0.96409,0.83333,0.0,0.96717,0.94737,1.0,0.8,1.0,1.0,0.5,0.5,0.5,1.0,1.0,0.5,0.5,0.5,0.0,0.0,1.0,1.0,1.0,0.71165,0.51343,0.2,0.35,1.0,1.0,0.66667,1.0,0.0,1.0
5.0,0.0,0.5,0.0,0.5,0.65,0.5,0.0526,0.65,0.2,0.0,0.0,0.5,1.0,0.3225,0.0075,0.68699,0.0,1.0,1.0,1.0,1.0,1.0,1.0,0.652,0.90555,0.05263,1.0,0.98541,0.71429,0.0,0.92219,1.0,0.94737,0.475,1.0,1.0,0.5,0.5,0.5,1.0,1.0,0.5,0.5,0.5,0.0,0.0,1.0,1.0,1.0,0.5,0.5,0.525,0.35,0.85714,0.83333,1.0,1.0,0.71429,1.0
5.0,1.0,0.0,0.0,0.0,0.25,0.05,0.03733,0.1,0.2,0.0,0.0,0.5,0.0,0.3225,0.0075,0.68699,0.0,1.0,1.0,1.0,1.0,0.7,1.0,0.65049,0.90346,0.05263,0.79996,0.6993,0.14286,0.0,0.87756,0.94737,0.52632,0.325,0.95,0.93997,0.31018,0.5,0.77546,1.0,1.0,0.5,0.5,0.5,0.0,0.0,1.0,1.0,1.0,0.5,0.5,0.675,0.3,0.71429,0.6,1.0,1.0,0.85714,1.0
5.0,1.0,0.5,1.0,0.5,1.0,0.5,0.06226,1.0,0.2,0.0,0.0,0.5,1.0,0.3225,0.0075,0.68699,0.0,1.0,1.0,1.0,1.0,1.0,1.0,0.68276,0.94828,0.05263,1.0,1.0,1.0,0.0,0.96426,1.0,0.94737,0.5,1.0,1.0,0.5,0.5,0.5,1.0,1.0,0.90124,0.57089,0.5,0.16164,0.0779,0.5,1.0,1.0,0.90124,0.57089,1.0,0.05,0.0,1.0,0.0,1.0,0.0,1.0
5.0,1.0,0.0,0.0,0.0,0.3,0.25,0.04458,0.25,0.2,0.0,0.0,0.5,0.0,0.3225,0.0075,0.68699,0.0,1.0,1.0,1.0,1.0,1.0,1.0,0.17325,0.24062,0.0,0.89261,0.79158,0.2,0.0,0.95713,1.0,1.0,0.5,1.0,1.0,0.5,0.5,0.5,1.0,1.0,0.5,0.5,0.5,0.0,0.0,1.0,1.0,1.0,0.5,0.5,0.5,0.25,0.8,0.5,1.0,1.0,1.0,1.0
4.0,1.0,0.5,1.0,0.5,0.6,0.5,0.05129,0.6,0.2,0.0,0.0,0.5,1.0,0.3225,0.0075,0.38183,0.0,1.0,1.0,1.0,1.0,1.0,1.0,0.88901,1.0,0.05263,1.0,0.91071,0.66667,0.0,0.95874,1.0,0.94737,0.7,1.0,1.0,0.5,0.5,0.5,1.0,1.0,0.5,0.5,0.5,0.0,0.0,1.0,1.0,1.0,0.5,0.5,0.3,0.3,0.83333,1.0,1.0,1.0,0.66667,1.0
5.0,0.0,0.5,0.0,0.5,0.45,0.5,0.04955,0.45,0.2,0.0,0.0,0.5,1.0,0.3225,0.0075,0.68699,0.0,1.0,1.0,1.0,1.0,1.0,1.0,0.68276,0.94828,0.05263,0.9447,0.7959,0.42857,0.0,0.94047,1.0,0.94737,0.5,1.0,1.0,0.5,0.5,0.5,1.0,1.0,0.5,0.5,0.5,0.13881,0.0,0.5,1.0,1.0,0.5,0.5,1.0,0.05,0.0,1.0,1.0,1.0,0.85714,1.0
5.0,1.0,0.5,0.0,0.5,0.7,0.5,0.05291,0.7,0.2,0.0,0.0,0.5,1.0,0.3225,0.0075,0.68699,0.0,1.0,1.0,1.0,1.0,1.0,1.0,0.65049,0.90346,0.05263,1.0,0.99118,0.85714,0.0,0.88933,1.0,0.94737,0.475,1.0,1.0,0.5,0.5,0.5,1.0,1.0,0.5,0.5,0.5,0.0,0.0,1.0,1.0,1.0,0.5,0.5,0.525,0.35,0.85714,0.83333,1.0,1.0,0.85714,1.0
5.0,1.0,0.5,1.0,0.5,0.75,0.5,0.05338,0.75,0.2,0.0,0.0,0.5,1.0,0.3225,0.0075,0.68699,0.0,1.0,1.0,1.0,1.0,1.0,1.0,0.652,0.90555,0.05263,1.0,1.0,1.0,0.0,0.91188,1.0,0.94737,0.475,1.0,1.0,0.5,0.5,0.5,1.0,1.0,0.5,0.5,0.5,0.0,0.0,1.0,1.0,1.0,0.5,0.5,0.525,0.35,0.85714,0.66667,1.0,1.0,0.85714,1.0
6.0,1.0,0.5,1.0,0.5,0.4,0.5,0.04825,0.4,0.2,0.0,0.0,0.5,1.0,0.3225,0.0075,0.79521,0.0,1.0,1.0,1.0,1.0,1.0,1.0,0.22628,0.35918,0.0,0.96601,0.85667,0.4,0.0,0.95713,1.0,1.0,0.8,1.0,1.0,0.5,0.5,0.5,1.0,1.0,0.5,0.5,0.5,0.0,0.0,1.0,1.0,1.0,0.5,0.5,0.2,0.3,1.0,0.6,1.0,1.0,1.0,1.0
5.0,0.0,0.5,0.0,0.5,0.3,0.5,0.04803,0.3,0.2,0.0,0.0,0.5,1.0,0.3225,0.0075,0.68699,0.0,1.0,1.0,1.0,1.0,1.0,1.0,0.68243,0.94782,0.05263,0.91627,0.77137,0.14286,0.0,0.94278,1.0,0.94737,0.5,1.0,1.0,0.5,0.5,0.5,1.0,1.0,0.5,0.5,0.5,0.13408,0.0,0.5,1.0,1.0,0.5,0.5,1.0,0.05,0.0,1.0,1.0,1.0,0.85714,1.0
5.0,1.0,0.5,1.0,0.5,0.9,0.5,0.05674,0.9,0.2,0.0,0.0,0.5,1.0,0.3225,0.0075,0.68699,0.0,1.0,1.0,1.0,1.0,1.0,1.0,0.69123,0.96004,0.05263,1.0,0.91138,0.71429,0.0,0.94998,1.0,0.94737,0.5,1.0,1.0,0.5,0.5,0.5,1.0,1.0,0.70054,0.57089,0.5,0.16854,0.0848,0.5,1.0,1.0,0.70054,0.57089,1.0,0.05,0.0,1.0,0.0,1.0,0.0,1.0
5.0,1.0,0.5,1.0,0.5,0.8,0.5,0.05537,0.8,0.2,0.0,0.0,0.5,1.0,0.3225,0.0075,0.68699,0.0,1.0,1.0,1.0,1.0,1.0,1.0,0.17325,0.24062,0.0,1.0,0.98303,0.8,0.0,0.98169,1.0,1.0,0.5,1.0,1.0,0.5,0.5,0.5,1.0,1.0,0.5,0.5,0.5,0.0,0.0,1.0,1.0,1.0,0.5,0.5,0.5,0.3,1.0,1.0,1.0,1.0,1.0,1.0
6.0,0.5,0.5,0.5,0.5,0.5,0.5,0.04806,0.35,0.2,0.0,0.0,0.5,0.0,0.3225,0.0075,0.79521,0.0,1.0,1.0,1.0,1.0,0.5,1.0,0.73275,1.0,0.05263,0.91779,0.77191,0.28571,0.0,0.94345,1.0,0.5,0.8,1.0,1.0,0.5,0.5,0.5,1.0,1.0,0.5,0.5,0.5,0.0,0.0,1.0,1.0,1.0,0.5,0.5,0.2,0.4,1.0,0.57143,0.57143,1.0,0.14286,0.5
5.0,1.0,0.5,1.0,0.5,0.85,0.5,0.05632,0.85,0.2,0.0,0.0,0.5,1.0,0.3225,0.0075,0.68699,0.0,1.0,1.0,1.0,1.0,1.0,1.0,0.17325,0.24062,0.0,1.0,1.0,1.0,0.0,0.97498,1.0,1.0,0.5,1.0,1.0,0.5,0.5,0.5,1.0,1.0,0.5,0.5,0.5,0.0,0.0,1.0,1.0,1.0,0.5,0.5,0.5,0.3,1.0,1.0,1.0,1.0,1.0,1.0
5.0,1.0,0.5,1.0,0.5,0.5,0.5,0.04958,0.5,0.2,0.0,0.0,0.5,1.0,0.3225,0.0075,0.68699,0.0,1.0,1.0,1.0,1.0,1.0,1.0,0.64699,0.89859,0.05263,1.0,0.92872,0.57143,0.0,0.95954,1.0,0.94737,0.425,1.0,1.0,0.5,0.5,0.5,1.0,1.0,0.5,0.5,0.5,0.0,0.0,1.0,1.0,1.0,0.5,0.5,0.575,0.3,0.71429,0.8,1.0,1.0,0.71429,1.0
1.0,1.0,0.5,0.0,0.5,0.15,0.5,0.04387,0.15,0.2,0.0,0.0,0.5,1.0,0.3225,0.0075,0.38183,0.0,1.0,1.0,1.0,1.0,1.0,1.0,0.64219,0.91742,0.05263,0.8793,0.77889,0.0,0.0,0.95874,1.0,0.94737,0.8,1.0,1.0,0.5,0.5,0.5,1.0,1.0,0.5,0.5,0.5,0.0,0.0,1.0,1.0,1.0,0.5,0.5,0.2,0.35,1.0,0.16667,1.0,1.0,0.83333,1.0
6.0,0.0,1.0,0.0,0.0,0.15,0.2,0.04427,0.2,0.2,0.0,0.0,0.5,0.0,0.3225,0.0075,0.79521,0.0,1.0,1.0,1.0,1.0,1.0,0.0,0.26655,0.4231,0.0,0.95277,0.82932,0.33333,0.0,0.94962,0.94737,1.0,0.125,1.0,1.0,0.5,0.5,0.5,1.0,1.0,0.5,0.5,0.5,0.0,0.0,1.0,1.0,1.0,0.5,0.5,0.875,0.3,0.83333,0.6,1.0,1.0,0.5,1.0
5.0,1.0,0.0,0.0,0.0,0.375,0.15,0.02946,0.05,0.23333,0.0,0.0,0.5,0.0,0.3,0.0175,0.8371,0.0,1.0,1.0,1.0,1.0,0.7,1.0,0.90288,1.0,0.31579,0.61463,0.50162,0.0,0.0,0.96765,0.68421,0.57895,0.25,0.9,0.89401,0.52283,0.5,0.41465,1.0,1.0,0.5,0.5,0.5,0.0,0.0,1.0,1.0,1.0,0.5,0.5,0.75,0.25,0.33333,0.75,1.0,1.0,0.5,1.0
5.0,0.0,0.0,0.0,0.0,1.0,0.55,0.04512,0.25,0.23333,0.0,0.0,0.5,0.0,0.3,0.0175,0.8371,0.0,1.0,1.0,1.0,0.81053,1.0,1.0,0.68674,0.9538,0.05263,0.85139,0.68281,0.14286,0.0,0.93617,0.68421,0.94737,0.5,1.0,1.0,0.5,0.5,0.5,1.0,1.0,0.5,0.5,0.5,0.12984,0.1607,0.5,1.0,1.0,0.5,0.5,1.0,0.05,0.0,1.0,1.0,1.0,0.85714,1.0
5.0,1.0,0.0,1.0,0.0,0.95,0.8,0.05368,0.8,0.23333,0.0,0.0,0.5,0.0,0.3,0.0175,0.8371,0.0,1.0,1.0,1.0,1.0,1.0,1.0,0.68674,0.9538,0.05263,1.0,0.81244,0.71429,0.0,0.95062,0.94737,0.94737,0.5,1.0,1.0,0.5,0.5,0.5,1.0,1.0,0.71165,0.51343,0.97311,0.1907,0.08524,0.5,1.0,1.0,0.71165,0.51343,1.0,0.05,0.0,1.0,0.0,1.0,0.85714,1.0
4.0,0.5,0.5,0.5,0.5,0.5,0.5,0.04978,0.5,0.23333,0.0,0.0,0.5,0.0,0.3,0.0175,0.68001,0.0,0.81053,1.0,0.81053,0.81053,0.5,0.0,0.77471,1.0,0.05263,1.0,0.94854,0.6,1.0,0.97133,0.89474,0.5,0.7,1.0,1.0,0.5,0.5,0.5,1.0,1.0,0.5,0.5,0.5,0.0,0.63088,1.0,1.0,1.0,0.5,0.5,0.3,0.3,1.0,0.4,1.0,1.0,1.0,0.5
4.0,0.5,0.5,0.5,0.5,0.5,0.5,0.0392,0.1,0.23333,0.0,0.0,0.5,0.0,0.3,0.0175,0.68001,0.0,0.81053,1.0,0.81053,0.81053,0.5,0.0,0.52224,1.0,0.57895,0.81375,0.747,0.0,0.0,0.96075,0.63158,0.5,0.7,1.0,1.0,0.5,0.5,0.5,1.0,1.0,0.5,0.5,0.5,0.0,1.0,1.0,1.0,1.0,0.5,0.5,0.3,0.2,0.6,1.0,1.0,1.0,0.8,0.5
5.0,1.0,0.5,1.0,0.5,1.0,0.5,0.06607,1.0,0.23333,0.0,0.0,0.5,1.0,0.3,0.0175,0.8371,0.0,1.0,1.0,1.0,1.0,1.0,1.0,0.68674,0.9538,0.05263,1.0,1.0,1.0,0.0,0.9656,1.0,0.89474,0.5,1.0,1.0,0.5,0.5,0.5,1.0,1.0,0.49105,0.43978,0.5,0.16578,0.06189,0.5,1.0,1.0,0.49105,0.43978,1.0,0.05,0.0,1.0,0.0,1.0,0.0,1.0
5.0,1.0,0.5,1.0,0.5,0.4,0.5,0.0484,0.4,0.23333,0.0,0.0,0.5,1.0,0.3,0.0175,0.8371,0.0,1.0,1.0,1.0,1.0,1.0,1.0,0.63402,0.88058,0.05263,0.96894,0.82413,0.5,0.0,0.90663,1.0,0.94737,0.5,1.0,1.0,0.5,0.5,0.5,1.0,1.0,0.5,0.5,0.5,0.0,0.0,1.0,1.0,1.0,0.5,0.5,0.5,0.3,0.83333,0.8,1.0,1.0,0.66667,1.0
5.0,1.0,1.0,1.0,1.0,0.45,0.6,0.04822,0.35,0.23333,0.0,0.0,0.5,0.0,0.3,0.0175,0.8371,0.0,1.0,1.0,1.0,0.81053,1.0,1.0,0.63402,0.88058,0.05263,0.96541,0.82113,0.33333,0.0,0.90663,0.84211,0.94737,0.5,0.95,0.93393,0.49431,0.5,0.82385,1.0,1.0,0.5,0.5,0.5,0.0,0.0,1.0,1.0,1.0,0.5,0.5,0.5,0.35,1.0,1.0,1.0,1.0,0.83333,1.0
6.0,0.5,0.5,0.5,0.5,0.5,0.5,0.05368,0.75,0.23333,0.0,0.0,0.5,0.0,0.3,0.0175,0.88024,0.0,1.0,1.0,1.0,1.0,0.5,1.0,0.35803,0.5683,0.0,0.99674,0.81239,0.5,0.0,0.92792,0.94737,0.5,0.8,1.0,1.0,0.5,0.5,0.5,1.0,1.0,0.5,0.5,0.5,0.0,0.0,1.0,1.0,1.0,0.53764,0.42837,0.2,0.35,1.0,0.66667,0.33333,1.0,0.0,0.5
4.0,0.5,0.5,0.5,0.5,0.5,0.5,0.05133,0.6,0.23333,0.0,0.0,0.5,0.0,0.3,0.0175,0.68001,0.0,0.81053,1.0,0.81053,0.81053,0.5,0.0,0.77471,1.0,0.05263,1.0,0.97811,0.8,1.0,0.96544,0.89474,0.5,0.7,1.0,1.0,0.5,0.5,0.5,1.0,1.0,0.5,0.5,0.5,0.0,0.47038,1.0,1.0,1.0,0.5,0.5,0.3,0.3,1.0,0.6,1.0,1.0,1.0,0.5
4.0,0.5,0.5,0.5,0.5,0.5,0.5,0.05248,0.7,0.23333,0.0,0.0,0.5,0.0,0.3,0.0175,0.68001,0.0,0.81053,1.0,0.81053,0.81053,0.5,0.0,0.78672,1.0,0.05263,1.0,1.0,1.0,0.0,0.88525,0.78947,0.5,0.7,1.0,1.0,0.5,0.5,0.5,1.0,1.0,0.5,0.5,0.5,0.0,0.40473,1.0,1.0,1.0,0.5,0.5,0.3,0.25,0.8,0.75,1.0,1.0,0.8,0.5
6.0,1.0,0.5,1.0,0.5,0.55,0.5,0.0508,0.55,0.23333,0.0,0.0,0.5,1.0,0.3,0.0175,0.88024,0.0,1.0,1.0,1.0,1.0,1.0,1.0,0.23363,0.37085,0.0,1.0,0.86506,0.6,0.0,0.95792,1.0,1.0,0.7,1.0,1.0,0.5,0.5,0.5,1.0,1.0,0.5,0.5,0.5,0.0,0.0,1.0,1.0,1.0,0.5,0.5,0.3,0.3,1.0,0.6,1.0,1.0,1.0,1.0
6.0,0.5,0.5,0.5,0.5,0.5,0.5,0.05232,0.65,0.23333,0.0,0.0,0.5,0.0,0.3,0.0175,0.88024,0.0,1.0,1.0,1.0,1.0,0.5,1.0,0.35803,0.5683,0.0,0.97151,0.79182,0.33333,0.0,0.92792,0.94737,0.5,0.8,1.0,1.0,0.5,0.5,0.5,1.0,1.0,0.5,0.5,0.5,0.0,0.0,1.0,1.0,1.0,0.52107,0.42837,0.2,0.35,1.0,0.66667,0.33333,1.0,0.0,0.5
5.0,1.0,0.5,1.0,0.5,0.95,0.5,0.06307,0.95,0.23333,0.0,0.0,0.5,1.0,0.3,0.0175,0.8371,0.0,1.0,1.0,1.0,1.0,1.0,0.0,0.68973,0.95796,0.05263,1.0,0.95462,0.85714,0.0,0.95577,1.0,1.0,0.5,1.0,1.0,0.5,0.5,0.5,1.0,1.0,0.71477,0.5138,0.5,0.1791,0.08557,0.5,1.0,1.0,0.71477,0.5138,1.0,0.05,0.0,1.0,0.0,1.0,0.0,1.0
5.0,1.0,0.5,1.0,0.5,0.85,0.5,0.05849,0.85,0.23333,0.0,0.0,0.5,1.0,0.3,0.0175,0.8371,0.0,1.0,1.0,1.0,1.0,1.0,1.0,0.90419,1.0,0.36842,1.0,0.99605,0.91667,0.0,0.97886,1.0,0.63158,0.4,1.0,1.0,0.5,0.5,0.5,1.0,1.0,0.5,0.5,0.5,0.0,0.0,1.0,1.0,1.0,0.5,0.5,0.6,0.3,0.41667,1.0,1.0,1.0,0.41667,1.0
6.0,0.0,0.5,0.0,0.5,0.2,0.5,0.04303,0.2,0.23333,0.0,0.0,0.5,1.0,0.3,0.0175,0.88024,0.0,1.0,1.0,1.0,1.0,1.0,0.0,0.24824,0.39403,0.05263,0.82249,0.65123,0.0,0.0,0.93023,1.0,0.89474,0.8,1.0,1.0,0.5,0.5,0.5,1.0,1.0,0.5,0.5,0.5,0.0,0.0,1.0,1.0,1.0,0.5,0.5,0.2,0.3,1.0,0.4,0.2,1.0,1.0,1.0
5.0,1.0,0.5,1.0,0.5,0.9,0.5,0.05872,0.9,0.23333,0.0,0.0,0.5,1.0,0.3,0.0175,0.8371,0.0,1.0,1.0,1.0,1.0,1.0,1.0,0.90419,1.0,0.36842,1.0,1.0,1.0,0.0,0.9759,1.0,0.63158,0.4,1.0,1.0,0.5,0.5,0.5,1.0,1.0,0.5,0.5,0.5,0.0,0.0,1.0,1.0,1.0,0.5,0.5,0.6,0.3,0.41667,1.0,1.0,1.0,0.41667,1.0
4.0,0.5,0.5,0.5,0.5,0.5,0.5,0.04931,0.45,0.23333,0.0,0.0,0.5,0.0,0.3,0.0175,0.68001,0.0,0.81053,1.0,0.81053,0.81053,0.5,0.0,0.78672,1.0,0.05263,1.0,0.93948,0.4,0.0,0.87764,0.78947,0.5,0.7,1.0,1.0,0.5,0.5,0.5,1.0,1.0,0.5,0.5,0.5,0.0,0.54493,1.0,1.0,1.0,0.5,0.5,0.3,0.25,0.8,1.0,1.0,1.0,0.6,0.5
5.0,1.0,0.0,0.0,0.0,0.4,0.2,0.03989,0.15,0.23333,0.0,0.0,0.5,0.0,0.3,0.0175,0.8371,0.0,1.0,1.0,1.0,0.81053,1.0,1.0,0.90419,1.0,0.36842,0.83223,0.6792,0.16667,0.0,0.96765,0.89474,0.63158,0.175,0.95,0.93693,0.30925,0.5,0.77312,1.0,1.0,0.5,0.5,0.5,0.0,0.0,1.0,1.0,1.0,0.5,0.5,0.825,0.3,0.41667,0.2,1.0,1.0,0.41667,1.0
6.0,1.0,0.5,1.0,0.5,0.3,0.5,0.04695,0.3,0.23333,0.0,0.0,0.5,1.0,0.3,0.0175,0.88024,0.0,1.0,1.0,1.0,1.0,1.0,0.0,0.25562,0.40575,0.0,1.0,0.89466,0.33333,0.0,0.96603,1.0,1.0,0.0,1.0,1.0,0.5,0.5,0.5,1.0,1.0,0.5,0.5,0.5,0.0,0.0,1.0,1.0,1.0,0.5,0.5,1.0,0.05,0.0,1.0,1.0,1.0,0.83333,1.0
0.0,0.5,0.5,0.5,0.5,0.5,0.5,0.02565,0.1,0.26667,0.0,0.0,0.5,0.0,0.2825,0.0225,0.64906,0.0,0.65263,1.0,0.77895,0.77895,0.5,0.0,0.0001,1.0,0.0,0.53939,0.42749,0.08333,0.0,0.97681,1.0,0.5,1.0,1.0,1.0,0.5,0.5,0.5,1.0,1.0,0.5,0.5,0.5,0.06405,0.1539,0.0,1.0,1.0,0.5,0.5,1.0,0.0,0.0,1.0,1.0,1.0,0.33333,0.5
6.0,0.5,0.5,0.5,0.5,0.5,0.5,0.04742,0.25,0.26667,0.0,0.0,0.5,0.0,0.2825,0.0225,0.92948,0.0,1.0,1.0,1.0,0.93684,0.5,1.0,0.36727,0.58297,0.0,0.86934,0.6592,0.16667,0.0,0.91187,0.94737,0.5,0.8,1.0,1.0,0.5,0.5,0.5,1.0,1.0,0.5,0.5,0.5,0.0,0.0,1.0,1.0,1.0,0.0,0.2375,0.2,0.35,1.0,0.5,0.16667,1.0,0.0,0.5
5.0,1.0,0.5,1.0,0.5,0.8,0.5,0.05826,0.8,0.26667,0.0,0.0,0.5,1.0,0.2825,0.0225,0.94855,0.0,0.93684,0.77895,0.93684,1.0,0.93684,1.0,0.6991,0.97097,0.05263,1.0,0.80998,0.71429,0.0,0.93769,1.0,1.0,0.5,1.0,1.0,0.5,0.5,0.5,1.0,1.0,0.68912,0.49351,0.97311,0.14841,0.1655,0.5,1.0,1.0,0.68912,0.49351,1.0,0.05,0.0,1.0,0.0,1.0,0.0,1.0
2.0,0.5,0.5,0.5,0.5,0.5,0.5,0.04875,0.35,0.26667,0.0,0.0,0.5,0.0,0.2825,0.0225,0.93333,0.0,0.77895,1.0,0.77895,1.0,0.5,1.0,0.97757,1.0,0.05263,1.0,0.81244,0.27273,0.0,0.97937,0.78947,0.5,0.4,1.0,1.0,0.5,0.5,0.5,1.0,1.0,0.5,0.5,0.5,0.0,0.87773,1.0,1.0,1.0,0.5,0.5,0.6,0.25,0.36364,0.75,1.0,1.0,0.36364,0.5
4.0,1.0,0.5,1.0,0.5,0.2,0.5,0.03945,0.2,0.26667,0.0,0.0,0.5,1.0,0.2825,0.0225,0.77809,0.0,0.65263,1.0,0.77895,1.0,0.65263,1.0,0.89973,1.0,0.15789,0.86668,0.65744,0.22222,0.0,0.97802,1.0,0.57895,0.65,1.0,1.0,0.5,0.5,0.5,1.0,1.0,0.5,0.5,0.5,0.0,0.0,1.0,1.0,1.0,0.5,0.5,0.35,0.25,0.44444,0.75,1.0,1.0,0.33333,1.0
5.0,1.0,0.5,1.0,0.5,1.0,0.5,0.07193,1.0,0.26667,0.0,0.0,0.5,1.0,0.2825,0.0225,0.94855,0.0,0.93684,0.77895,0.93684,1.0,0.93684,1.0,0.6991,0.97097,0.05263,1.0,1.0,1.0,0.0,0.95744,1.0,1.0,0.5,1.0,1.0,0.5,0.5,0.5,1.0,1.0,0.84821,0.49351,0.5,0.21655,0.10419,0.5,1.0,1.0,0.84821,0.49351,1.0,0.05,0.0,1.0,0.0,1.0,0.0,1.0
5.0,1.0,0.5,1.0,0.5,0.4,0.5,0.04886,0.4,0.26667,0.0,0.0,0.5,1.0,0.2825,0.0225,0.94855,0.0,0.93684,0.77895,0.93684,1.0,0.93684,1.0,0.89802,1.0,0.31579,1.0,0.8143,0.33333,0.0,0.97413,1.0,0.57895,0.1,1.0,1.0,0.5,0.5,0.5,1.0,1.0,0.5,0.5,0.5,0.0,0.0,1.0,1.0,1.0,0.5,0.5,0.9,0.2,0.25,0.66667,1.0,1.0,0.33333,1.0
5.0,1.0,0.5,1.0,0.5,0.5,0.5,0.04984,0.5,0.26667,0.0,0.0,0.5,1.0,0.2825,0.0225,0.94855,0.0,0.93684,0.77895,0.93684,1.0,0.93684,1.0,0.63743,0.88533,0.05263,1.0,0.83059,0.57143,0.0,0.94479,1.0,0.84211,0.2,0.95,0.95258,1.0,1.0,1.0,1.0,1.0,0.5,0.5,0.5,0.0,0.0,1.0,1.0,1.0,0.5,0.5,0.8,0.25,0.57143,0.75,1.0,1.0,0.71429,1.0
2.0,1.0,1.0,0.0,1.0,0.6,0.55,0.04927,0.45,0.26667,0.0,0.0,0.5,0.0,0.2825,0.0225,0.93333,0.0,0.77895,1.0,0.77895,0.77895,0.65263,1.0,0.81602,1.0,0.05263,0.91549,0.68497,0.57143,0.0,0.9219,0.94737,0.94737,0.8,1.0,1.0,0.5,0.5,0.5,1.0,1.0,0.5,0.5,0.5,0.0,0.06783,1.0,1.0,1.0,0.53764,0.42837,0.2,0.25,0.57143,0.5,0.5,1.0,0.85714,1.0
4.0,1.0,0.5,1.0,0.5,0.65,0.5,0.05194,0.65,0.26667,0.0,0.0,0.5,1.0,0.2825,0.0225,0.77809,0.0,0.65263,1.0,0.77895,1.0,0.65263,0.0,0.70994,1.0,0.05263,1.0,0.86571,0.72727,0.0,0.9804,1.0,0.68421,0.7,1.0,1.0,0.5,0.5,0.5,1.0,1.0,0.5,0.5,0.5,0.0,0.0,1.0,1.0,1.0,0.5,0.5,0.3,0.35,0.54545,0.66667,1.0,1.0,0.45455,1.0
4.0,1.0,0.5,1.0,0.5,0.7,0.5,0.05398,0.7,0.26667,0.0,0.0,0.5,1.0,0.2825,0.0225,0.77809,0.0,0.65263,1.0,0.77895,1.0,0.65263,0.0,0.69211,1.0,0.05263,1.0,0.8996,0.72727,0.0,0.97832,1.0,0.57895,0.9,1.0,1.0,0.5,0.5,0.5,1.0,1.0,0.5,0.5,0.5,1.0,0.0,0.1,1.0,1.0,0.5,0.5,1.0,0.05,0.0,1.0,1.0,1.0,0.36364,1.0
1.0,0.5,0.5,0.5,0.5,0.5,0.5,0.05058,0.6,0.26667,0.0,0.0,0.5,0.0,0.2825,0.0225,0.77809,0.0,0.65263,1.0,0.77895,0.77895,0.5,1.0,0.95375,1.0,0.05263,1.0,0.84291,0.61538,0.0,0.94057,0.57895,0.5,0.8,1.0,1.0,0.5,0.5,0.5,1.0,1.0,0.5,0.5,0.5,1.0,0.47278,0.575,1.0,1.0,0.5,0.5,0.625,0.45,0.61538,0.875,1.0,1.0,0.38462,0.5
2.0,1.0,1.0,0.0,1.0,0.5,0.55,0.04793,0.3,0.26667,0.0,0.0,0.5,0.0,0.2825,0.0225,0.93333,0.0,0.77895,1.0,0.77895,0.77895,0.77895,1.0,0.82573,1.0,0.05263,0.87766,0.66629,0.28571,0.0,0.92312,0.94737,0.94737,0.8,1.0,1.0,0.5,0.5,0.5,1.0,1.0,0.5,0.5,0.5,0.0,0.09423,1.0,1.0,1.0,0.52107,0.42837,0.2,0.3,0.71429,0.6,0.6,1.0,0.85714,1.0
5.0,1.0,0.5,1.0,0.5,0.95,0.5,0.06785,0.95,0.26667,0.0,0.0,0.5,1.0,0.2825,0.0225,0.94855,0.0,0.93684,0.77895,0.93684,1.0,0.93684,1.0,0.6991,0.97097,0.05263,1.0,0.94329,0.85714,0.0,0.94918,1.0,0.89474,0.5,1.0,1.0,0.5,0.5,0.5,1.0,1.0,0.80972,0.49351,0.5,0.21924,0.07212,0.5,1.0,1.0,0.80972,0.49351,1.0,0.05,0.0,1.0,0.0,1.0,0.0,1.0
5.0,1.0,0.5,1.0,0.5,0.85,0.5,0.05867,0.85,0.26667,0.0,0.0,0.5,1.0,0.2825,0.0225,0.94855,0.0,0.93684,0.77895,0.93684,1.0,0.93684,0.0,0.89802,1.0,0.31579,1.0,0.97774,0.91667,0.0,0.9836,1.0,1.0,0.275,1.0,1.0,0.5,0.5,0.5,1.0,1.0,0.5,0.5,0.5,0.0,0.0,1.0,1.0,1.0,0.5,0.5,0.725,0.3,0.41667,0.6,1.0,1.0,0.41667,1.0
5.0,0.0,1.0,0.0,1.0,0.05,0.9,0.03914,0.15,0.26667,0.0,0.0,0.5,0.0,0.2825,0.0225,0.94855,0.0,0.93684,0.77895,0.93684,0.93684,0.7,1.0,0.6991,0.97097,0.05263,0.71682,0.54419,0.0,0.0,0.92312,0.89474,0.42105,0.5,1.0,1.0,0.5,0.5,0.5,1.0,1.0,0.5,0.5,0.5,0.09018,0.10978,0.55,1.0,1.0,0.5,0.5,0.95,0.1,0.14286,0.0,1.0,1.0,0.71429,1.0
5.0,1.0,0.5,1.0,0.5,0.9,0.5,0.06,0.9,0.26667,0.0,0.0,0.5,1.0,0.2825,0.0225,0.94855,0.0,0.93684,0.77895,0.93684,1.0,0.93684,0.0,0.89802,1.0,0.31579,1.0,1.0,1.0,0.0,0.98171,1.0,1.0,0.275,1.0,1.0,0.5,0.5,0.5,1.0,1.0,0.5,0.5,0.5,0.0,0.0,1.0,1.0,1.0,0.5,0.5,0.725,0.3,0.41667,1.0,1.0,1.0,0.41667,1.0
4.0,1.0,0.5,1.0,0.5,0.55,0.5,0.05041,0.55,0.26667,0.0,0.0,0.5,1.0,0.2825,0.0225,0.77809,0.0,0.65263,1.0,0.77895,1.0,0.65263,0.0,0.70994,1.0,0.05263,1.0,0.84015,0.54545,0.0,0.9804,1.0,0.57895,0.7,1.0,1.0,0.5,0.5,0.5,1.0,1.0,0.5,0.5,0.5,0.0,0.0,1.0,1.0,1.0,0.5,0.5,0.3,0.35,0.54545,0.66667,1.0,1.0,0.36364,1.0
0.0,0.5,0.5,0.5,0.5,0.5,0.5,0.02504,0.05,0.26667,0.0,0.0,0.5,0.0,0.2825,0.0225,0.64906,0.0,0.65263,1.0,0.77895,0.77895,0.5,0.0,0.0001,1.0,0.0,0.52653,0.4173,0.0,0.0,0.97413,1.0,0.5,1.0,0.85,0.80196,0.35996,0.5,0.0,1.0,1.0,0.5,0.5,0.5,0.09868,0.11236,0.0,1.0,1.0,0.5,0.5,1.0,0.0,0.0,1.0,1.0,1.0,0.41667,0.5
6.0,1.0,0.5,1.0,0.5,0.75,0.5,0.05505,0.75,0.26667,0.0,0.0,0.5,1.0,0.2825,0.0225,0.92948,0.0,1.0,1.0,1.0,1.0,1.0,1.0,0.2665,0.42301,0.0,1.0,1.0,1.0,0.0,0.97776,1.0,1.0,0.275,1.0,1.0,0.5,0.5,0.5,1.0,1.0,0.5,0.5,0.5,0.0,0.0,1.0,1.0,1.0,0.5,0.5,0.725,0.35,1.0,0.83333,1.0,1.0,0.0,1.0
6.0,0.0,0.0,0.0,0.0,0.05,0.1,0.03009,0.1,0.3,0.0,0.0,0.5,0.0,0.2375,0.04,0.95931,0.0,1.0,1.0,1.0,0.77895,1.0,1.0,0.27665,0.43913,0.0,0.6356,0.52069,0.0,0.0,0.98841,0.73684,1.0,0.4,1.0,1.0,0.5,0.52283,0.5,1.0,1.0,0.5,0.5,0.5,0.06725,0.0,0.6,1.0,1.0,0.53632,1.0,1.0,0.05,0.0,1.0,0.0,1.0,0.0,1.0
6.0,0.0,0.5,1.0,0.5,0.3,0.5,0.04792,0.3,0.3,0.0,0.0,0.5,1.0,0.2375,0.04,0.95931,0.0,1.0,1.0,1.0,1.0,1.0,1.0,0.39088,0.62045,0.0,0.85156,0.5842,0.33333,0.0,0.90025,1.0,1.0,0.425,1.0,1.0,0.5,0.5,0.5,1.0,1.0,0.5,0.5,0.5,0.0,0.0,1.0,1.0,1.0,0.0,0.2375,0.575,0.35,1.0,0.5,0.0,1.0,1.0,1.0
5.0,1.0,0.5,1.0,0.5,0.95,0.5,0.06639,0.95,0.3,0.0,0.0,0.5,1.0,0.2375,0.04,0.93524,0.0,0.93684,1.0,0.93684,1.0,0.93684,1.0,0.71172,0.98849,0.05263,1.0,0.80943,0.85714,0.0,0.92888,1.0,1.0,0.5,1.0,1.0,0.5,0.5,0.5,1.0,1.0,0.7035,0.56338,0.97311,0.1321,0.06611,0.5,1.0,1.0,0.7035,0.56338,1.0,0.05,0.0,1.0,0.0,1.0,0.0,1.0
6.0,0.5,0.5,0.5,0.5,0.5,0.5,0.05156,0.5,0.3,0.0,0.0,0.5,0.0,0.2375,0.04,0.95931,0.0,1.0,1.0,1.0,0.93684,0.5,1.0,0.27665,0.43913,0.0,1.0,0.89229,0.5,0.0,0.97464,0.94737,0.5,0.375,1.0,1.0,0.5,0.5,0.5,1.0,1.0,0.5,0.5,0.5,0.0,0.0,1.0,1.0,1.0,0.5,0.5,0.625,0.35,1.0,0.5,0.66667,1.0,0.66667,0.5
0.0,0.5,0.5,0.5,0.5,0.5,0.5,0.03502,0.15,0.3,0.0,0.0,0.5,0.0,0.2375,0.04,0.815,0.0,1.0,1.0,0.77895,1.0,0.5,0.0,0.0001,1.0,0.05263,0.6968,0.5879,0.09091,0.0,0.9674,0.94737,0.5,1.0,0.95,0.93841,0.40696,0.5,0.0,1.0,1.0,0.5,0.5,0.5,0.11304,0.0,0.0,1.0,1.0,0.5,0.5,1.0,0.0,0.0,1.0,1.0,1.0,0.36364,0.5
5.0,1.0,0.5,1.0,0.5,1.0,0.5,0.08202,1.0,0.3,0.0,0.0,0.5,1.0,0.2375,0.04,0.93524,0.0,0.93684,1.0,0.93684,1.0,0.93684,1.0,0.71172,0.98849,0.05263,1.0,1.0,1.0,0.0,0.95007,1.0,1.0,0.5,1.0,1.0,0.5,0.5,0.5,1.0,1.0,1.0,0.6375,0.5,0.35976,0.06512,0.5,1.0,1.0,1.0,0.6375,1.0,0.05,0.0,1.0,0.0,1.0,0.0,1.0
6.0,0.0,1.0,0.0,1.0,0.25,0.4,0.05177,0.55,0.3,0.0,0.0,0.5,0.0,0.2375,0.04,0.95931,0.0,1.0,1.0,1.0,1.0,1.0,0.0,0.1902,0.3019,0.05263,0.95242,0.86901,0.25,0.0,0.95981,0.63158,0.94737,0.8,1.0,1.0,0.5,0.5,0.5,1.0,1.0,0.5,0.5,0.5,0.0,0.0,1.0,1.0,1.0,0.5,0.5,0.2,0.25,1.0,0.75,0.75,1.0,0.5,1.0
5.0,1.0,0.5,1.0,0.5,0.6,0.5,0.05256,0.6,0.3,0.0,0.0,0.5,1.0,0.2375,0.04,0.93524,0.0,0.93684,1.0,0.93684,1.0,0.93684,1.0,0.88788,1.0,0.42105,1.0,0.88235,0.54545,0.0,0.96808,1.0,0.68421,0.5,1.0,1.0,0.5,1.0,0.5,1.0,1.0,0.5,0.5,0.5,0.19931,0.0,0.5,1.0,1.0,0.5,0.5,1.0,0.05,0.0,1.0,1.0,1.0,0.27273,1.0
2.0,0.0,0.5,0.0,0.5,0.25,0.5,0.0469,0.25,0.3,0.0,0.0,0.5,1.0,0.2375,0.04,0.93722,0.0,0.78947,0.93684,0.88421,1.0,0.78947,1.0,0.94579,1.0,0.52632,1.0,0.81163,0.3,0.0,0.95435,1.0,0.52632,0.75,1.0,1.0,0.5,0.5,0.5,1.0,1.0,0.5,0.5,0.5,0.16009,0.0,0.6,1.0,1.0,0.53764,0.42837,0.65,0.25,0.4,0.5,0.25,1.0,0.3,1.0
6.0,0.5,0.5,0.5,0.5,0.5,0.5,0.05347,0.65,0.3,0.0,0.0,0.5,0.0,0.2375,0.04,0.95931,0.0,1.0,1.0,1.0,0.77895,0.5,1.0,0.27665,0.43913,0.0,1.0,0.92535,0.66667,0.0,0.97222,0.68421,0.5,0.425,1.0,1.0,0.5,0.5,0.5,1.0,1.0,0.5,0.5,0.5,0.0,0.0,1.0,1.0,1.0,0.5,0.5,0.575,0.35,1.0,0.16667,0.66667,1.0,1.0,0.5
4.0,0.0,0.5,1.0,0.5,0.7,0.5,0.05528,0.7,0.3,0.0,0.0,0.5,1.0,0.2375,0.04,0.87831,0.0,1.0,1.0,0.77895,1.0,1.0,1.0,0.71907,1.0,0.10526,1.0,0.928,0.7,0.0,0.97481,1.0,0.94737,0.7,0.95,0.93361,0.18529,0.18529,0.18529,1.0,1.0,0.59094,0.75405,0.5,0.0,1.0,1.0,1.0,1.0,0.59094,0.75405,0.3,0.35,0.6,0.83333,0.83333,1.0,0.0,1.0
1.0,0.0,0.5,0.0,0.5,0.45,0.5,0.0499,0.45,0.3,0.0,0.0,0.5,1.0,0.2375,0.04,0.87831,0.0,1.0,1.0,0.77895,1.0,1.0,0.0,0.93477,1.0,0.10526,0.99634,0.83761,0.33333,0.0,0.93514,1.0,0.94737,0.8,1.0,1.0,0.5,0.5,0.5,1.0,1.0,0.26147,0.36773,0.5,0.7716,0.92348,0.425,1.0,1.0,0.26147,0.36773,0.775,0.3,0.41667,0.2,1.0,1.0,0.58333,1.0
5.0,1.0,0.0,1.0,0.0,0.65,0.3,0.04037,0.2,0.3,0.0,0.0,0.5,0.0,0.2375,0.04,0.93524,0.0,0.93684,1.0,0.93684,0.93684,1.0,1.0,0.71172,0.98849,0.05263,0.71509,0.49223,0.0,0.0,0.91285,0.52632,1.0,0.5,0.95,0.96991,0.37369,0.5,0.93423,1.0,1.0,0.52107,0.42837,0.99409,0.09996,0.15964,0.5,1.0,1.0,0.52107,0.42837,1.0,0.05,0.0,1.0,0.0,1.0,0.71429,1.0
5.0,0.0,0.5,0.0,0.5,0.9,0.5,0.06159,0.9,0.3,0.0,0.0,0.5,1.0,0.2375,0.04,0.93524,0.0,0.93684,1.0,0.93684,1.0,0.93684,1.0,0.71172,0.98849,0.05263,1.0,0.7509,0.71429,0.0,0.94423,1.0,1.0,0.5,0.9,0.89482,0.48414,0.48414,0.48414,1.0,1.0,0.81605,0.47471,0.5,0.13107,0.08562,0.5,1.0,1.0,0.81605,0.47471,1.0,0.05,0.0,1.0,0.0,1.0,0.0,1.0
5.0,0.0,0.5,0.0,0.5,0.8,0.5,0.05797,0.8,0.3,0.0,0.0,0.5,1.0,0.2375,0.04,0.93524,0.0,0.93684,1.0,0.93684,1.0,0.93684,0.0,0.88788,1.0,0.42105,1.0,0.97318,0.90909,0.0,0.97621,1.0,0.94737,0.5,1.0,1.0,0.5,0.5,0.5,1.0,1.0,0.5,0.5,0.5,0.0,0.0,1.0,1.0,1.0,0.5,0.5,0.5,0.25,0.36364,0.75,0.75,1.0,0.36364,1.0
6.0,0.0,1.0,0.0,1.0,0.15,0.4,0.0487,0.4,0.3,0.0,0.0,0.5,0.0,0.2375,0.04,0.95931,0.0,1.0,1.0,1.0,1.0,1.0,1.0,0.2782,0.44159,0.05263,0.87928,0.59372,0.6,0.0,0.91936,0.89474,1.0,0.75,0.95,0.99702,0.78166,0.5,0.31267,1.0,1.0,0.5,0.5,0.5,0.0,0.0,1.0,1.0,1.0,1.0,0.56605,0.25,0.25,0.8,0.75,0.25,1.0,0.2,1.0
2.0,1.0,1.0,1.0,1.0,0.7,0.8,0.05957,0.85,0.3,0.0,0.0,0.5,0.0,0.2375,0.04,0.93722,0.0,0.78947,0.93684,0.88421,0.93684,0.81053,0.0,0.92781,1.0,0.36842,1.0,1.0,1.0,0.0,0.97347,1.0,0.47368,0.725,1.0,1.0,0.5,0.5,0.5,1.0,1.0,0.5,0.5,0.5,0.0,0.0,1.0,1.0,1.0,0.5,0.5,0.275,0.25,0.36364,0.75,0.75,1.0,0.36364,1.0
5.0,0.0,1.0,0.0,1.0,0.45,0.55,0.04816,0.35,0.3,0.0,0.0,0.5,0.0,0.2375,0.04,0.93524,0.0,0.93684,1.0,0.93684,0.77895,1.0,1.0,0.8815,1.0,0.26316,0.9581,0.80836,0.18182,0.0,0.9674,0.94737,0.78947,0.475,1.0,1.0,0.5,0.5,0.5,1.0,1.0,0.5,0.5,0.5,0.16124,0.0,0.525,1.0,1.0,0.5,0.5,1.0,0.05,0.0,1.0,1.0,1.0,0.54545,1.0
0.0,0.0,0.5,0.0,0.5,0.05,0.5,0.00298,0.05,0.3,0.0,0.0,0.5,1.0,0.2375,0.04,0.815,0.0,1.0,1.0,0.77895,1.0,1.0,0.0,0.0001,1.0,0.0,0.06381,0.04994,0.0,0.0,0.97384,1.0,1.0,1.0,0.9,0.86928,0.0,0.0,0.0,1.0,1.0,0.22346,0.34934,0.5,0.00874,0.17082,0.0,1.0,1.0,0.22346,0.34934,1.0,0.0,0.0,1.0,0.0,1.0,0.0,1.0
6.0,1.0,0.5,1.0,0.5,0.75,0.5,0.05778,0.75,0.3,0.0,0.0,0.5,1.0,0.2375,0.04,0.95931,0.0,1.0,1.0,1.0,1.0,1.0,1.0,0.27665,0.43913,0.0,1.0,1.0,1.0,0.0,0.97222,1.0,1.0,0.475,1.0,1.0,0.5,0.5,0.5,1.0,1.0,0.5,0.5,0.5,0.0,0.0,1.0,1.0,1.0,0.5,0.5,0.525,0.35,1.0,0.66667,0.66667,1.0,1.0,1.0
5.0,0.0,0.0,0.0,1.0,0.1,0.1,0.02412,0.1,0.33333,0.0,0.0,0.5,0.0,0.22,0.055,0.97177,0.0,0.93684,0.93684,0.93684,0.93684,0.93684,0.0,0.64528,0.89622,0.10526,0.5272,0.42441,0.0,0.0,0.96651,0.94737,0.73684,0.125,0.9,0.8796,0.33819,0.5,0.33819,1.0,1.0,0.5,0.5,0.5,0.0,0.0,1.0,1.0,1.0,0.12023,0.32644,0.875,0.25,0.57143,1.0,0.5,1.0,0.0,1.0
3.0,0.5,0.5,0.5,0.5,0.5,0.5,0.0494,0.45,0.33333,0.0,0.0,0.5,0.0,0.22,0.055,0.0,0.85244,0.93684,1.0,0.77895,0.77895,0.5,1.0,0.70168,0.91127,0.05263,0.84372,0.55793,0.42857,0.0,0.90445,0.89474,0.5,0.65,1.0,1.0,0.5,0.5,0.5,1.0,1.0,0.5,0.5,0.5,0.0,0.0,1.0,1.0,1.0,0.0,0.2375,0.35,0.2,0.42857,1.0,0.0,1.0,0.85714,0.5
5.0,1.0,0.5,1.0,0.5,0.95,0.5,0.07517,0.95,0.33333,0.0,0.0,0.5,1.0,0.22,0.055,0.97177,0.0,0.93684,0.93684,0.93684,1.0,0.93684,1.0,0.7182,0.9975,0.05263,1.0,0.84889,0.85714,0.0,0.92232,1.0,1.0,0.5,0.95,0.95246,1.0,1.0,1.0,1.0,1.0,1.0,0.50222,0.97311,0.23897,0.08363,0.5,1.0,1.0,1.0,0.50222,1.0,0.05,0.0,1.0,0.0,1.0,0.0,1.0
0.0,0.5,0.5,0.5,0.5,0.5,0.5,0.05464,0.65,0.33333,0.0,0.0,0.5,0.0,0.22,0.055,0.0,0.84473,0.93684,1.0,0.77895,0.77895,0.5,0.0,0.0001,1.0,0.05263,1.0,0.83529,0.5,0.0,0.96951,0.68421,0.5,1.0,0.95,0.94899,1.0,0.5,0.0,1.0,1.0,0.5,0.5,0.5,0.45763,0.04064,0.0,1.0,1.0,0.5,0.5,1.0,0.0,0.0,1.0,1.0,1.0,0.5,0.5
5.0,1.0,1.0,1.0,1.0,0.1,0.2,0.0376,0.2,0.33333,0.0,0.0,0.5,0.0,0.22,0.055,0.97177,0.0,0.93684,0.93684,0.93684,0.77895,0.93684,0.0,0.64528,0.89622,0.10526,0.82198,0.66171,0.28571,0.0,0.94793,0.73684,0.89474,0.1,1.0,1.0,0.5,0.5,0.5,1.0,1.0,0.5,0.5,0.5,0.0,0.0,1.0,1.0,1.0,0.34986,0.61524,0.9,0.2,0.42857,1.0,1.0,1.0,0.0,1.0
5.0,1.0,0.5,1.0,0.5,1.0,0.5,0.08855,1.0,0.33333,0.0,0.0,0.5,1.0,0.22,0.055,0.97177,0.0,0.93684,0.93684,0.93684,1.0,0.93684,1.0,0.7182,0.9975,0.05263,1.0,1.0,1.0,0.0,0.94352,1.0,1.0,0.5,1.0,1.0,0.5,0.5,0.5,1.0,1.0,0.89436,0.53891,0.5,0.18099,0.06158,0.5,1.0,1.0,0.89436,0.53891,1.0,0.05,0.0,1.0,0.0,1.0,0.0,1.0
5.0,1.0,0.0,1.0,1.0,0.55,0.55,0.05118,0.55,0.33333,0.0,0.0,0.5,0.0,0.22,0.055,0.97177,0.0,0.93684,0.93684,0.93684,0.93684,0.88421,0.0,0.14929,0.20734,0.0,0.91981,0.7823,0.25,0.0,0.96669,1.0,0.57895,0.5,1.0,1.0,0.5,0.5,0.5,1.0,1.0,0.5,0.5,0.5,0.0,0.08201,1.0,1.0,1.0,0.5,0.5,0.5,0.25,1.0,0.25,0.5,1.0,1.0,1.0
5.0,1.0,0.5,1.0,0.5,0.9,0.5,0.06542,0.9,0.33333,0.0,0.0,0.5,1.0,0.22,0.055,0.97177,0.0,0.93684,0.93684,0.93684,1.0,0.93684,0.0,0.14929,0.20734,0.0,1.0,1.0,1.0,0.0,0.98393,1.0,0.63158,0.5,1.0,1.0,0.5,1.0,0.5,1.0,1.0,0.57317,0.53891,0.5,0.0,0.11228,1.0,1.0,1.0,0.57317,0.53891,0.5,0.25,1.0,1.0,0.75,1.0,0.0,1.0
3.0,0.5,0.5,0.5,0.5,0.5,0.5,0.04737,0.35,0.33333,0.0,0.0,0.5,0.0,0.22,0.055,0.0,0.85244,0.93684,1.0,0.77895,0.77895,0.5,1.0,0.70168,0.91127,0.05263,0.80894,0.53493,0.28571,0.0,0.90445,0.89474,0.5,0.65,1.0,1.0,0.5,0.5,0.5,1.0,1.0,0.5,0.5,0.5,0.0,0.0,1.0,1.0,1.0,0.28154,0.33048,0.35,0.2,0.42857,0.0,0.33333,1.0,0.42857,0.5
0.0,0.5,0.5,0.5,0.5,0.5,0.5,0.05437,0.6,0.33333,0.0,0.0,0.5,0.0,0.22,0.055,0.0,0.84473,0.93684,1.0,0.77895,0.77895,0.5,0.0,0.0001,1.0,0.05263,1.0,0.83105,0.4,0.0,0.9686,0.68421,0.5,1.0,1.0,1.0,0.5,0.5,0.5,1.0,1.0,0.5,0.5,0.5,0.45493,0.03772,0.0,1.0,1.0,0.5,0.5,1.0,0.0,0.0,1.0,1.0,1.0,0.5,0.5
5.0,0.0,1.0,0.0,1.0,0.7,0.7,0.03583,0.15,0.33333,0.0,0.0,0.5,0.0,0.22,0.055,0.97177,0.0,0.93684,0.93684,0.93684,0.93684,0.93684,0.0,0.64528,0.89622,0.10526,0.7833,0.63058,0.14286,0.0,0.95363,0.94737,0.89474,0.325,0.9,0.84604,0.24647,0.5,0.41078,1.0,1.0,0.5,0.5,0.5,0.0,0.07828,1.0,1.0,1.0,0.59094,0.75405,0.675,0.3,0.71429,0.6,0.6,1.0,0.85714,1.0
3.0,0.5,0.5,0.5,0.5,0.5,0.5,0.04754,0.4,0.33333,0.0,0.0,0.5,0.0,0.22,0.055,0.0,0.85244,0.93684,1.0,0.77895,0.78947,0.5,0.0,0.80536,1.0,0.10526,0.95623,0.72673,0.27273,0.0,0.96996,1.0,0.5,0.6,0.95,0.95263,0.53197,0.5,0.93095,1.0,1.0,0.5,0.5,0.5,0.0,0.0,1.0,1.0,1.0,0.0,0.14097,0.4,0.2,0.27273,1.0,1.0,1.0,0.36364,0.5
7.0,0.5,0.5,0.5,0.5,0.5,0.5,0.04523,0.25,0.33333,0.0,0.0,0.5,0.0,0.22,0.055,0.99175,0.0,0.81053,1.0,0.93684,0.93684,0.5,1.0,0.92533,1.0,0.21053,0.78516,0.51081,0.0,0.0,0.92475,0.73684,0.5,0.0,0.95,0.94496,0.88249,0.5,0.0,1.0,1.0,0.5,0.5,0.5,0.0,0.0907,1.0,1.0,1.0,0.71042,0.50222,1.0,0.05,0.0,1.0,0.0,1.0,0.0,0.5
5.0,0.0,0.5,0.0,0.5,0.5,0.5,0.05101,0.5,0.33333,0.0,0.0,0.5,1.0,0.22,0.055,0.97177,0.0,0.93684,0.93684,0.93684,1.0,0.93684,1.0,0.7182,0.9975,0.05263,0.88743,0.57607,0.57143,0.0,0.94018,1.0,1.0,0.5,0.85,0.9379,0.61547,0.61547,0.61547,1.0,1.0,0.0,0.2375,0.5,0.10221,0.07071,0.5,1.0,1.0,0.0,0.2375,1.0,0.05,0.0,1.0,0.0,1.0,0.0,1.0
0.0,0.5,0.5,0.5,0.5,0.5,0.5,0.05785,0.85,0.33333,0.0,0.0,0.5,0.0,0.22,0.055,0.0,0.84473,0.93684,1.0,0.77895,0.77895,0.5,0.0,0.0001,1.0,0.05263,1.0,0.88438,0.9,0.0,0.97709,0.68421,0.5,1.0,1.0,1.0,0.5,0.5,0.5,1.0,1.0,0.5,0.5,0.5,0.25464,0.02642,0.2,1.0,1.0,0.5,0.5,0.8,0.2,0.4,0.5,0.5,1.0,0.4,0.5
6.0,0.0,0.5,0.0,0.5,0.3,0.5,0.04629,0.3,0.33333,0.0,0.0,0.5,1.0,0.22,0.055,0.98008,0.0,1.0,1.0,1.0,1.0,1.0,1.0,0.31218,0.49552,0.05263,0.78903,0.52278,0.2,0.0,0.91283,1.0,1.0,0.7,1.0,1.0,0.5,0.5,0.5,1.0,1.0,0.5,0.5,0.5,0.0,0.0,1.0,1.0,1.0,1.0,0.56605,0.3,0.25,0.8,0.25,0.25,1.0,0.8,1.0
0.0,0.5,0.5,0.5,0.5,0.5,0.5,0.0562,0.75,0.33333,0.0,0.0,0.5,0.0,0.22,0.055,0.0,0.84473,0.93684,1.0,0.77895,0.77895,0.5,0.0,0.0001,1.0,0.05263,1.0,0.8591,0.7,0.0,0.97035,0.63158,0.5,1.0,1.0,1.0,0.5,0.5,0.5,1.0,1.0,0.5,0.5,0.5,0.3153,0.04894,0.175,1.0,1.0,0.5,0.5,0.825,0.2,0.4,0.25,0.5,1.0,0.4,0.5
5.0,1.0,0.5,1.0,0.5,0.7,0.5,0.05504,0.7,0.33333,0.0,0.0,0.5,1.0,0.22,0.055,0.97177,0.0,0.93684,0.93684,0.93684,1.0,0.93684,0.0,0.64528,0.89622,0.10526,1.0,0.96851,0.85714,0.0,0.94793,1.0,0.78947,0.25,1.0,1.0,0.5,0.5,0.5,1.0,1.0,0.10653,0.27933,0.5,0.0,0.07903,1.0,1.0,1.0,0.10653,0.27933,0.75,0.3,0.71429,0.8,0.6,1.0,0.0,1.0
0.0,0.0,0.5,0.0,0.5,0.05,0.5,0.00038,0.05,0.33333,0.0,0.0,0.5,1.0,0.22,0.055,0.0,0.84473,0.93684,1.0,0.77895,1.0,0.93684,0.0,0.0001,1.0,0.0,0.00816,0.00583,0.0,0.0,0.97701,1.0,0.94737,1.0,1.0,1.0,0.5,0.0,0.5,1.0,1.0,0.02972,0.61524,0.5,0.00158,0.0,0.0,1.0,1.0,0.02972,0.61524,1.0,0.0,0.0,1.0,0.0,1.0,0.0,1.0
0.0,0.5,0.5,0.5,0.5,0.5,0.5,0.05682,0.8,0.33333,0.0,0.0,0.5,0.0,0.22,0.055,0.0,0.84473,0.93684,1.0,0.77895,0.77895,0.5,0.0,0.0001,1.0,0.05263,1.0,0.86864,0.8,0.0,0.96876,0.68421,0.5,1.0,1.0,1.0,0.5,0.5,0.5,1.0,1.0,0.5,0.5,0.5,0.35277,0.01895,0.0,1.0,1.0,0.5,0.5,1.0,0.0,0.0,1.0,1.0,1.0,0.5,0.5
