0.0,0.0,0.0,9.745410919189453,0.0,0.0,0.0,4.598649024963379,0.0,0.0,0.0,0.0,0.0,0.0,2.0775768756866455,0.0,1.3891499042510986,0.0,0.0,0.0,0.0,5.9290595054626465,0.0,0.0,0.0,0.0,4.261928558349609,0.0,0.0,0.0,0.8129244446754456,0.0,0.0
7.0,0.0,0.0,0.0,0.0,0.0,0.0,0.0,0.0,9.107831954956055,0.34151825308799744,0.0,6.587723255157471,0.0,0.0,1.6055489778518677,4.2829179763793945,0.0,0.0,2.860184669494629,0.0,0.0,0.708030641078949,0.0,0.0,0.0,3.6571972370147705,0.0,2.519864320755005,0.0,4.814868450164795,0.0,0.0
4.0,1.16465163230896,0.7181372046470642,2.8362393379211426,0.0,0.0,0.11857966333627701,0.0,0.0,7.485322952270508,2.119600534439087,2.609549045562744,2.3448562622070312,1.7214795351028442,0.0,4.026444435119629,2.758275270462036,0.0,0.0,2.02687406539917,0.0,5.328392505645752,0.0,0.0,0.0,2.4924726486206055,4.753276824951172,0.9785814881324768,6.5149102210998535,0.3160417675971985,2.099532127380371,0.0,0.0
0.0,9.538688659667969,0.0,3.6069560050964355,3.468733549118042,0.0,0.0,3.0602097511291504,0.0,6.300631999969482,0.9982426762580872,8.501368522644043,2.312303304672241,2.8125016689300537,3.8631839752197266,2.431339740753174,0.0,1.6951100826263428,5.2331414222717285,0.0,5.881242275238037,12.21435546875,5.065298080444336,6.789143085479736,3.973876953125,5.3113555908203125,10.344380378723145,0.0,3.3945438861846924,3.4039649963378906,2.11203670501709,2.42433762550354,3.0005199909210205
0.0,12.164319038391113,0.0,7.699295997619629,8.780092239379883,0.0,0.0,7.428253650665283,0.0,3.6406993865966797,1.5423275232315063,13.68766975402832,2.244802236557007,1.8019838333129883,8.89294147491455,0.0,0.0,11.039313316345215,13.18231201171875,0.9898162484169006,7.585820198059082,13.285161972045898,5.434990406036377,10.218878746032715,9.21592903137207,3.344829559326172,8.798849105834961,0.8536827564239502,5.618443965911865,10.109391212463379,0.0,6.753823280334473,6.557070255279541
0.0,9.016297340393066,0.0,6.089859962463379,8.524789810180664,0.6704953908920288,1.0145248174667358,5.8938751220703125,0.0,4.566720962524414,6.035860538482666,11.403066635131836,4.098116874694824,0.20505757629871368,5.163259983062744,0.0,3.705523729324341,6.763857841491699,10.062443733215332,2.1366372108459473,4.077587127685547,12.54171085357666,5.860604763031006,7.597148418426514,5.444374084472656,2.1008427143096924,4.674020290374756,2.4923369884490967,5.297905445098877,8.594624519348145,0.0,4.733245849609375,4.682844638824463
0.0,7.135011672973633,0.0,4.089821815490723,5.286337852478027,0.0,0.0,2.0497348308563232,0.0,5.075181007385254,3.862725019454956,7.575127601623535,4.944392681121826,4.480537414550781,0.593204140663147,1.9897053241729736,3.3002803325653076,2.2692179679870605,6.561243534088135,0.3599725365638733,4.403672218322754,12.709197998046875,5.783080577850342,4.96327018737793,3.325538158416748,3.241178035736084,2.0875327587127686,0.14871321618556976,2.6219632625579834,7.332608699798584,2.115108013153076,0.07704757899045944,4.057297229766846
0.0,10.336708068847656,0.0,5.482492446899414,5.925913333892822,0.0,0.0,5.497885704040527,0.0,3.885032892227173,3.2517690658569336,7.613308429718018,1.9647042751312256,2.757542610168457,6.371617317199707,1.380171537399292,0.6303842067718506,7.044371128082275,9.6083984375,0.0,8.97225570678711,13.94300365447998,4.495232105255127,9.023289680480957,8.116843223571777,4.925008296966553,5.06184196472168,0.0,0.886491596698761,7.126974582672119,0.0,3.4105141162872314,5.965281963348389
0.0,10.394387245178223,0.0,4.142746448516846,5.293594837188721,0.0,0.0,3.1675262451171875,0.0,5.928679466247559,3.7314629554748535,10.654367446899414,4.20635461807251,2.1661250591278076,4.974609375,0.0,1.7964777946472168,5.2254414558410645,8.269702911376953,0.24050168693065643,5.699768543243408,12.17301082611084,2.57963228225708,7.738698482513428,6.189072608947754,5.298015117645264,5.058413505554199,0.5447784662246704,3.8534271717071533,7.342557430267334,0.0,3.2151362895965576,4.46484899520874
0.0,9.790806770324707,0.0,2.4202563762664795,7.167599201202393,0.0,0.0,0.9752928018569946,0.0,5.35629940032959,4.673085689544678,10.848260879516602,6.9283061027526855,4.173035144805908,1.0056722164154053,0.0,3.870772123336792,2.311868906021118,7.288552761077881,1.7975505590438843,2.6236138343811035,13.813794136047363,3.774791955947876,5.865722179412842,3.1269431114196777,3.0738751888275146,4.748248100280762,0.0,5.681706428527832,7.510542869567871,2.263052463531494,0.5947858691215515,5.207966327667236
0.0,10.095410346984863,0.0,2.712188959121704,5.18340539932251,0.0,0.0,2.0736591815948486,0.0,4.635661602020264,3.5146260261535645,8.308366775512695,3.123582601547241,6.750913143157959,2.0746047496795654,2.055514097213745,0.03529844433069229,4.426242351531982,7.251625061035156,1.896545171737671,4.030674457550049,14.282957077026367,5.970818996429443,4.7526655197143555,4.998229503631592,3.058563232421875,4.719337463378906,0.469679594039917,4.706549167633057,5.847333908081055,2.0830626487731934,0.0,4.546670436859131
0.0,12.903949737548828,0.0,5.522405624389648,8.703669548034668,0.0,0.0,4.4629974365234375,0.0,5.31706428527832,0.24725553393363953,12.06676959991455,4.917914867401123,3.299452543258667,6.422929286956787,0.5569941997528076,0.9710371494293213,9.537480354309082,11.867095947265625,0.0,8.087282180786133,13.57762336730957,4.604249477386475,10.365189552307129,9.8975830078125,6.958827495574951,6.204320907592773,0.0,4.265088081359863,9.586347579956055,0.0,4.220648288726807,7.688436508178711
0.0,11.133990287780762,0.0,2.0627851486206055,5.873659610748291,0.0,0.0,0.0,0.0,6.186471939086914,3.8047614097595215,13.971517562866211,4.195462703704834,4.933363437652588,3.305971145629883,0.0,0.0,5.629642486572266,8.13444995880127,2.901069164276123,0.4061473309993744,13.160611152648926,3.852834701538086,5.037240505218506,4.249835014343262,3.9268994331359863,6.690267562866211,0.1540454477071762,7.551907539367676,7.0014262199401855,0.0,3.154663562774658,3.7901885509490967
0.0,8.143403053283691,0.0,2.776181221008301,9.757336616516113,3.934896230697632,0.0,3.059964895248413,0.0,1.6946017742156982,4.946357727050781,11.670665740966797,4.266845703125,6.485727787017822,5.465385437011719,0.0,2.929006338119507,8.574850082397461,10.745579719543457,3.3878567218780518,3.3008904457092285,12.88642692565918,8.460847854614258,6.964815139770508,4.43856143951416,0.0,3.5288565158843994,3.011186122894287,6.364243030548096,5.188363552093506,0.0,1.2333216667175293,4.425731182098389
0.0,6.59952449798584,0.0,2.8413116931915283,7.578201770782471,0.7771973609924316,0.0,0.0,0.0,3.5412380695343018,0.6351056098937988,10.906890869140625,6.8358683586120605,6.329813480377197,1.2601373195648193,0.0,3.8039004802703857,5.106160640716553,7.009511947631836,1.7352854013442993,1.7196155786514282,11.466309547424316,7.436595916748047,5.560965061187744,1.5531600713729858,3.3865232467651367,1.6816015243530273,2.280991792678833,5.657876491546631,6.564183235168457,0.0,0.0,3.8377139568328857
0.0,8.75250244140625,0.0,4.485774517059326,9.859074592590332,1.1409227848052979,0.0,4.195578575134277,0.0,1.6436034440994263,0.0,12.28750228881836,4.8812665939331055,4.79608678817749,7.660106182098389,0.0,1.5852429866790771,12.792335510253906,12.958520889282227,0.0,7.951552391052246,12.354935646057129,5.873756408691406,11.678415298461914,7.919586181640625,4.758177757263184,4.808905124664307,0.16399012506008148,3.7023794651031494,8.952545166015625,0.0,4.738375663757324,7.414178848266602
0.0,9.159477233886719,0.0,4.244123458862305,7.166265964508057,0.0,0.0,2.074993371963501,0.0,1.0901427268981934,0.0,10.528253555297852,3.1136412620544434,5.448999881744385,5.184236526489258,1.7877012491226196,0.825761616230011,8.98344612121582,10.3348970413208,1.694779872894287,5.472949981689453,13.584944725036621,6.136148929595947,6.940989971160889,6.190243721008301,3.918086528778076,3.959757089614868,1.2338519096374512,2.825652837753296,6.62313985824585,0.0,2.7323403358459473,6.151915550231934
0.0,10.619071006774902,0.0,2.222309112548828,9.08677864074707,0.6179066896438599,0.0,2.5120818614959717,0.0,2.2901735305786133,1.0973848104476929,12.756704330444336,4.739614486694336,5.478556156158447,6.438817024230957,0.0,1.7538301944732666,9.370302200317383,11.370993614196777,3.2702250480651855,5.952934265136719,13.948369026184082,4.734045505523682,9.072701454162598,6.665626525878906,3.5472874641418457,5.790256977081299,1.5246955156326294,3.9347574710845947,6.611111164093018,0.0,4.219890117645264,6.665602207183838
0.0,7.9533891677856445,0.0,4.738189697265625,12.238113403320312,4.356473445892334,0.0,4.419511318206787,0.0,2.5604848861694336,1.2494111061096191,14.399384498596191,6.429488658905029,3.853987455368042,8.710894584655762,0.0,3.3145196437835693,13.338631629943848,13.613990783691406,1.1657694578170776,7.328250885009766,12.149310111999512,7.647741794586182,12.94048023223877,7.361676216125488,2.662975788116455,4.199827671051025,2.736713171005249,5.2397541999816895,9.68656063079834,0.0,5.395261764526367,7.5143208503723145
0.0,9.342690467834473,0.0,3.6110968589782715,9.285593032836914,0.0,0.0,3.8506133556365967,0.0,2.315737009048462,0.0,11.516714096069336,3.378844738006592,5.816294193267822,8.170257568359375,0.0,0.29342421889305115,12.398625373840332,12.784697532653809,0.2178766280412674,8.481488227844238,12.490264892578125,6.084553241729736,10.948873519897461,8.772582054138184,3.868577480316162,6.513830661773682,0.183807834982872,3.189389944076538,7.005792617797852,0.0,4.362100124359131,7.131509304046631
