0.0,0.0,0.0,9.886253356933594,0.0,0.0,0.0,4.861809730529785,0.0,0.0,0.0,0.0,0.0,0.0,2.635225534439087,0.0,1.22647225856781,0.0,0.0,0.0,0.0,5.970804691314697,0.0,0.0,0.0,0.0,4.457098007202148,0.0,0.0,0.0,0.3317888379096985,0.0,0.0
2.0,0.0,0.0,0.27879342436790466,0.0,0.0,0.0,0.0,0.0,6.8425493240356445,0.0,0.036977510899305344,5.989898681640625,0.0,0.0,2.215501070022583,3.0830342769622803,0.0,0.0,0.7584790587425232,0.0,2.402987003326416,2.1254284381866455,0.0,0.0,0.0,7.206135272979736,0.0,0.0,0.0,2.585574150085449,0.0,0.0
0.0,0.0,0.0,3.7401788234710693,0.0,0.0,0.0,0.0,0.0,4.272522926330566,0.0,3.369581699371338,0.06577832996845245,0.0,0.0,1.6708502769470215,0.0,0.0,0.0,0.0,0.0,3.5617828369140625,0.0,0.0,0.0,0.0,4.200377941131592,0.0,0.7133373022079468,0.9927379488945007,1.3054094314575195,1.0723998546600342,0.0
0.0,0.189284548163414,0.0,0.7283808588981628,2.0310420989990234,0.0,0.0,0.0,0.0,12.60141372680664,2.1402997970581055,9.178604125976562,6.003549098968506,0.0,0.0,2.4662485122680664,6.03291654586792,0.0,0.0,0.0,0.0,6.316547393798828,3.1274948120117188,0.0,0.0,4.078070163726807,3.854245901107788,0.38938868045806885,7.004997253417969,0.0,3.295112133026123,0.0,0.0
0.0,0.0,0.0,0.0,1.5511571168899536,0.0,0.0,0.0,0.0,11.675625801086426,1.6585773229599,8.21475601196289,5.141713619232178,0.0,0.0,3.5172677040100098,3.3547964096069336,0.0,0.0,0.523572564125061,0.0,5.663466453552246,2.8266971111297607,0.0,0.0,4.226754665374756,2.9986116886138916,1.3076756000518799,5.445023536682129,0.0,4.373786449432373,0.0,0.0
0.0,2.3179616928100586,0.0,0.2338583767414093,4.876987934112549,0.0,0.0,0.0,0.0,12.559554100036621,0.0,11.392084121704102,7.10514497756958,0.0,0.0,2.6857922077178955,2.7647459506988525,0.0,0.8442659974098206,0.0,0.0,5.333779811859131,3.6132781505584717,1.9471585750579834,0.0,5.100399494171143,3.705890417098999,0.19278036057949066,5.653202056884766,1.9611185789108276,2.1803815364837646,0.09811218827962875,0.0
0.0,6.935378551483154,0.0,2.8153812885284424,4.254207134246826,0.0,0.0,0.0,0.0,10.896183013916016,0.5550163984298706,12.873618125915527,5.845332622528076,0.021131999790668488,0.0,3.7987492084503174,3.188978672027588,0.0,4.676846027374268,0.0,0.43411606550216675,7.4235358238220215,4.995934963226318,3.7521846294403076,0.6244386434555054,4.732417583465576,4.336374282836914,0.8669261336326599,6.746333599090576,6.030060291290283,1.4680113792419434,3.0543346405029297,3.8708362579345703
0.0,6.434226036071777,0.0,0.8916396498680115,5.92310094833374,0.0,0.0,0.0,0.0,12.225884437561035,0.0,12.835111618041992,8.300765037536621,0.0,0.0,0.8180986642837524,2.957519292831421,0.0,2.869431734085083,0.0,0.0,6.3745436668396,4.140965938568115,3.7482845783233643,0.0,5.3012590408325195,2.391477346420288,0.43812888860702515,6.963589668273926,4.7306437492370605,1.7667555809020996,1.167752742767334,3.1748671531677246
0.0,1.5824768543243408,0.0,0.0,7.020056247711182,0.0,0.0,0.0,0.0,14.229612350463867,2.2240028381347656,12.09608268737793,7.9706130027771,0.0,0.0,1.6662378311157227,3.9345173835754395,0.0,0.0,0.0,0.0,7.008763790130615,5.5662102699279785,0.6527203917503357,0.0,5.627903938293457,4.064101696014404,0.0,8.442534446716309,2.291904926300049,1.8442878723144531,0.0,0.0
0.0,0.0,0.0,0.0,6.809549808502197,0.0,0.0,0.0,0.0,16.153301239013672,3.43898606300354,14.50416088104248,11.004151344299316,0.0,0.0,0.49375393986701965,5.505105972290039,0.0,0.0,0.0,0.0,6.0136847496032715,4.553915023803711,0.0,0.0,6.35355806350708,1.9860106706619263,0.0,10.368781089782715,1.3680669069290161,4.068273544311523,0.0,0.0
