0.0,0.0,0.0,9.881793022155762,0.0,0.0,0.0,4.7029194831848145,0.0,0.0,0.0,0.0,0.0,0.0,2.4605889320373535,0.0,1.2945083379745483,0.0,0.0,0.0,0.0,5.890825271606445,0.0,0.0,0.0,0.0,4.398483753204346,0.0,0.0,0.0,0.602288544178009,0.0,0.0
0.0,5.812460422515869,0.0,4.624159812927246,4.4225544929504395,0.0,0.0,5.591921806335449,0.0,3.229979991912842,1.2692407369613647,6.558603763580322,0.9319511651992798,1.1203792095184326,5.187716007232666,0.0,0.0,3.7681515216827393,4.811642646789551,0.0,0.0,6.692486763000488,8.402195930480957,0.3410135507583618,4.124793529510498,2.2406482696533203,5.975419044494629,0.0,3.22209095954895,6.93106746673584,0.0,0.0,1.277255892753601
0.0,0.0,0.0,2.8139822483062744,1.4900156259536743,0.0,0.0,2.11138653755188,0.0,4.154497146606445,0.0,6.993877410888672,0.050511617213487625,5.332763195037842,0.0,0.0,0.0,0.0,0.0,0.0,0.0,7.911676406860352,4.801620960235596,1.198720932006836,0.0,0.6094068884849548,0.0,4.592116832733154,8.412225723266602,0.9426665306091309,0.6133260130882263,0.18267469108104706,0.8665254712104797
0.0,0.12880168855190277,0.0,2.9760937690734863,1.9171055555343628,0.0,0.0,2.4098775386810303,0.0,4.112240791320801,0.0,7.378683567047119,0.12450660765171051,5.288352966308594,0.0,0.0,0.0,0.0,0.0,0.0,0.0,7.980462551116943,4.9018378257751465,1.659428596496582,0.0,0.6922467350959778,0.0,4.473498344421387,8.570889472961426,1.1393990516662598,0.24873721599578857,0.494109570980072,1.184963345527649
0.0,0.12680207192897797,0.0,2.9820556640625,2.174593687057495,0.0,0.0,2.4736270904541016,0.0,4.192782402038574,0.0,7.5854573249816895,0.31072095036506653,5.255251407623291,0.0,0.0,0.0,0.0,0.0,0.0,0.0,7.943065643310547,4.9514265060424805,1.723320722579956,0.0,0.6860403418540955,0.0,4.476154804229736,8.582812309265137,1.1772512197494507,0.11244797706604004,0.5595858693122864,1.2875422239303589
0.0,2.3863205909729004,0.0,3.982128143310547,3.232666254043579,0.0,0.0,4.408740043640137,0.0,2.9530577659606934,0.3235560357570648,8.12533187866211,0.0,6.1284685134887695,0.3559257388114929,0.8121950626373291,0.0,0.0,1.7118991613388062,0.3054923415184021,0.0,9.711296081542969,5.94980001449585,2.9344089031219482,0.22440584003925323,1.1333187818527222,0.0,5.258192539215088,7.967267990112305,2.554713726043701,0.0,2.137868642807007,3.1076951026916504
0.0,0.0,0.0,2.326988935470581,1.4434312582015991,0.0,0.0,0.36546677350997925,0.0,3.296847105026245,0.0,6.821473598480225,0.6327918767929077,4.348217487335205,0.0,0.4655299186706543,0.0,0.0,0.0,0.0,0.0,6.79199743270874,3.980119228363037,0.0,0.0,0.6406573057174683,0.0,3.323481559753418,6.472392559051514,1.7569777965545654,0.0,0.0,1.1367279291152954
4.0,0.0,0.0,0.6762526631355286,0.1858925223350525,0.0,0.0,0.03997672349214554,0.0,8.718160629272461,2.034456253051758,8.363731384277344,2.515507221221924,3.0323479175567627,0.0,0.8076621890068054,0.0,0.0,0.0,0.0,0.0,7.512686252593994,3.4457502365112305,0.0,0.0,2.375661849975586,0.0,2.2078921794891357,8.083879470825195,3.429230213165283,2.2353403568267822,0.0,0.0
4.0,0.0,0.0,1.3103035688400269,1.6946460008621216,0.0,0.0,0.25606539845466614,0.0,6.675018787384033,0.9333543181419373,7.708507537841797,3.3487603664398193,3.9210503101348877,0.0,0.6881558299064636,0.653009295463562,0.0,0.0,0.21898530423641205,0.0,5.325206279754639,5.0559258460998535,0.0,0.0,1.466248869895935,0.0,5.722539901733398,8.816888809204102,0.0,3.7039780616760254,0.0,0.0
0.0,0.0,0.0,1.1037907600402832,1.2712492942810059,0.0,0.0,0.5735564827919006,0.0,5.211108684539795,0.22777804732322693,7.811268329620361,2.84527850151062,4.9948883056640625,0.0,0.0,1.2418575286865234,0.0,0.0,0.8255684971809387,0.0,5.95530891418457,5.269834041595459,0.0,0.0,2.034229040145874,0.0,5.203421592712402,8.775483131408691,0.0,3.5225279331207275,0.0,0.0
0.0,0.1706981509923935,0.0,2.084756374359131,1.8691585063934326,0.0,0.0,0.4371294379234314,0.0,3.226555109024048,0.0,6.943535327911377,1.5392510890960693,4.672717571258545,0.0,0.0,0.3085758686065674,0.0,0.0,0.0,0.0,6.834794521331787,3.8829548358917236,0.0,0.0,0.8983586430549622,0.0,2.5520718097686768,6.739039897918701,0.7255746126174927,0.0,0.16127876937389374,0.149064838886261
0.0,0.15076206624507904,0.0,2.084031105041504,2.05875563621521,0.0,0.0,0.44943803548812866,0.0,3.295642614364624,0.0,7.1417622566223145,1.6911286115646362,4.619946002960205,0.0,0.0,0.43951499462127686,0.0,0.0,0.0,0.0,6.835049152374268,3.9632346630096436,0.0,0.0,0.876305878162384,0.0,2.5587809085845947,6.773409843444824,0.7391931414604187,0.0,0.16487018764019012,0.21691733598709106
0.0,0.0,0.0,0.1841597855091095,1.2469642162322998,0.0,0.0,0.0,0.0,8.029772758483887,2.4036803245544434,7.587051868438721,4.004551410675049,4.463043212890625,0.0,0.569972038269043,0.0,0.0,0.0,0.14587514102458954,0.0,7.833420276641846,3.9238970279693604,0.0,0.0,2.2792375087738037,0.0,1.9514961242675781,7.366099834442139,0.8658039569854736,2.862562894821167,0.0,0.0
0.0,0.0,0.0,0.3685288727283478,1.5321906805038452,0.0,0.0,0.0,0.0,7.205329895019531,1.6408569812774658,7.033433437347412,3.620110034942627,4.832517623901367,0.0,0.2603719234466553,0.0,0.0,0.0,0.4871523380279541,0.0,7.360110282897949,4.259033679962158,0.0,0.0,1.773862600326538,0.0,2.0269200801849365,7.161364555358887,1.2103112936019897,2.6561663150787354,0.0,0.0
0.0,0.0,0.0,0.3800089657306671,1.7693219184875488,0.0,0.0,0.0,0.0,7.2280073165893555,1.6639982461929321,7.244967937469482,3.7435364723205566,4.808948993682861,0.0,0.19562453031539917,0.0,0.0,0.0,0.48344045877456665,0.0,7.397726535797119,4.306497573852539,0.0,0.0,1.8245993852615356,0.0,2.0231151580810547,7.150968074798584,1.23397958278656,2.5884413719177246,0.0,0.0
0.0,0.0,0.0,0.38333943486213684,2.008958101272583,0.0,0.0,0.0,0.0,7.255566596984863,1.690507411956787,7.461141109466553,3.8734660148620605,4.7765069007873535,0.0,0.126242995262146,0.0,0.0,0.0,0.4708111882209778,0.0,7.431980609893799,4.349778175354004,0.0,0.0,1.8766835927963257,0.0,2.0141334533691406,7.149168491363525,1.2503732442855835,2.5224950313568115,0.0,0.0
0.0,0.0,0.0,0.3822425901889801,2.2500503063201904,0.0,0.0,0.0,0.0,7.293740272521973,1.7213319540023804,7.676425933837891,4.009170055389404,4.7370686531066895,0.0,0.053408198058605194,0.10915348678827286,0.0,0.0,0.4557584524154663,0.0,7.461082935333252,4.391063213348389,0.0,0.0,1.929504632949829,0.0,2.0085387229919434,7.1536970138549805,1.2641936540603638,2.459399938583374,0.0,0.0
0.0,0.0,0.0,2.1672754287719727,3.2743942737579346,0.0,0.0,0.6312723755836487,0.0,3.818000078201294,0.0,8.449532508850098,2.7471306324005127,4.28886079788208,0.0,0.0,1.258957028388977,0.0,0.0,0.0,0.0,6.821042537689209,4.469695568084717,0.0,0.0,0.8769616484642029,0.0,2.554398775100708,6.912904262542725,0.8805554509162903,0.0,0.27811866998672485,0.7290192246437073
0.0,0.0,0.0,2.18780517578125,3.48526930809021,0.0,0.0,0.6813954710960388,0.0,3.9042651653289795,0.0,8.697775840759277,2.94409441947937,4.228699207305908,0.0,0.0,1.3889331817626953,0.0,0.0,0.0,0.0,6.815634250640869,4.56228494644165,0.0,0.0,0.8910202383995056,0.0,2.5539333820343018,6.919088840484619,0.909807026386261,0.0,0.3090807795524597,0.8287236094474792
0.0,0.0,0.0,2.2101175785064697,3.687405824661255,0.0,0.0,0.7262193560600281,0.0,4.004298210144043,0.0,8.94643783569336,3.1476497650146484,4.158533096313477,0.0,0.0,1.5141032934188843,0.0,0.0,0.0,0.0,6.804144859313965,4.658807754516602,0.0,0.0,0.9038981795310974,0.0,2.563436508178711,6.923290252685547,0.9347677826881409,0.0,0.338767945766449,0.9348843693733215
0.0,0.0,0.0,2.2401394844055176,3.8955423831939697,0.0,0.0,0.7687265276908875,0.0,4.1099982261657715,0.0,9.206311225891113,3.364607572555542,4.085062503814697,0.0,0.0,1.638084053993225,0.0,0.0,0.0,0.0,6.798905372619629,4.753964424133301,0.0,0.0,0.9205629229545593,0.0,2.57167911529541,6.922037601470947,0.9648633003234863,0.0,0.37183576822280884,1.0527352094650269
0.0,0.0,0.0,2.2688117027282715,4.107443332672119,0.0,0.0,0.8152597546577454,0.0,4.212825775146484,0.0,9.477254867553711,3.588033437728882,4.009769916534424,0.0,0.0,1.7686913013458252,0.0,0.0,0.0,0.0,6.810888767242432,4.846401691436768,0.0,0.0,0.945194661617279,0.0,2.585785388946533,6.927069664001465,1.013919711112976,0.0,0.40337640047073364,1.1886123418807983
0.0,0.0,0.0,2.2998194694519043,4.326552391052246,0.0,0.0,0.8734502792358398,0.0,4.306600570678711,0.0,9.757561683654785,3.813159465789795,3.9383773803710938,0.0,0.0,1.8945777416229248,0.0,0.0,0.0,0.0,6.839186191558838,4.940557479858398,0.0,0.0,0.9732226729393005,0.0,2.597960948944092,6.923463344573975,1.0750930309295654,0.0,0.4385177493095398,1.339040756225586
0.0,0.0,0.0,0.7688482403755188,2.823495388031006,0.0,0.0,0.0,0.0,6.477099418640137,0.45986148715019226,9.309661865234375,3.852566957473755,3.416550874710083,0.0,0.0,2.511476755142212,0.0,0.0,0.13622091710567474,0.0,5.540278434753418,3.8614723682403564,0.0,0.0,1.5816034078598022,0.0,3.28399920463562,7.38951301574707,0.18676647543907166,1.0789821147918701,0.0,0.0
0.0,0.0,0.0,2.374305248260498,4.803157329559326,0.0,0.0,1.0062588453292847,0.0,4.481493949890137,0.0,10.350196838378906,4.276029586791992,3.7832372188568115,0.0,0.0,2.1584370136260986,0.0,0.0,0.0,0.0,6.918179512023926,5.13158655166626,0.0,0.0,1.0291833877563477,0.0,2.6078784465789795,6.94193172454834,1.1925097703933716,0.0,0.5326729416847229,1.6611688137054443
0.0,2.8824424743652344,0.0,2.485517978668213,6.016543865203857,0.0,0.0,3.6013376712799072,0.0,8.334382057189941,3.4323315620422363,12.410959243774414,3.875439405441284,4.393947124481201,0.0,0.1827174425125122,0.8476328253746033,0.0,0.0,0.6302065253257751,0.0,10.722768783569336,6.055912017822266,0.0,0.0,3.715371608734131,1.1247845888137817,2.3133814334869385,8.204789161682129,4.716014862060547,0.9940431714057922,0.1749240607023239,2.243980884552002
0.0,0.0,0.0,0.8078888058662415,5.162196636199951,0.0,0.0,1.2291728258132935,0.0,9.516693115234375,2.6994080543518066,12.075939178466797,6.295165538787842,3.1283700466156006,0.0,0.0,1.7535436153411865,0.0,0.0,0.0,0.0,8.759919166564941,5.143692493438721,0.0,0.0,3.2243552207946777,0.0,1.3499681949615479,8.060774803161621,2.4363746643066406,1.6595866680145264,0.0,0.3704536557197571
0.0,1.0793631076812744,0.0,2.6800482273101807,4.766526699066162,0.0,0.0,1.15607488155365,0.0,5.551191329956055,0.7765465378761292,11.073352813720703,2.4538557529449463,4.021432399749756,0.0,0.0,2.6145975589752197,0.0,0.334134042263031,0.8943873643875122,0.0,7.698108673095703,5.310399532318115,0.0,0.0,2.442899703979492,0.0,4.456980228424072,7.468104839324951,2.9175119400024414,0.17391520738601685,1.7634130716323853,1.750463604927063
0.0,0.0,0.0,0.6973844170570374,3.9972684383392334,0.0,0.0,0.0,0.0,7.176175117492676,1.4083184003829956,9.889872550964355,4.585350036621094,3.3965466022491455,0.0,0.0,2.446946859359741,0.0,0.0,0.40569084882736206,0.0,6.216279983520508,4.70873498916626,0.0,0.0,1.4575344324111938,0.0,3.8545114994049072,7.5286664962768555,0.16678005456924438,1.8825106620788574,0.0,0.0
0.0,0.0,0.0,0.7141242623329163,4.256649494171143,0.0,0.0,0.0,0.0,7.31922721862793,1.4004173278808594,10.220803260803223,4.873377323150635,3.290884494781494,0.0,0.0,2.6329824924468994,0.0,0.0,0.385150283575058,0.0,6.266920566558838,4.783362865447998,0.0,0.0,1.5198791027069092,0.0,3.865382671356201,7.57232141494751,0.1811848282814026,1.8433008193969727,0.0,0.0
1.0,0.6165919303894043,0.0,0.0,0.4311286211013794,0.0,0.0,0.0,0.0,12.01076889038086,7.083122253417969,9.769941329956055,6.904911041259766,5.386102676391602,0.0,5.803727149963379,0.16245493292808533,0.0,0.0,7.440548896789551,0.0,14.3843412399292,5.009332180023193,0.0,0.0,5.682614326477051,0.0,3.8526816368103027,9.474180221557617,0.0,8.851852416992188,0.0,0.0
5.0,0.0,0.0,0.0,0.0,0.0,0.0,0.0,0.0,8.505497932434082,4.15529203414917,7.389890193939209,2.0051071643829346,6.183426380157471,0.0,3.8027560710906982,0.0,0.0,0.0,5.913393974304199,0.0,11.983922004699707,4.1337504386901855,0.0,0.0,3.9544425010681152,0.0,5.959086894989014,9.668280601501465,0.0,10.592169761657715,0.0,0.0
5.0,0.0,0.0,0.0,0.0,0.0,2.515624761581421,0.0,0.0,14.520142555236816,8.742189407348633,8.984151840209961,4.042484283447266,3.3746337890625,0.0,3.739450216293335,0.7744330167770386,0.0,0.0,5.824271202087402,0.0,10.883149147033691,4.66698694229126,0.0,0.0,5.420770645141602,0.0,3.406115770339966,10.017870903015137,0.0,10.246550559997559,0.0,0.0
5.0,0.0,0.0,0.0,0.0,0.0,0.0,0.0,0.0,8.469239234924316,6.468284606933594,7.1619486808776855,1.995329737663269,5.672456741333008,0.0,3.5824785232543945,0.16103020310401917,0.0,0.0,6.830181121826172,0.0,10.580242156982422,3.8964860439300537,0.0,0.0,3.5896918773651123,0.0,5.703444957733154,7.738376617431641,0.0,9.427915573120117,0.0,0.0
5.0,0.0,0.0,0.0,0.0,0.0,3.4022674560546875,0.0,0.0,14.496208190917969,9.632986068725586,8.25914192199707,4.412749767303467,3.8183181285858154,0.0,4.23491096496582,2.2638707160949707,0.0,0.0,6.400937080383301,0.0,9.899121284484863,4.549994468688965,0.0,0.0,6.019987106323242,0.0,4.362692356109619,10.80156421661377,0.0,10.937087059020996,0.0,0.0
5.0,0.0,0.0,0.0,0.0,0.0,1.471200704574585,0.0,0.0,10.429119110107422,6.9952850341796875,6.013104438781738,1.428285002708435,5.160983562469482,0.0,2.614415407180786,1.2398085594177246,0.0,0.0,6.945183753967285,0.0,8.5236177444458,3.4360361099243164,0.0,0.0,4.246973991394043,0.0,6.482222080230713,9.037721633911133,0.0,10.389047622680664,0.0,0.0
5.0,0.0,0.0,0.0,0.0,0.0,0.9000101685523987,0.0,0.0,9.54761028289795,7.197183132171631,5.217525005340576,1.1528880596160889,5.537175178527832,0.0,3.4251041412353516,0.13586297631263733,0.0,0.0,6.894796371459961,0.0,9.050459861755371,4.142563819885254,0.0,0.0,3.5334701538085938,0.0,6.595877170562744,8.545488357543945,0.0,10.365849494934082,0.0,0.0
5.0,0.0,0.0,0.0,0.0,0.0,1.7803159952163696,0.0,0.0,8.855369567871094,6.846351146697998,5.206766605377197,0.8448361158370972,5.197158336639404,0.0,3.405236005783081,0.19444367289543152,0.0,0.0,7.047432899475098,0.0,8.906038284301758,3.8881256580352783,0.0,0.0,3.215683937072754,0.0,5.735918045043945,8.884333610534668,0.0,10.481992721557617,0.0,0.0
5.0,0.0,0.0,0.0,0.0,0.0,1.752600073814392,0.0,0.0,8.701868057250977,6.729924201965332,5.158728122711182,0.7242623567581177,5.196230411529541,0.0,3.3243956565856934,0.09670934826135635,0.0,0.0,6.923320770263672,0.0,8.824036598205566,3.8883135318756104,0.0,0.0,3.113896608352661,0.0,5.676830291748047,8.843887329101562,0.0,10.30028247833252,0.0,0.0
5.0,0.0,0.0,0.0,0.0,0.0,1.7261549234390259,0.0,0.0,8.562336921691895,6.62160587310791,5.110758304595947,0.6178078651428223,5.184226989746094,0.0,3.2553775310516357,0.019574619829654694,0.0,0.0,6.800650596618652,0.0,8.739267349243164,3.883697748184204,0.0,0.0,3.0234885215759277,0.0,5.615320205688477,8.803563117980957,0.0,10.128837585449219,0.0,0.0
