0.0,0.0,0.0,7.593195915222168,0.0,0.2023201584815979,0.0,4.148898124694824,0.0,0.0,0.0,0.0,0.0,0.0,0.0,0.0,6.493788719177246,0.0,0.0,0.0,0.0,6.448907375335693,0.0,0.0,0.0,0.0,1.1052136421203613,0.0,0.0,0.0,1.4752230644226074,0.0,0.0
0.0,7.412545204162598,0.0,7.696249008178711,9.04394817352295,1.4432003498077393,0.0,11.74134635925293,0.0,2.4200122356414795,4.277717113494873,5.863263130187988,2.7604174613952637,0.0,11.68386173248291,4.415517807006836,6.226163864135742,9.028560638427734,6.41393518447876,0.0,6.400854587554932,10.541703224182129,12.383951187133789,6.706379413604736,5.7779669761657715,5.05246639251709,9.051633834838867,0.0,0.0,8.12231731414795,0.0,3.887260913848877,4.830077648162842
0.0,6.069397449493408,0.0,5.738010883331299,11.102693557739258,0.0,0.0,9.115138053894043,0.0,1.1663624048233032,0.0,8.550219535827637,6.224801540374756,3.4944820404052734,9.613492965698242,7.680771827697754,2.1753642559051514,4.389242172241211,9.083212852478027,0.8128036856651306,9.054059028625488,18.564973831176758,9.256723403930664,9.015264511108398,9.967567443847656,0.0,8.133600234985352,0.0,0.7403303980827332,6.194294452667236,0.0,0.6390007138252258,8.534473419189453
0.0,3.8915116786956787,0.0,14.761384963989258,8.914558410644531,0.0,0.0,4.539842128753662,0.0,5.326107025146484,0.0,8.244498252868652,5.012691974639893,0.0,1.8652138710021973,8.145245552062988,6.638147830963135,0.22378014028072357,4.175282955169678,0.0,2.8271656036376953,14.639745712280273,9.530235290527344,7.614096164703369,3.4947452545166016,1.6729215383529663,8.362679481506348,0.0,5.8902764320373535,5.48111629486084,0.0,5.1458892822265625,6.227267265319824
1.0,0.0,0.0,2.10139799118042,0.0732467770576477,0.0,0.7130909562110901,0.0,0.0,4.963433742523193,5.045187950134277,0.5135471820831299,4.396438121795654,0.0,0.0,8.225979804992676,3.795675039291382,0.0,0.0,0.29943230748176575,0.0,8.933048248291016,5.150324821472168,0.0,0.0,3.734532117843628,0.0,1.2053650617599487,3.329897165298462,2.3057894706726074,0.7585278153419495,0.0,0.3370398283004761
3.0,0.0,0.0,4.1669182777404785,0.0,16.248605728149414,5.00068998336792,0.0,0.0,0.0,1.665679693222046,0.0,6.456858158111572,0.0,0.0,7.949680805206299,12.292895317077637,0.0,0.0,2.961568832397461,0.0,3.809704065322876,0.4411472976207733,0.0,0.0,4.344545364379883,0.0,0.0,5.1570916175842285,0.0,14.871442794799805,0.0,0.0
3.0,0.0,0.0,3.580514907836914,0.0,11.753321647644043,6.465824127197266,0.0,0.0,2.188059091567993,0.0,0.0,8.50517749786377,0.0,0.0,2.568040370941162,14.598194122314453,0.0,0.0,0.0,0.0,5.103888988494873,0.0,0.0,0.0,0.0,0.0,1.7964789867401123,8.26097297668457,0.0,14.767745971679688,0.0,0.0
3.0,0.0,0.0,2.9522905349731445,0.0,10.213167190551758,3.452155351638794,0.0,0.0,1.8658870458602905,0.0,0.0,7.83591890335083,1.3747403621673584,0.0,6.199136734008789,13.900796890258789,0.0,0.0,0.0,0.0,2.4683802127838135,0.0,0.0,0.0,0.7128731608390808,0.0,1.788785696029663,9.775421142578125,0.0,21.59916114807129,0.0,0.0
3.0,0.0,0.0,4.932440280914307,0.0,9.551222801208496,5.628453254699707,0.0,0.0,0.7780104875564575,0.0,0.0,6.3520283699035645,0.2485090047121048,0.0,2.778470754623413,15.537384033203125,0.0,0.0,0.8429252505302429,0.0,10.309921264648438,3.6058084964752197,0.0,0.0,0.0,0.0,0.5565698146820068,7.734561920166016,0.1766502857208252,12.066767692565918,0.31193965673446655,0.0
3.0,0.0,0.6911899447441101,6.166525840759277,0.0,14.501723289489746,6.740352630615234,0.0,0.0,0.2981669306755066,0.0641683042049408,5.00122594833374,11.975491523742676,0.5284741520881653,0.0,2.8945529460906982,17.43391990661621,0.0,0.0,0.0,0.0,11.253105163574219,2.1310033798217773,0.0,0.0,3.2281644344329834,0.0,1.6346068382263184,10.05046272277832,1.0795681476593018,10.606833457946777,5.01043701171875,0.0
3.0,0.0,0.17791789770126343,6.033937454223633,0.0,16.248035430908203,7.717548847198486,0.0,0.0,0.0,0.0,1.9419076442718506,12.83154010772705,5.734646320343018,0.0,6.182651996612549,17.24197769165039,0.0,0.0,0.6037390232086182,0.0,11.696170806884766,2.371478319168091,0.0,0.0,2.8342597484588623,0.0,3.969912528991699,9.033343315124512,2.345486879348755,14.370462417602539,2.042778968811035,0.0
3.0,0.0,1.1309705972671509,4.100123405456543,0.0,13.878986358642578,5.179003715515137,0.0,0.0,0.0,0.0,2.6854615211486816,14.49098014831543,4.318050861358643,0.0,5.599906921386719,17.52449607849121,0.0,0.0,0.37196600437164307,0.0,11.66296672821045,2.3907790184020996,0.0,0.0,1.3347424268722534,0.0,2.201894521713257,8.999937057495117,1.8273065090179443,12.426528930664062,3.5785677433013916,0.0
5.0,0.0,0.0,6.88815450668335,0.0,15.697972297668457,5.113004207611084,0.0,0.0,0.0,0.0,1.1223235130310059,10.929117202758789,7.897278308868408,0.0,9.081245422363281,14.019684791564941,0.0,0.0,0.06042712181806564,0.0,15.747455596923828,4.749179363250732,0.0,0.0,1.5517578125,0.0,1.8605903387069702,8.296149253845215,6.498471736907959,12.510210990905762,0.6469922065734863,0.0
3.0,0.0,0.0,5.834386825561523,0.0,12.815033912658691,6.046246528625488,0.0,0.0,0.0,0.0,1.4269171953201294,12.473982810974121,7.737765312194824,0.0,9.377272605895996,15.58011245727539,0.0,0.0,1.9479904174804688,0.0,16.75714111328125,4.51201057434082,0.0,0.0,1.268593192100525,0.0,1.7046244144439697,6.521673202514648,4.499811172485352,9.275800704956055,1.145789384841919,0.0
3.0,0.0,0.0,7.046530723571777,0.0,14.468728065490723,5.184460639953613,0.0,0.0,0.0,0.0,3.4707183837890625,13.806296348571777,7.548309326171875,0.0,7.598379135131836,17.499399185180664,0.0,0.0,0.8238478302955627,0.0,16.119787216186523,4.767655849456787,0.0,0.0,2.0920767784118652,0.0,2.351968288421631,8.56222152709961,6.49289083480835,11.753087997436523,2.4174323081970215,0.0
3.0,0.0,0.0,6.314452648162842,0.0,14.73962116241455,3.5505716800689697,0.0,0.0,0.0,0.0,3.0631282329559326,14.76331615447998,9.427762031555176,0.0,7.211483001708984,16.460750579833984,0.0,0.0,1.9362192153930664,0.0,16.43082618713379,4.607951641082764,0.0,0.0,0.36940672993659973,0.0,1.4704304933547974,7.063389301300049,5.0703301429748535,10.95864486694336,0.41323792934417725,0.0
3.0,0.0,0.0,8.26350212097168,0.0,14.306051254272461,4.603452682495117,0.0,0.0,0.0,0.0,4.224369049072266,13.087841033935547,7.978192329406738,0.0,7.70473575592041,17.067617416381836,0.0,0.0,1.1320945024490356,0.0,17.1060733795166,5.211573123931885,0.0,0.0,2.138424873352051,0.0,1.8383638858795166,8.06564712524414,7.887770652770996,9.034173965454102,3.265531063079834,0.0
3.0,0.0,0.0,8.2933349609375,0.0,14.801002502441406,4.936805248260498,0.0,0.0,0.0,0.0,3.6378116607666016,12.220894813537598,8.024059295654297,0.0,7.146273612976074,16.47454833984375,0.0,0.0,1.1445505619049072,0.0,17.097759246826172,4.69905948638916,0.0,0.0,1.75119149684906,0.0,1.2762295007705688,7.869693756103516,7.249670028686523,9.616310119628906,2.321321725845337,0.0
6.0,0.0,0.0,7.279766082763672,0.22300541400909424,15.353737831115723,2.8102290630340576,0.0,0.0,0.0,0.0,4.94291877746582,15.044046401977539,8.639704704284668,0.0,5.549917221069336,16.491039276123047,0.0,0.0,1.8261332511901855,0.0,17.01510238647461,3.835698366165161,0.0,0.0,0.3243706226348877,0.0,1.4250855445861816,7.734434127807617,5.916416168212891,9.86938762664795,1.3287405967712402,0.0
5.0,0.0,0.7594264149665833,5.208250045776367,0.0,12.309816360473633,0.0,0.0,0.0,0.0,0.0,1.0142565965652466,14.82970905303955,11.047405242919922,0.0,6.638620853424072,15.446959495544434,0.0,0.0,3.997307062149048,0.0,15.053515434265137,2.306164026260376,0.0,0.0,0.9985974431037903,0.0,1.7546687126159668,4.905566692352295,4.608471393585205,11.807999610900879,0.0,0.0
