0.0,0.0,0.0,9.97787857055664,0.0,0.0,0.0,4.905573844909668,0.0,0.0,0.0,0.0,0.0,0.0,2.718266487121582,0.0,1.26089608669281,0.0,0.0,0.0,0.0,5.9551100730896,0.0,0.0,0.0,0.0,4.55297327041626,0.0,0.0,0.0,0.44897526502609253,0.0,0.0
7.0,0.0,0.0,0.0,0.0,0.0,0.0,0.0,0.0,7.397496223449707,0.0,0.0,5.464455604553223,0.0,0.0,1.0189154148101807,3.889867067337036,0.0,0.0,1.4271198511123657,0.0,0.0,0.0,0.0,0.0,0.0,2.6289212703704834,0.0,0.0,0.0,4.175516605377197,0.0,0.0
0.0,0.0,0.0,0.0,0.0,0.0,0.0,0.0,0.0,9.460204124450684,0.0,2.7168617248535156,3.439541816711426,0.0,0.0,2.44464111328125,0.0,0.0,0.0,0.0,0.0,6.8906121253967285,2.1926519870758057,0.0,0.0,3.673938512802124,1.0704045295715332,0.0,4.684934139251709,0.0,5.047487735748291,0.0,0.0
0.0,3.5086162090301514,0.0,0.3194808065891266,3.286202907562256,0.0,0.0,1.4139913320541382,0.0,7.074499607086182,0.28115150332450867,4.099609851837158,2.921306610107422,1.9160224199295044,0.0,2.764392137527466,0.0,0.0,0.7043437361717224,0.9183799028396606,1.0230685472488403,9.363838195800781,6.532164096832275,2.6568663120269775,0.30377882719039917,0.0,0.3493795096874237,0.0,1.3669265508651733,0.0,3.3349251747131348,0.0,1.577904224395752
1.0,0.5668094158172607,0.0,0.0,1.546913743019104,0.0,0.0,0.0,0.0,7.102555751800537,0.0,5.407543182373047,2.227546453475952,0.48251283168792725,0.0,3.0453085899353027,0.0,0.0,0.0,1.0552715063095093,0.0,6.625010013580322,2.5201807022094727,1.360004186630249,0.0,1.3097087144851685,0.0,0.0,1.3389099836349487,0.0,1.9324767589569092,0.0,0.0
0.0,0.0,0.0,1.7393726110458374,1.4467400312423706,0.0,0.0,0.0,0.0,7.03869104385376,0.8592775464057922,2.645625591278076,0.7925752997398376,0.0,0.0,2.0416219234466553,1.491318941116333,0.0,0.0,0.0,0.0,7.240636348724365,2.9446961879730225,0.0,0.0,2.7786567211151123,0.0,1.1177449226379395,0.7535643577575684,0.0,4.673544406890869,0.0,0.0
0.0,6.0146565437316895,0.0,3.828385591506958,5.498895168304443,0.0,0.0,3.466010808944702,0.0,4.651021480560303,0.08769246935844421,3.3354861736297607,0.0,0.0,4.649378299713135,1.3224198818206787,1.2450106143951416,3.4783060550689697,7.365192890167236,0.0,7.393570423126221,8.576162338256836,5.523287296295166,7.876734256744385,4.80566930770874,1.2785229682922363,2.2415528297424316,0.0,0.7885369658470154,4.399313449859619,0.0,3.3031601905822754,5.757766246795654
0.0,7.957854747772217,0.0,10.39703369140625,3.962843894958496,5.694591522216797,1.2027117013931274,8.014191627502441,0.0,0.0,1.962060570716858,2.90310001373291,0.0,0.0,6.649665355682373,1.2573258876800537,3.3025074005126953,3.590067148208618,11.43625545501709,0.10735248774290085,9.802188873291016,10.536393165588379,1.905593991279602,5.98661994934082,6.465091228485107,4.69700288772583,5.517657279968262,0.0,0.0,5.575450420379639,0.0,7.341514587402344,7.8692946434021
0.0,3.2507238388061523,0.0,4.704718112945557,5.100594997406006,2.5628135204315186,0.0,3.2399942874908447,0.0,3.855961799621582,1.548293948173523,1.7379608154296875,0.9723461866378784,0.0,4.124599456787109,0.6388845443725586,4.005677700042725,1.7906957864761353,5.15777587890625,0.0,5.662933349609375,9.696690559387207,4.57758903503418,6.242905139923096,2.7544307708740234,0.0,0.4506727159023285,0.3092379570007324,0.0,3.825651168823242,0.0,4.221377372741699,4.956574440002441
0.0,3.283396005630493,0.0,5.901690483093262,5.406345844268799,4.200507640838623,1.4383256435394287,3.890277624130249,0.0,4.263928413391113,0.5228078961372375,2.41532826423645,2.0923404693603516,0.0,3.541524887084961,0.7170337438583374,6.568143844604492,0.32654649019241333,4.2809576988220215,0.10204469412565231,4.8934502601623535,10.333210945129395,5.2656025886535645,6.07291841506958,1.9379559755325317,0.0,0.0,0.3169478178024292,2.088007688522339,5.514820098876953,0.0,5.10018253326416,4.585123538970947
3.0,0.0,0.0,7.754388809204102,6.474215507507324,2.287609338760376,8.984095573425293,3.1438748836517334,0.0,7.219261169433594,4.974714279174805,0.0,5.548104763031006,0.0,0.0,1.2236769199371338,10.726696014404297,0.11262832581996918,0.0,0.0,2.2636256217956543,11.540489196777344,8.060744285583496,2.2820258140563965,0.0,0.5083665251731873,0.0,0.0,1.9984867572784424,0.0,0.13400381803512573,9.048919677734375,0.0
5.0,0.0,0.0,7.661419868469238,0.0,10.622851371765137,5.540404796600342,0.0,0.0,0.0,2.478422164916992,0.0,0.9506760239601135,0.0,0.0,5.698029518127441,12.202301025390625,0.0,0.0,6.507028579711914,0.0,7.686000347137451,3.88733172416687,0.0,0.0,0.0,0.0,0.0,0.0,0.0,2.399453639984131,2.7394769191741943,0.0
4.0,0.0,0.0,8.036164283752441,0.0,14.390823364257812,7.875727653503418,0.0,0.0,4.419076919555664,3.286242961883545,0.0,2.767674446105957,0.0,0.0,6.36209774017334,14.141578674316406,0.0,0.0,2.8513407707214355,0.0,3.676568031311035,0.9355089068412781,0.0,0.0,1.6998255252838135,0.0,0.0,0.2983036935329437,0.0,1.960433006286621,0.0,0.0
7.0,0.0,0.0,9.78283977508545,2.5503151416778564,9.50147533416748,0.08432058244943619,0.006349631585180759,0.0,1.9225289821624756,0.0,8.453970909118652,8.874812126159668,3.65441632270813,0.0,1.1308397054672241,14.545465469360352,0.0,0.0,3.4822781085968018,0.0,7.79350471496582,5.915554523468018,0.0,0.0,0.587315022945404,0.0,0.0,4.726405620574951,0.0,0.7663945555686951,4.443180561065674,0.0
0.0,0.0,0.0,10.026762008666992,2.8071110248565674,9.097639083862305,0.0,1.1816205978393555,0.0,0.046948082745075226,0.0,7.025451183319092,5.501392841339111,3.7611169815063477,0.0,3.175852060317993,10.38129997253418,0.0,0.0,0.9542385935783386,0.0,7.785512447357178,6.804625511169434,0.0,0.0,0.6445206999778748,0.0,0.0,2.7524917125701904,2.5324206352233887,1.2551934719085693,4.051006317138672,1.3577643632888794
0.0,0.0,0.0,11.952169418334961,3.935991048812866,9.590662002563477,0.0,2.8382248878479004,0.0,2.157172441482544,0.0,9.745220184326172,7.175186634063721,3.61003041267395,0.0,3.4316327571868896,11.350204467773438,0.0,0.0,0.5030442476272583,0.0,8.717682838439941,9.153875350952148,0.0,0.0,0.8787222504615784,0.0,0.0,5.928212642669678,4.3231682777404785,0.0,4.2219696044921875,3.9874227046966553
4.0,0.0,0.0,9.890547752380371,0.0,9.848447799682617,2.678229808807373,0.9602173566818237,0.0,4.85598087310791,0.0016784332692623138,6.28668737411499,5.159114837646484,1.4393823146820068,0.0,3.3475396633148193,12.82628345489502,0.0,0.0,0.7235031723976135,0.0,8.19920539855957,5.788907527923584,0.0,0.0,2.6222376823425293,0.0,2.2456247806549072,6.990198135375977,1.633953332901001,3.9792227745056152,1.6760008335113525,0.0
0.0,0.0,0.0,11.789876937866211,4.50836181640625,9.21717357635498,0.0,2.961188554763794,0.0,1.339046597480774,0.0,10.700376510620117,9.30836009979248,3.0187103748321533,0.0,2.49501633644104,14.455195426940918,0.0,0.0,3.1327311992645264,0.0,9.674473762512207,8.552101135253906,0.0,0.0,0.6719484925270081,0.0,0.0,4.643050670623779,1.448195219039917,0.0,5.705275058746338,4.693687915802002
0.0,0.0,0.0,11.519002914428711,2.602172613143921,9.641165733337402,1.7330516576766968,4.656254291534424,0.0,3.8674087524414062,0.0,7.860869884490967,3.3551621437072754,1.673237681388855,0.0,3.4892642498016357,10.066247940063477,0.0,0.0,0.32322144508361816,2.7663183212280273,8.692984580993652,8.0665922164917,0.0,0.0,0.8304633498191833,0.6740278601646423,0.0,7.430910587310791,3.237834930419922,0.0,6.161139965057373,3.70023250579834
4.0,0.0,0.0,13.05236530303955,4.112832069396973,12.389925956726074,3.230433464050293,0.24162806570529938,0.0,2.696378469467163,0.0,9.21606731414795,6.6144795417785645,0.602642834186554,0.0,3.6615474224090576,13.650824546813965,0.0,0.0,0.0,0.0,5.37278413772583,7.465125560760498,0.0,0.0,1.5159581899642944,0.3948728144168854,0.5981578826904297,6.616199493408203,2.828923463821411,0.0,4.9620256423950195,1.8208132982254028
