0.0,0.0,0.0,11.45979118347168,0.0,0.0,0.0,8.152318000793457,0.0,0.0,0.0,0.0,0.0,0.0,5.9605889320373535,0.0,0.0,0.0,0.0,0.0,0.0,8.317121505737305,0.0,0.0,0.0,0.0,7.241723537445068,0.0,0.0,0.0,0.0,0.0,0.0
0.0,4.5600266456604,0.0,1.9598100185394287,3.6512482166290283,0.0,0.0,5.67236852645874,0.0,3.469158411026001,2.9712352752685547,0.0,2.3252346515655518,0.0,4.501929759979248,2.5905978679656982,0.0,5.422433853149414,1.1261606216430664,0.9321535229682922,0.0,6.487903118133545,9.703146934509277,0.0,2.017153739929199,2.800994396209717,10.301048278808594,0.0,0.0,2.710850238800049,0.0,0.0,0.0
0.0,0.0,0.0,1.9869861602783203,0.0,0.0,0.0,0.0,0.0,6.817806243896484,1.094140648841858,6.055070877075195,0.24264021217823029,1.163066029548645,0.0,2.985339403152466,0.0,0.0,0.0,0.08328943699598312,0.0,7.505683898925781,2.4933998584747314,0.0,0.0,3.1709752082824707,2.213528871536255,3.5915846824645996,2.034883975982666,0.0,1.0945615768432617,0.0,0.0
0.0,3.481393337249756,0.0,15.128199577331543,2.70450758934021,11.160496711730957,3.3277711868286133,4.992842674255371,0.0,0.0,5.994506359100342,1.349086880683899,0.0,0.0,1.6941468715667725,6.209028244018555,3.5703659057617188,0.016312705352902412,8.5056791305542,0.0,6.40509557723999,10.188457489013672,4.0555033683776855,1.208508014678955,3.66982364654541,8.116047859191895,3.3863308429718018,0.0,0.0,1.7748407125473022,0.0,11.140164375305176,4.10040283203125
0.0,2.5735466480255127,0.0,20.44008445739746,1.0790597200393677,14.66954231262207,5.470233917236328,3.415963649749756,0.0,0.0,4.686994552612305,0.0,0.0,0.0,2.8422763347625732,9.612794876098633,9.242631912231445,0.0,3.3421599864959717,0.0,4.1290059089660645,13.207796096801758,2.601475954055786,0.0,2.378648281097412,10.25149917602539,4.501655578613281,0.0,0.0,0.0,0.0,12.13472843170166,2.3985302448272705
0.0,1.9371206760406494,1.5398564338684082,13.573527336120605,5.745889186859131,6.870361328125,0.0,7.33260440826416,0.0,0.0,0.0,0.0,0.0,0.0,3.76608943939209,2.687337636947632,0.5628032088279724,0.0,2.0033771991729736,0.0,5.386930465698242,13.767660140991211,5.8856048583984375,0.0,1.0849744081497192,6.726275444030762,7.074763298034668,0.0,0.3046742379665375,2.3692431449890137,0.0,8.801355361938477,3.66208815574646
0.0,0.0,2.0552196502685547,7.0774078369140625,8.927593231201172,6.889698505401611,0.8003038763999939,5.256949424743652,0.0,0.0,0.0002785585820674896,3.9371397495269775,1.7575839757919312,2.6111526489257812,1.7322275638580322,1.9306397438049316,2.559100389480591,0.5045636296272278,2.6174347400665283,0.0,2.864981174468994,15.967041015625,10.554883003234863,4.921088695526123,0.0,2.1455118656158447,3.435068368911743,2.9376323223114014,5.095997333526611,8.427678108215332,1.9267380237579346,5.193850994110107,9.093025207519531
5.0,0.0,0.6156135201454163,3.4434616565704346,1.063737392425537,7.631445407867432,2.9681005477905273,0.19747503101825714,0.0,0.0,0.026509489864110947,0.0,0.0,3.2347657680511475,0.0,3.9320006370544434,2.076097249984741,0.0,0.0,1.054779291152954,0.0,11.81160831451416,7.337411403656006,0.0,0.0,0.3198925852775574,0.0,1.833986520767212,1.1844724416732788,1.8594110012054443,4.1360321044921875,0.7235364317893982,0.4240625500679016
5.0,0.0,0.0,4.359681129455566,3.7984073162078857,6.835013389587402,2.128852367401123,0.0,0.0,0.656347930431366,1.2743486166000366,0.0,0.0,3.355360746383667,0.0,6.102078437805176,2.7306997776031494,0.0,0.0,0.0,0.0,12.877326965332031,11.161934852600098,0.0,0.0,0.0,0.0,3.885801076889038,3.9196043014526367,0.9589823484420776,3.114985942840576,0.0,3.1169416904449463
5.0,0.0,2.3448104858398438,3.7122089862823486,0.005717335734516382,5.59674072265625,2.567439556121826,0.0,0.0,2.0275089740753174,3.2441623210906982,0.0,0.5044873356819153,0.0,0.0,3.3336992263793945,7.141787052154541,0.0,0.0,0.0,0.0,10.42915153503418,6.680075645446777,0.0,0.0,1.7951935529708862,0.0,6.390812873840332,4.223578929901123,0.0,7.809720516204834,0.0,0.0
