0.0,0.0,0.0,11.543807983398438,0.0,0.0,0.0,8.09013843536377,0.0,0.0,0.0,0.0,0.0,0.0,5.699489116668701,0.0,0.0,0.0,0.0,0.0,0.0,8.275740623474121,0.0,0.0,0.0,0.0,7.243701934814453,0.0,0.0,0.0,0.0,0.0,0.0
0.0,0.0,0.0,11.660150527954102,0.0,0.0,0.0,8.403495788574219,0.0,0.0,0.0,0.0,0.0,0.0,6.139665126800537,0.0,0.0,0.0,0.0,0.0,0.0,8.243783950805664,0.0,0.0,0.0,0.0,7.436829566955566,0.0,0.0,0.0,0.0,0.0,0.0
0.0,0.0,0.0,11.567148208618164,0.0,0.0,0.0,8.333867073059082,0.0,0.0,0.0,0.0,0.0,0.0,6.195237159729004,0.0,0.0,0.0,0.0,0.0,0.0,8.323016166687012,0.0,0.0,0.0,0.0,7.424476146697998,0.0,0.0,0.0,0.0,0.0,0.0
0.0,0.0,0.0,11.49030876159668,0.0,0.0,0.0,8.086204528808594,0.0,0.0,0.0,0.0,0.0,0.0,5.699828624725342,0.0,0.0,0.0,0.0,0.0,0.0,8.42780876159668,0.0,0.0,0.0,0.0,7.078860282897949,0.0,0.0,0.0,0.0,0.0,0.0
0.0,0.0,0.0,11.62255859375,0.0,0.0,0.0,8.329716682434082,0.0,0.0,0.0,0.0,0.0,0.0,6.230759143829346,0.0,0.0,0.0,0.0,0.0,0.0,8.331459999084473,0.0,0.0,0.0,0.0,7.493043422698975,0.0,0.0,0.0,0.0,0.0,0.0
0.0,0.0,0.0,11.515093803405762,0.0,0.0,0.0,8.158496856689453,0.0,0.0,0.0,0.0,0.0,0.0,6.0054144859313965,0.0,0.0,0.0,0.0,0.0,0.0,8.32443904876709,0.0,0.0,0.0,0.0,7.307913303375244,0.0,0.0,0.0,0.0,0.0,0.0
0.0,0.0,0.0,11.777828216552734,0.0,0.0,0.0,8.527153968811035,0.0,0.0,0.0,0.0,0.0,0.0,6.480842590332031,0.0,0.0,0.0,0.0,0.0,0.0,8.36013126373291,0.0,0.0,0.0,0.0,7.584750175476074,0.0,0.0,0.0,0.0,0.0,0.0
0.0,0.0,0.0,11.213629722595215,0.0,0.0,0.0,7.821794509887695,0.0,0.0,0.0,0.0,0.0,0.0,5.40056037902832,0.0,0.0,0.0,0.0,0.0,0.0,8.304906845092773,0.0,0.0,0.0,0.0,6.873338222503662,0.0,0.0,0.0,0.0,0.0,0.0
0.0,8.765789031982422,0.0,7.716758728027344,8.044113159179688,0.0,0.0,11.42604923248291,0.0,1.6297568082809448,1.1210438013076782,9.75394058227539,0.0,1.640916347503662,9.418055534362793,0.0,0.0,9.474065780639648,8.189156532287598,0.0,3.450305223464966,10.727961540222168,8.929229736328125,4.6545090675354,8.766281127929688,3.083599090576172,10.53394603729248,0.8791269063949585,2.6015689373016357,10.917028427124023,0.0,2.8689703941345215,5.609238624572754
0.0,8.765789031982422,0.0,7.716758728027344,8.044113159179688,0.0,0.0,11.42604923248291,0.0,1.6297568082809448,1.1210438013076782,9.75394058227539,0.0,1.640916347503662,9.418055534362793,0.0,0.0,9.474065780639648,8.189156532287598,0.0,3.450305223464966,10.727961540222168,8.929229736328125,4.6545090675354,8.766281127929688,3.083599090576172,10.53394603729248,0.8791269063949585,2.6015689373016357,10.917028427124023,0.0,2.8689703941345215,5.609238624572754
0.0,8.765789031982422,0.0,7.716758728027344,8.044113159179688,0.0,0.0,11.42604923248291,0.0,1.6297568082809448,1.1210438013076782,9.75394058227539,0.0,1.640916347503662,9.418055534362793,0.0,0.0,9.474065780639648,8.189156532287598,0.0,3.450305223464966,10.727961540222168,8.929229736328125,4.6545090675354,8.766281127929688,3.083599090576172,10.53394603729248,0.8791269063949585,2.6015689373016357,10.917028427124023,0.0,2.8689703941345215,5.609238624572754
0.0,8.765789031982422,0.0,7.716758728027344,8.044113159179688,0.0,0.0,11.42604923248291,0.0,1.6297568082809448,1.1210438013076782,9.75394058227539,0.0,1.640916347503662,9.418055534362793,0.0,0.0,9.474065780639648,8.189156532287598,0.0,3.450305223464966,10.727961540222168,8.929229736328125,4.6545090675354,8.766281127929688,3.083599090576172,10.53394603729248,0.8791269063949585,2.6015689373016357,10.917028427124023,0.0,2.8689703941345215,5.609238624572754
0.0,8.765789031982422,0.0,7.716758728027344,8.044113159179688,0.0,0.0,11.42604923248291,0.0,1.6297568082809448,1.1210438013076782,9.75394058227539,0.0,1.640916347503662,9.418055534362793,0.0,0.0,9.474065780639648,8.189156532287598,0.0,3.450305223464966,10.727961540222168,8.929229736328125,4.6545090675354,8.766281127929688,3.083599090576172,10.53394603729248,0.8791269063949585,2.6015689373016357,10.917028427124023,0.0,2.8689703941345215,5.609238624572754
0.0,8.765789031982422,0.0,7.716758728027344,8.044113159179688,0.0,0.0,11.42604923248291,0.0,1.6297568082809448,1.1210438013076782,9.75394058227539,0.0,1.640916347503662,9.418055534362793,0.0,0.0,9.474065780639648,8.189156532287598,0.0,3.450305223464966,10.727961540222168,8.929229736328125,4.6545090675354,8.766281127929688,3.083599090576172,10.53394603729248,0.8791269063949585,2.6015689373016357,10.917028427124023,0.0,2.8689703941345215,5.609238624572754
0.0,8.765789031982422,0.0,7.716758728027344,8.044113159179688,0.0,0.0,11.42604923248291,0.0,1.6297568082809448,1.1210438013076782,9.75394058227539,0.0,1.640916347503662,9.418055534362793,0.0,0.0,9.474065780639648,8.189156532287598,0.0,3.450305223464966,10.727961540222168,8.929229736328125,4.6545090675354,8.766281127929688,3.083599090576172,10.53394603729248,0.8791269063949585,2.6015689373016357,10.917028427124023,0.0,2.8689703941345215,5.609238624572754
0.0,8.765789031982422,0.0,7.716758728027344,8.044113159179688,0.0,0.0,11.42604923248291,0.0,1.6297568082809448,1.1210438013076782,9.75394058227539,0.0,1.640916347503662,9.418055534362793,0.0,0.0,9.474065780639648,8.189156532287598,0.0,3.450305223464966,10.727961540222168,8.929229736328125,4.6545090675354,8.766281127929688,3.083599090576172,10.53394603729248,0.8791269063949585,2.6015689373016357,10.917028427124023,0.0,2.8689703941345215,5.609238624572754
0.0,1.2292507886886597,0.0,3.6522603034973145,0.0,0.0,0.0,4.321188926696777,0.0,2.8328945636749268,2.169282913208008,8.728267669677734,0.0,6.945542812347412,0.0,0.6525644063949585,0.0,0.0,0.0,1.0048359632492065,0.0,11.837776184082031,6.535768508911133,0.0,0.0,1.4122892618179321,1.6553916931152344,6.796144962310791,8.354862213134766,4.8434834480285645,2.8205347061157227,0.7119288444519043,2.4064223766326904
0.0,1.2292507886886597,0.0,3.6522603034973145,0.0,0.0,0.0,4.321188926696777,0.0,2.8328945636749268,2.169282913208008,8.728267669677734,0.0,6.945542812347412,0.0,0.6525644063949585,0.0,0.0,0.0,1.0048359632492065,0.0,11.837776184082031,6.535768508911133,0.0,0.0,1.4122892618179321,1.6553916931152344,6.796144962310791,8.354862213134766,4.8434834480285645,2.8205347061157227,0.7119288444519043,2.4064223766326904
0.0,1.2292507886886597,0.0,3.6522603034973145,0.0,0.0,0.0,4.321188926696777,0.0,2.8328945636749268,2.169282913208008,8.728267669677734,0.0,6.945542812347412,0.0,0.6525644063949585,0.0,0.0,0.0,1.0048359632492065,0.0,11.837776184082031,6.535768508911133,0.0,0.0,1.4122892618179321,1.6553916931152344,6.796144962310791,8.354862213134766,4.8434834480285645,2.8205347061157227,0.7119288444519043,2.4064223766326904
0.0,1.2292507886886597,0.0,3.6522603034973145,0.0,0.0,0.0,4.321188926696777,0.0,2.8328945636749268,2.169282913208008,8.728267669677734,0.0,6.945542812347412,0.0,0.6525644063949585,0.0,0.0,0.0,1.0048359632492065,0.0,11.837776184082031,6.535768508911133,0.0,0.0,1.4122892618179321,1.6553916931152344,6.796144962310791,8.354862213134766,4.8434834480285645,2.8205347061157227,0.7119288444519043,2.4064223766326904
0.0,1.2292507886886597,0.0,3.6522603034973145,0.0,0.0,0.0,4.321188926696777,0.0,2.8328945636749268,2.169282913208008,8.728267669677734,0.0,6.945542812347412,0.0,0.6525644063949585,0.0,0.0,0.0,1.0048359632492065,0.0,11.837776184082031,6.535768508911133,0.0,0.0,1.4122892618179321,1.6553916931152344,6.796144962310791,8.354862213134766,4.8434834480285645,2.8205347061157227,0.7119288444519043,2.4064223766326904
0.0,1.2292507886886597,0.0,3.6522603034973145,0.0,0.0,0.0,4.321188926696777,0.0,2.8328945636749268,2.169282913208008,8.728267669677734,0.0,6.945542812347412,0.0,0.6525644063949585,0.0,0.0,0.0,1.0048359632492065,0.0,11.837776184082031,6.535768508911133,0.0,0.0,1.4122892618179321,1.6553916931152344,6.796144962310791,8.354862213134766,4.8434834480285645,2.8205347061157227,0.7119288444519043,2.4064223766326904
0.0,1.2292507886886597,0.0,3.6522603034973145,0.0,0.0,0.0,4.321188926696777,0.0,2.8328945636749268,2.169282913208008,8.728267669677734,0.0,6.945542812347412,0.0,0.6525644063949585,0.0,0.0,0.0,1.0048359632492065,0.0,11.837776184082031,6.535768508911133,0.0,0.0,1.4122892618179321,1.6553916931152344,6.796144962310791,8.354862213134766,4.8434834480285645,2.8205347061157227,0.7119288444519043,2.4064223766326904
0.0,1.2292507886886597,0.0,3.6522603034973145,0.0,0.0,0.0,4.321188926696777,0.0,2.8328945636749268,2.169282913208008,8.728267669677734,0.0,6.945542812347412,0.0,0.6525644063949585,0.0,0.0,0.0,1.0048359632492065,0.0,11.837776184082031,6.535768508911133,0.0,0.0,1.4122892618179321,1.6553916931152344,6.796144962310791,8.354862213134766,4.8434834480285645,2.8205347061157227,0.7119288444519043,2.4064223766326904
0.0,0.0,0.0,2.797828197479248,0.9067656993865967,0.0,0.0,3.0385019779205322,0.0,2.6749613285064697,0.1561354100704193,8.77888011932373,0.0,6.343369960784912,0.0,0.0,0.0,0.0,0.0,0.0,0.0,10.4592924118042,5.761013507843018,0.32741957902908325,0.0,0.8533551096916199,0.0,5.28662633895874,7.847220420837402,1.8167511224746704,0.0,0.0,1.7986568212509155
0.0,0.0,0.0,2.797828197479248,0.9067656993865967,0.0,0.0,3.0385019779205322,0.0,2.6749613285064697,0.1561354100704193,8.77888011932373,0.0,6.343369960784912,0.0,0.0,0.0,0.0,0.0,0.0,0.0,10.4592924118042,5.761013507843018,0.32741957902908325,0.0,0.8533551096916199,0.0,5.28662633895874,7.847220420837402,1.8167511224746704,0.0,0.0,1.7986568212509155
0.0,0.0,0.0,2.797828197479248,0.9067656993865967,0.0,0.0,3.0385019779205322,0.0,2.6749613285064697,0.1561354100704193,8.77888011932373,0.0,6.343369960784912,0.0,0.0,0.0,0.0,0.0,0.0,0.0,10.4592924118042,5.761013507843018,0.32741957902908325,0.0,0.8533551096916199,0.0,5.28662633895874,7.847220420837402,1.8167511224746704,0.0,0.0,1.7986568212509155
0.0,0.0,0.0,2.797828197479248,0.9067656993865967,0.0,0.0,3.0385019779205322,0.0,2.6749613285064697,0.1561354100704193,8.77888011932373,0.0,6.343369960784912,0.0,0.0,0.0,0.0,0.0,0.0,0.0,10.4592924118042,5.761013507843018,0.32741957902908325,0.0,0.8533551096916199,0.0,5.28662633895874,7.847220420837402,1.8167511224746704,0.0,0.0,1.7986568212509155
0.0,0.0,0.0,2.797828197479248,0.9067656993865967,0.0,0.0,3.0385019779205322,0.0,2.6749613285064697,0.1561354100704193,8.77888011932373,0.0,6.343369960784912,0.0,0.0,0.0,0.0,0.0,0.0,0.0,10.4592924118042,5.761013507843018,0.32741957902908325,0.0,0.8533551096916199,0.0,5.28662633895874,7.847220420837402,1.8167511224746704,0.0,0.0,1.7986568212509155
0.0,0.0,0.0,2.797828197479248,0.9067656993865967,0.0,0.0,3.0385019779205322,0.0,2.6749613285064697,0.1561354100704193,8.77888011932373,0.0,6.343369960784912,0.0,0.0,0.0,0.0,0.0,0.0,0.0,10.4592924118042,5.761013507843018,0.32741957902908325,0.0,0.8533551096916199,0.0,5.28662633895874,7.847220420837402,1.8167511224746704,0.0,0.0,1.7986568212509155
0.0,0.0,0.0,2.797828197479248,0.9067656993865967,0.0,0.0,3.0385019779205322,0.0,2.6749613285064697,0.1561354100704193,8.77888011932373,0.0,6.343369960784912,0.0,0.0,0.0,0.0,0.0,0.0,0.0,10.4592924118042,5.761013507843018,0.32741957902908325,0.0,0.8533551096916199,0.0,5.28662633895874,7.847220420837402,1.8167511224746704,0.0,0.0,1.7986568212509155
0.0,0.0,0.0,2.797828197479248,0.9067656993865967,0.0,0.0,3.0385019779205322,0.0,2.6749613285064697,0.1561354100704193,8.77888011932373,0.0,6.343369960784912,0.0,0.0,0.0,0.0,0.0,0.0,0.0,10.4592924118042,5.761013507843018,0.32741957902908325,0.0,0.8533551096916199,0.0,5.28662633895874,7.847220420837402,1.8167511224746704,0.0,0.0,1.7986568212509155
0.0,0.0,0.0,2.4208168983459473,0.12279778718948364,0.0,0.0,4.196048259735107,0.0,8.065086364746094,3.071471929550171,11.343506813049316,0.5727931261062622,4.672820091247559,0.0,0.0,0.0,0.0,0.0,0.0,0.0,11.464341163635254,5.061887741088867,0.0,0.0,2.777376174926758,1.4275847673416138,4.726405620574951,9.339641571044922,4.381062030792236,2.5741283893585205,0.0,1.1260446310043335
0.0,0.0,0.0,2.4208168983459473,0.12279778718948364,0.0,0.0,4.196048259735107,0.0,8.065086364746094,3.071471929550171,11.343506813049316,0.5727931261062622,4.672820091247559,0.0,0.0,0.0,0.0,0.0,0.0,0.0,11.464341163635254,5.061887741088867,0.0,0.0,2.777376174926758,1.4275847673416138,4.726405620574951,9.339641571044922,4.381062030792236,2.5741283893585205,0.0,1.1260446310043335
0.0,0.0,0.0,2.4208168983459473,0.12279778718948364,0.0,0.0,4.196048259735107,0.0,8.065086364746094,3.071471929550171,11.343506813049316,0.5727931261062622,4.672820091247559,0.0,0.0,0.0,0.0,0.0,0.0,0.0,11.464341163635254,5.061887741088867,0.0,0.0,2.777376174926758,1.4275847673416138,4.726405620574951,9.339641571044922,4.381062030792236,2.5741283893585205,0.0,1.1260446310043335
0.0,0.0,0.0,2.4208168983459473,0.12279778718948364,0.0,0.0,4.196048259735107,0.0,8.065086364746094,3.071471929550171,11.343506813049316,0.5727931261062622,4.672820091247559,0.0,0.0,0.0,0.0,0.0,0.0,0.0,11.464341163635254,5.061887741088867,0.0,0.0,2.777376174926758,1.4275847673416138,4.726405620574951,9.339641571044922,4.381062030792236,2.5741283893585205,0.0,1.1260446310043335
0.0,0.0,0.0,2.4208168983459473,0.12279778718948364,0.0,0.0,4.196048259735107,0.0,8.065086364746094,3.071471929550171,11.343506813049316,0.5727931261062622,4.672820091247559,0.0,0.0,0.0,0.0,0.0,0.0,0.0,11.464341163635254,5.061887741088867,0.0,0.0,2.777376174926758,1.4275847673416138,4.726405620574951,9.339641571044922,4.381062030792236,2.5741283893585205,0.0,1.1260446310043335
0.0,0.0,0.0,2.4208168983459473,0.12279778718948364,0.0,0.0,4.196048259735107,0.0,8.065086364746094,3.071471929550171,11.343506813049316,0.5727931261062622,4.672820091247559,0.0,0.0,0.0,0.0,0.0,0.0,0.0,11.464341163635254,5.061887741088867,0.0,0.0,2.777376174926758,1.4275847673416138,4.726405620574951,9.339641571044922,4.381062030792236,2.5741283893585205,0.0,1.1260446310043335
0.0,0.0,0.0,2.4208168983459473,0.12279778718948364,0.0,0.0,4.196048259735107,0.0,8.065086364746094,3.071471929550171,11.343506813049316,0.5727931261062622,4.672820091247559,0.0,0.0,0.0,0.0,0.0,0.0,0.0,11.464341163635254,5.061887741088867,0.0,0.0,2.777376174926758,1.4275847673416138,4.726405620574951,9.339641571044922,4.381062030792236,2.5741283893585205,0.0,1.1260446310043335
0.0,0.0,0.0,2.4208168983459473,0.12279778718948364,0.0,0.0,4.196048259735107,0.0,8.065086364746094,3.071471929550171,11.343506813049316,0.5727931261062622,4.672820091247559,0.0,0.0,0.0,0.0,0.0,0.0,0.0,11.464341163635254,5.061887741088867,0.0,0.0,2.777376174926758,1.4275847673416138,4.726405620574951,9.339641571044922,4.381062030792236,2.5741283893585205,0.0,1.1260446310043335
0.0,0.9435003995895386,0.0,3.590515613555908,1.5447121858596802,0.0,0.0,4.693375587463379,0.0,1.433705449104309,0.1109820306301117,9.115572929382324,0.0,6.831943988800049,0.0,0.2647080421447754,0.0,0.0,0.054503247141838074,0.0,0.0,12.19628620147705,6.4730353355407715,1.6719858646392822,0.0,0.8566133379936218,0.24743632972240448,5.58938455581665,7.605466365814209,2.889242649078369,0.0,1.0211067199707031,3.064384698867798
0.0,0.9435003995895386,0.0,3.590515613555908,1.5447121858596802,0.0,0.0,4.693375587463379,0.0,1.433705449104309,0.1109820306301117,9.115572929382324,0.0,6.831943988800049,0.0,0.2647080421447754,0.0,0.0,0.054503247141838074,0.0,0.0,12.19628620147705,6.4730353355407715,1.6719858646392822,0.0,0.8566133379936218,0.24743632972240448,5.58938455581665,7.605466365814209,2.889242649078369,0.0,1.0211067199707031,3.064384698867798
0.0,0.9435003995895386,0.0,3.590515613555908,1.5447121858596802,0.0,0.0,4.693375587463379,0.0,1.433705449104309,0.1109820306301117,9.115572929382324,0.0,6.831943988800049,0.0,0.2647080421447754,0.0,0.0,0.054503247141838074,0.0,0.0,12.19628620147705,6.4730353355407715,1.6719858646392822,0.0,0.8566133379936218,0.24743632972240448,5.58938455581665,7.605466365814209,2.889242649078369,0.0,1.0211067199707031,3.064384698867798
0.0,0.9435003995895386,0.0,3.590515613555908,1.5447121858596802,0.0,0.0,4.693375587463379,0.0,1.433705449104309,0.1109820306301117,9.115572929382324,0.0,6.831943988800049,0.0,0.2647080421447754,0.0,0.0,0.054503247141838074,0.0,0.0,12.19628620147705,6.4730353355407715,1.6719858646392822,0.0,0.8566133379936218,0.24743632972240448,5.58938455581665,7.605466365814209,2.889242649078369,0.0,1.0211067199707031,3.064384698867798
0.0,0.9435003995895386,0.0,3.590515613555908,1.5447121858596802,0.0,0.0,4.693375587463379,0.0,1.433705449104309,0.1109820306301117,9.115572929382324,0.0,6.831943988800049,0.0,0.2647080421447754,0.0,0.0,0.054503247141838074,0.0,0.0,12.19628620147705,6.4730353355407715,1.6719858646392822,0.0,0.8566133379936218,0.24743632972240448,5.58938455581665,7.605466365814209,2.889242649078369,0.0,1.0211067199707031,3.064384698867798
0.0,0.9435003995895386,0.0,3.590515613555908,1.5447121858596802,0.0,0.0,4.693375587463379,0.0,1.433705449104309,0.1109820306301117,9.115572929382324,0.0,6.831943988800049,0.0,0.2647080421447754,0.0,0.0,0.054503247141838074,0.0,0.0,12.19628620147705,6.4730353355407715,1.6719858646392822,0.0,0.8566133379936218,0.24743632972240448,5.58938455581665,7.605466365814209,2.889242649078369,0.0,1.0211067199707031,3.064384698867798
0.0,0.9435003995895386,0.0,3.590515613555908,1.5447121858596802,0.0,0.0,4.693375587463379,0.0,1.433705449104309,0.1109820306301117,9.115572929382324,0.0,6.831943988800049,0.0,0.2647080421447754,0.0,0.0,0.054503247141838074,0.0,0.0,12.19628620147705,6.4730353355407715,1.6719858646392822,0.0,0.8566133379936218,0.24743632972240448,5.58938455581665,7.605466365814209,2.889242649078369,0.0,1.0211067199707031,3.064384698867798
0.0,0.9435003995895386,0.0,3.590515613555908,1.5447121858596802,0.0,0.0,4.693375587463379,0.0,1.433705449104309,0.1109820306301117,9.115572929382324,0.0,6.831943988800049,0.0,0.2647080421447754,0.0,0.0,0.054503247141838074,0.0,0.0,12.19628620147705,6.4730353355407715,1.6719858646392822,0.0,0.8566133379936218,0.24743632972240448,5.58938455581665,7.605466365814209,2.889242649078369,0.0,1.0211067199707031,3.064384698867798
0.0,0.8673290014266968,0.0,3.8363003730773926,1.7357745170593262,0.0,0.0,4.514103889465332,0.0,1.075002908706665,0.9977722764015198,9.961560249328613,0.0,6.875019073486328,0.0,0.8592078685760498,0.0,0.0,0.24675683677196503,0.0,0.0,12.307101249694824,6.7762370109558105,0.8768588900566101,0.0,1.0881686210632324,0.0,6.178501605987549,6.165921211242676,2.819072723388672,0.0,0.35679489374160767,3.491135835647583
0.0,0.8673290014266968,0.0,3.8363003730773926,1.7357745170593262,0.0,0.0,4.514103889465332,0.0,1.075002908706665,0.9977722764015198,9.961560249328613,0.0,6.875019073486328,0.0,0.8592078685760498,0.0,0.0,0.24675683677196503,0.0,0.0,12.307101249694824,6.7762370109558105,0.8768588900566101,0.0,1.0881686210632324,0.0,6.178501605987549,6.165921211242676,2.819072723388672,0.0,0.35679489374160767,3.491135835647583
0.0,0.8673290014266968,0.0,3.8363003730773926,1.7357745170593262,0.0,0.0,4.514103889465332,0.0,1.075002908706665,0.9977722764015198,9.961560249328613,0.0,6.875019073486328,0.0,0.8592078685760498,0.0,0.0,0.24675683677196503,0.0,0.0,12.307101249694824,6.7762370109558105,0.8768588900566101,0.0,1.0881686210632324,0.0,6.178501605987549,6.165921211242676,2.819072723388672,0.0,0.35679489374160767,3.491135835647583
0.0,0.8673290014266968,0.0,3.8363003730773926,1.7357745170593262,0.0,0.0,4.514103889465332,0.0,1.075002908706665,0.9977722764015198,9.961560249328613,0.0,6.875019073486328,0.0,0.8592078685760498,0.0,0.0,0.24675683677196503,0.0,0.0,12.307101249694824,6.7762370109558105,0.8768588900566101,0.0,1.0881686210632324,0.0,6.178501605987549,6.165921211242676,2.819072723388672,0.0,0.35679489374160767,3.491135835647583
0.0,0.8673290014266968,0.0,3.8363003730773926,1.7357745170593262,0.0,0.0,4.514103889465332,0.0,1.075002908706665,0.9977722764015198,9.961560249328613,0.0,6.875019073486328,0.0,0.8592078685760498,0.0,0.0,0.24675683677196503,0.0,0.0,12.307101249694824,6.7762370109558105,0.8768588900566101,0.0,1.0881686210632324,0.0,6.178501605987549,6.165921211242676,2.819072723388672,0.0,0.35679489374160767,3.491135835647583
0.0,0.8673290014266968,0.0,3.8363003730773926,1.7357745170593262,0.0,0.0,4.514103889465332,0.0,1.075002908706665,0.9977722764015198,9.961560249328613,0.0,6.875019073486328,0.0,0.8592078685760498,0.0,0.0,0.24675683677196503,0.0,0.0,12.307101249694824,6.7762370109558105,0.8768588900566101,0.0,1.0881686210632324,0.0,6.178501605987549,6.165921211242676,2.819072723388672,0.0,0.35679489374160767,3.491135835647583
0.0,0.8673290014266968,0.0,3.8363003730773926,1.7357745170593262,0.0,0.0,4.514103889465332,0.0,1.075002908706665,0.9977722764015198,9.961560249328613,0.0,6.875019073486328,0.0,0.8592078685760498,0.0,0.0,0.24675683677196503,0.0,0.0,12.307101249694824,6.7762370109558105,0.8768588900566101,0.0,1.0881686210632324,0.0,6.178501605987549,6.165921211242676,2.819072723388672,0.0,0.35679489374160767,3.491135835647583
0.0,0.8673290014266968,0.0,3.8363003730773926,1.7357745170593262,0.0,0.0,4.514103889465332,0.0,1.075002908706665,0.9977722764015198,9.961560249328613,0.0,6.875019073486328,0.0,0.8592078685760498,0.0,0.0,0.24675683677196503,0.0,0.0,12.307101249694824,6.7762370109558105,0.8768588900566101,0.0,1.0881686210632324,0.0,6.178501605987549,6.165921211242676,2.819072723388672,0.0,0.35679489374160767,3.491135835647583
0.0,0.0,0.0,1.8463431596755981,0.09644418954849243,0.0,0.0,0.238516166806221,0.0,2.3925716876983643,0.15810927748680115,8.023107528686523,0.6131758093833923,5.851353645324707,0.0,0.8971608877182007,0.0,0.0,0.0,0.0,0.0,9.752704620361328,5.018871307373047,0.0,0.0,1.3143877983093262,0.0,4.761066436767578,5.8686203956604,2.6442995071411133,0.0,0.0,1.5665409564971924
0.0,0.0,0.0,1.8463431596755981,0.09644418954849243,0.0,0.0,0.238516166806221,0.0,2.3925716876983643,0.15810927748680115,8.023107528686523,0.6131758093833923,5.851353645324707,0.0,0.8971608877182007,0.0,0.0,0.0,0.0,0.0,9.752704620361328,5.018871307373047,0.0,0.0,1.3143877983093262,0.0,4.761066436767578,5.8686203956604,2.6442995071411133,0.0,0.0,1.5665409564971924
0.0,0.0,0.0,1.8463431596755981,0.09644418954849243,0.0,0.0,0.238516166806221,0.0,2.3925716876983643,0.15810927748680115,8.023107528686523,0.6131758093833923,5.851353645324707,0.0,0.8971608877182007,0.0,0.0,0.0,0.0,0.0,9.752704620361328,5.018871307373047,0.0,0.0,1.3143877983093262,0.0,4.761066436767578,5.8686203956604,2.6442995071411133,0.0,0.0,1.5665409564971924
0.0,0.0,0.0,1.8463431596755981,0.09644418954849243,0.0,0.0,0.238516166806221,0.0,2.3925716876983643,0.15810927748680115,8.023107528686523,0.6131758093833923,5.851353645324707,0.0,0.8971608877182007,0.0,0.0,0.0,0.0,0.0,9.752704620361328,5.018871307373047,0.0,0.0,1.3143877983093262,0.0,4.761066436767578,5.8686203956604,2.6442995071411133,0.0,0.0,1.5665409564971924
0.0,0.0,0.0,1.8463431596755981,0.09644418954849243,0.0,0.0,0.238516166806221,0.0,2.3925716876983643,0.15810927748680115,8.023107528686523,0.6131758093833923,5.851353645324707,0.0,0.8971608877182007,0.0,0.0,0.0,0.0,0.0,9.752704620361328,5.018871307373047,0.0,0.0,1.3143877983093262,0.0,4.761066436767578,5.8686203956604,2.6442995071411133,0.0,0.0,1.5665409564971924
0.0,0.0,0.0,1.8463431596755981,0.09644418954849243,0.0,0.0,0.238516166806221,0.0,2.3925716876983643,0.15810927748680115,8.023107528686523,0.6131758093833923,5.851353645324707,0.0,0.8971608877182007,0.0,0.0,0.0,0.0,0.0,9.752704620361328,5.018871307373047,0.0,0.0,1.3143877983093262,0.0,4.761066436767578,5.8686203956604,2.6442995071411133,0.0,0.0,1.5665409564971924
0.0,0.0,0.0,1.8463431596755981,0.09644418954849243,0.0,0.0,0.238516166806221,0.0,2.3925716876983643,0.15810927748680115,8.023107528686523,0.6131758093833923,5.851353645324707,0.0,0.8971608877182007,0.0,0.0,0.0,0.0,0.0,9.752704620361328,5.018871307373047,0.0,0.0,1.3143877983093262,0.0,4.761066436767578,5.8686203956604,2.6442995071411133,0.0,0.0,1.5665409564971924
0.0,0.0,0.0,1.8463431596755981,0.09644418954849243,0.0,0.0,0.238516166806221,0.0,2.3925716876983643,0.15810927748680115,8.023107528686523,0.6131758093833923,5.851353645324707,0.0,0.8971608877182007,0.0,0.0,0.0,0.0,0.0,9.752704620361328,5.018871307373047,0.0,0.0,1.3143877983093262,0.0,4.761066436767578,5.8686203956604,2.6442995071411133,0.0,0.0,1.5665409564971924
0.0,0.6089944839477539,0.0,3.3597235679626465,0.7556954622268677,0.0,0.0,2.481841564178467,0.0,0.5748494267463684,0.4086826741695404,8.814082145690918,0.0,7.1271185874938965,0.0,1.3017470836639404,0.0,0.0,0.12927435338497162,0.0,0.0,11.8485689163208,6.154875755310059,0.0,0.0,1.5513310432434082,0.0,5.3097710609436035,4.901221752166748,4.729321479797363,0.0,0.31729358434677124,3.0889275074005127
0.0,0.6089944839477539,0.0,3.3597235679626465,0.7556954622268677,0.0,0.0,2.481841564178467,0.0,0.5748494267463684,0.4086826741695404,8.814082145690918,0.0,7.1271185874938965,0.0,1.3017470836639404,0.0,0.0,0.12927435338497162,0.0,0.0,11.8485689163208,6.154875755310059,0.0,0.0,1.5513310432434082,0.0,5.3097710609436035,4.901221752166748,4.729321479797363,0.0,0.31729358434677124,3.0889275074005127
0.0,0.6089944839477539,0.0,3.3597235679626465,0.7556954622268677,0.0,0.0,2.481841564178467,0.0,0.5748494267463684,0.4086826741695404,8.814082145690918,0.0,7.1271185874938965,0.0,1.3017470836639404,0.0,0.0,0.12927435338497162,0.0,0.0,11.8485689163208,6.154875755310059,0.0,0.0,1.5513310432434082,0.0,5.3097710609436035,4.901221752166748,4.729321479797363,0.0,0.31729358434677124,3.0889275074005127
0.0,0.6089944839477539,0.0,3.3597235679626465,0.7556954622268677,0.0,0.0,2.481841564178467,0.0,0.5748494267463684,0.4086826741695404,8.814082145690918,0.0,7.1271185874938965,0.0,1.3017470836639404,0.0,0.0,0.12927435338497162,0.0,0.0,11.8485689163208,6.154875755310059,0.0,0.0,1.5513310432434082,0.0,5.3097710609436035,4.901221752166748,4.729321479797363,0.0,0.31729358434677124,3.0889275074005127
0.0,0.6089944839477539,0.0,3.3597235679626465,0.7556954622268677,0.0,0.0,2.481841564178467,0.0,0.5748494267463684,0.4086826741695404,8.814082145690918,0.0,7.1271185874938965,0.0,1.3017470836639404,0.0,0.0,0.12927435338497162,0.0,0.0,11.8485689163208,6.154875755310059,0.0,0.0,1.5513310432434082,0.0,5.3097710609436035,4.901221752166748,4.729321479797363,0.0,0.31729358434677124,3.0889275074005127
0.0,0.6089944839477539,0.0,3.3597235679626465,0.7556954622268677,0.0,0.0,2.481841564178467,0.0,0.5748494267463684,0.4086826741695404,8.814082145690918,0.0,7.1271185874938965,0.0,1.3017470836639404,0.0,0.0,0.12927435338497162,0.0,0.0,11.8485689163208,6.154875755310059,0.0,0.0,1.5513310432434082,0.0,5.3097710609436035,4.901221752166748,4.729321479797363,0.0,0.31729358434677124,3.0889275074005127
0.0,0.6089944839477539,0.0,3.3597235679626465,0.7556954622268677,0.0,0.0,2.481841564178467,0.0,0.5748494267463684,0.4086826741695404,8.814082145690918,0.0,7.1271185874938965,0.0,1.3017470836639404,0.0,0.0,0.12927435338497162,0.0,0.0,11.8485689163208,6.154875755310059,0.0,0.0,1.5513310432434082,0.0,5.3097710609436035,4.901221752166748,4.729321479797363,0.0,0.31729358434677124,3.0889275074005127
0.0,0.6089944839477539,0.0,3.3597235679626465,0.7556954622268677,0.0,0.0,2.481841564178467,0.0,0.5748494267463684,0.4086826741695404,8.814082145690918,0.0,7.1271185874938965,0.0,1.3017470836639404,0.0,0.0,0.12927435338497162,0.0,0.0,11.8485689163208,6.154875755310059,0.0,0.0,1.5513310432434082,0.0,5.3097710609436035,4.901221752166748,4.729321479797363,0.0,0.31729358434677124,3.0889275074005127
4.0,0.0,0.0,0.7768883109092712,0.0,0.0,0.0,0.5146077871322632,0.0,8.69918155670166,3.5095620155334473,10.317562103271484,2.5628483295440674,4.287895679473877,0.0,0.00556134432554245,0.0,0.0,0.0,0.0,0.0,10.255130767822266,4.233898162841797,0.0,0.0,3.4999308586120605,0.0,4.428881645202637,7.333079814910889,4.834344387054443,1.5444440841674805,0.0,0.2661297917366028
4.0,0.0,0.0,0.7768883109092712,0.0,0.0,0.0,0.5146077871322632,0.0,8.69918155670166,3.5095620155334473,10.317562103271484,2.5628483295440674,4.287895679473877,0.0,0.00556134432554245,0.0,0.0,0.0,0.0,0.0,10.255130767822266,4.233898162841797,0.0,0.0,3.4999308586120605,0.0,4.428881645202637,7.333079814910889,4.834344387054443,1.5444440841674805,0.0,0.2661297917366028
4.0,0.0,0.0,0.7768883109092712,0.0,0.0,0.0,0.5146077871322632,0.0,8.69918155670166,3.5095620155334473,10.317562103271484,2.5628483295440674,4.287895679473877,0.0,0.00556134432554245,0.0,0.0,0.0,0.0,0.0,10.255130767822266,4.233898162841797,0.0,0.0,3.4999308586120605,0.0,4.428881645202637,7.333079814910889,4.834344387054443,1.5444440841674805,0.0,0.2661297917366028
4.0,0.0,0.0,0.7768883109092712,0.0,0.0,0.0,0.5146077871322632,0.0,8.69918155670166,3.5095620155334473,10.317562103271484,2.5628483295440674,4.287895679473877,0.0,0.00556134432554245,0.0,0.0,0.0,0.0,0.0,10.255130767822266,4.233898162841797,0.0,0.0,3.4999308586120605,0.0,4.428881645202637,7.333079814910889,4.834344387054443,1.5444440841674805,0.0,0.2661297917366028
4.0,0.0,0.0,0.7768883109092712,0.0,0.0,0.0,0.5146077871322632,0.0,8.69918155670166,3.5095620155334473,10.317562103271484,2.5628483295440674,4.287895679473877,0.0,0.00556134432554245,0.0,0.0,0.0,0.0,0.0,10.255130767822266,4.233898162841797,0.0,0.0,3.4999308586120605,0.0,4.428881645202637,7.333079814910889,4.834344387054443,1.5444440841674805,0.0,0.2661297917366028
4.0,0.0,0.0,0.7768883109092712,0.0,0.0,0.0,0.5146077871322632,0.0,8.69918155670166,3.5095620155334473,10.317562103271484,2.5628483295440674,4.287895679473877,0.0,0.00556134432554245,0.0,0.0,0.0,0.0,0.0,10.255130767822266,4.233898162841797,0.0,0.0,3.4999308586120605,0.0,4.428881645202637,7.333079814910889,4.834344387054443,1.5444440841674805,0.0,0.2661297917366028
4.0,0.0,0.0,0.7768883109092712,0.0,0.0,0.0,0.5146077871322632,0.0,8.69918155670166,3.5095620155334473,10.317562103271484,2.5628483295440674,4.287895679473877,0.0,0.00556134432554245,0.0,0.0,0.0,0.0,0.0,10.255130767822266,4.233898162841797,0.0,0.0,3.4999308586120605,0.0,4.428881645202637,7.333079814910889,4.834344387054443,1.5444440841674805,0.0,0.2661297917366028
4.0,0.0,0.0,0.7768883109092712,0.0,0.0,0.0,0.5146077871322632,0.0,8.69918155670166,3.5095620155334473,10.317562103271484,2.5628483295440674,4.287895679473877,0.0,0.00556134432554245,0.0,0.0,0.0,0.0,0.0,10.255130767822266,4.233898162841797,0.0,0.0,3.4999308586120605,0.0,4.428881645202637,7.333079814910889,4.834344387054443,1.5444440841674805,0.0,0.2661297917366028
0.0,0.0,0.0,0.0,0.24939686059951782,0.0,0.0,1.657133936882019,0.0,7.906315803527832,3.6661083698272705,10.28405475616455,3.222883701324463,5.69135046005249,0.0,0.0,0.0,0.0,0.0,0.28187161684036255,0.0,10.647780418395996,5.312975883483887,0.0,0.0,3.826340675354004,0.0,3.8827333450317383,9.207784652709961,0.0,5.923295497894287,0.0,0.0
0.0,0.0,0.0,0.0,0.24939686059951782,0.0,0.0,1.657133936882019,0.0,7.906315803527832,3.6661083698272705,10.28405475616455,3.222883701324463,5.69135046005249,0.0,0.0,0.0,0.0,0.0,0.28187161684036255,0.0,10.647780418395996,5.312975883483887,0.0,0.0,3.826340675354004,0.0,3.8827333450317383,9.207784652709961,0.0,5.923295497894287,0.0,0.0
0.0,0.0,0.0,0.0,0.24939686059951782,0.0,0.0,1.657133936882019,0.0,7.906315803527832,3.6661083698272705,10.28405475616455,3.222883701324463,5.69135046005249,0.0,0.0,0.0,0.0,0.0,0.28187161684036255,0.0,10.647780418395996,5.312975883483887,0.0,0.0,3.826340675354004,0.0,3.8827333450317383,9.207784652709961,0.0,5.923295497894287,0.0,0.0
0.0,0.0,0.0,0.0,0.24939686059951782,0.0,0.0,1.657133936882019,0.0,7.906315803527832,3.6661083698272705,10.28405475616455,3.222883701324463,5.69135046005249,0.0,0.0,0.0,0.0,0.0,0.28187161684036255,0.0,10.647780418395996,5.312975883483887,0.0,0.0,3.826340675354004,0.0,3.8827333450317383,9.207784652709961,0.0,5.923295497894287,0.0,0.0
0.0,0.0,0.0,0.0,0.24939686059951782,0.0,0.0,1.657133936882019,0.0,7.906315803527832,3.6661083698272705,10.28405475616455,3.222883701324463,5.69135046005249,0.0,0.0,0.0,0.0,0.0,0.28187161684036255,0.0,10.647780418395996,5.312975883483887,0.0,0.0,3.826340675354004,0.0,3.8827333450317383,9.207784652709961,0.0,5.923295497894287,0.0,0.0
0.0,0.0,0.0,0.0,0.24939686059951782,0.0,0.0,1.657133936882019,0.0,7.906315803527832,3.6661083698272705,10.28405475616455,3.222883701324463,5.69135046005249,0.0,0.0,0.0,0.0,0.0,0.28187161684036255,0.0,10.647780418395996,5.312975883483887,0.0,0.0,3.826340675354004,0.0,3.8827333450317383,9.207784652709961,0.0,5.923295497894287,0.0,0.0
0.0,0.0,0.0,0.0,0.24939686059951782,0.0,0.0,1.657133936882019,0.0,7.906315803527832,3.6661083698272705,10.28405475616455,3.222883701324463,5.69135046005249,0.0,0.0,0.0,0.0,0.0,0.28187161684036255,0.0,10.647780418395996,5.312975883483887,0.0,0.0,3.826340675354004,0.0,3.8827333450317383,9.207784652709961,0.0,5.923295497894287,0.0,0.0
0.0,0.0,0.0,0.0,0.24939686059951782,0.0,0.0,1.657133936882019,0.0,7.906315803527832,3.6661083698272705,10.28405475616455,3.222883701324463,5.69135046005249,0.0,0.0,0.0,0.0,0.0,0.28187161684036255,0.0,10.647780418395996,5.312975883483887,0.0,0.0,3.826340675354004,0.0,3.8827333450317383,9.207784652709961,0.0,5.923295497894287,0.0,0.0
0.0,0.0,0.0,1.4303088188171387,0.29446089267730713,0.0,0.0,0.0,0.0,2.412358522415161,0.27903398871421814,8.116596221923828,1.7072395086288452,6.270934581756592,0.0,0.5097024440765381,0.0,0.0,0.0,0.0,0.0,9.512826919555664,4.767946720123291,0.0,0.0,1.4179331064224243,0.0,4.2142744064331055,6.626492023468018,1.5531865358352661,0.0,0.0,0.4023589491844177
0.0,0.0,0.0,1.4303088188171387,0.29446089267730713,0.0,0.0,0.0,0.0,2.412358522415161,0.27903398871421814,8.116596221923828,1.7072395086288452,6.270934581756592,0.0,0.5097024440765381,0.0,0.0,0.0,0.0,0.0,9.512826919555664,4.767946720123291,0.0,0.0,1.4179331064224243,0.0,4.2142744064331055,6.626492023468018,1.5531865358352661,0.0,0.0,0.4023589491844177
0.0,0.0,0.0,1.4303088188171387,0.29446089267730713,0.0,0.0,0.0,0.0,2.412358522415161,0.27903398871421814,8.116596221923828,1.7072395086288452,6.270934581756592,0.0,0.5097024440765381,0.0,0.0,0.0,0.0,0.0,9.512826919555664,4.767946720123291,0.0,0.0,1.4179331064224243,0.0,4.2142744064331055,6.626492023468018,1.5531865358352661,0.0,0.0,0.4023589491844177
0.0,0.0,0.0,1.4303088188171387,0.29446089267730713,0.0,0.0,0.0,0.0,2.412358522415161,0.27903398871421814,8.116596221923828,1.7072395086288452,6.270934581756592,0.0,0.5097024440765381,0.0,0.0,0.0,0.0,0.0,9.512826919555664,4.767946720123291,0.0,0.0,1.4179331064224243,0.0,4.2142744064331055,6.626492023468018,1.5531865358352661,0.0,0.0,0.4023589491844177
0.0,0.0,0.0,1.4303088188171387,0.29446089267730713,0.0,0.0,0.0,0.0,2.412358522415161,0.27903398871421814,8.116596221923828,1.7072395086288452,6.270934581756592,0.0,0.5097024440765381,0.0,0.0,0.0,0.0,0.0,9.512826919555664,4.767946720123291,0.0,0.0,1.4179331064224243,0.0,4.2142744064331055,6.626492023468018,1.5531865358352661,0.0,0.0,0.4023589491844177
0.0,0.0,0.0,1.4303088188171387,0.29446089267730713,0.0,0.0,0.0,0.0,2.412358522415161,0.27903398871421814,8.116596221923828,1.7072395086288452,6.270934581756592,0.0,0.5097024440765381,0.0,0.0,0.0,0.0,0.0,9.512826919555664,4.767946720123291,0.0,0.0,1.4179331064224243,0.0,4.2142744064331055,6.626492023468018,1.5531865358352661,0.0,0.0,0.4023589491844177
0.0,0.0,0.0,1.4303088188171387,0.29446089267730713,0.0,0.0,0.0,0.0,2.412358522415161,0.27903398871421814,8.116596221923828,1.7072395086288452,6.270934581756592,0.0,0.5097024440765381,0.0,0.0,0.0,0.0,0.0,9.512826919555664,4.767946720123291,0.0,0.0,1.4179331064224243,0.0,4.2142744064331055,6.626492023468018,1.5531865358352661,0.0,0.0,0.4023589491844177
0.0,0.0,0.0,1.4303088188171387,0.29446089267730713,0.0,0.0,0.0,0.0,2.412358522415161,0.27903398871421814,8.116596221923828,1.7072395086288452,6.270934581756592,0.0,0.5097024440765381,0.0,0.0,0.0,0.0,0.0,9.512826919555664,4.767946720123291,0.0,0.0,1.4179331064224243,0.0,4.2142744064331055,6.626492023468018,1.5531865358352661,0.0,0.0,0.4023589491844177
0.0,0.0,0.0,0.746122419834137,0.6843305230140686,0.0,0.0,1.011104941368103,0.0,7.879786014556885,4.126063823699951,9.880389213562012,2.9159533977508545,5.443197727203369,0.0,0.018253199756145477,0.0,0.0,0.0,0.0,0.0,11.076798439025879,4.661994934082031,0.0,0.0,3.5715525150299072,0.8292346596717834,3.320784091949463,7.2772393226623535,3.705535888671875,1.9921114444732666,0.0,0.0
0.0,0.0,0.0,0.746122419834137,0.6843305230140686,0.0,0.0,1.011104941368103,0.0,7.879786014556885,4.126063823699951,9.880389213562012,2.9159533977508545,5.443197727203369,0.0,0.018253199756145477,0.0,0.0,0.0,0.0,0.0,11.076798439025879,4.661994934082031,0.0,0.0,3.5715525150299072,0.8292346596717834,3.320784091949463,7.2772393226623535,3.705535888671875,1.9921114444732666,0.0,0.0
0.0,0.0,0.0,0.746122419834137,0.6843305230140686,0.0,0.0,1.011104941368103,0.0,7.879786014556885,4.126063823699951,9.880389213562012,2.9159533977508545,5.443197727203369,0.0,0.018253199756145477,0.0,0.0,0.0,0.0,0.0,11.076798439025879,4.661994934082031,0.0,0.0,3.5715525150299072,0.8292346596717834,3.320784091949463,7.2772393226623535,3.705535888671875,1.9921114444732666,0.0,0.0
0.0,0.0,0.0,0.746122419834137,0.6843305230140686,0.0,0.0,1.011104941368103,0.0,7.879786014556885,4.126063823699951,9.880389213562012,2.9159533977508545,5.443197727203369,0.0,0.018253199756145477,0.0,0.0,0.0,0.0,0.0,11.076798439025879,4.661994934082031,0.0,0.0,3.5715525150299072,0.8292346596717834,3.320784091949463,7.2772393226623535,3.705535888671875,1.9921114444732666,0.0,0.0
0.0,0.0,0.0,0.746122419834137,0.6843305230140686,0.0,0.0,1.011104941368103,0.0,7.879786014556885,4.126063823699951,9.880389213562012,2.9159533977508545,5.443197727203369,0.0,0.018253199756145477,0.0,0.0,0.0,0.0,0.0,11.076798439025879,4.661994934082031,0.0,0.0,3.5715525150299072,0.8292346596717834,3.320784091949463,7.2772393226623535,3.705535888671875,1.9921114444732666,0.0,0.0
0.0,0.0,0.0,0.746122419834137,0.6843305230140686,0.0,0.0,1.011104941368103,0.0,7.879786014556885,4.126063823699951,9.880389213562012,2.9159533977508545,5.443197727203369,0.0,0.018253199756145477,0.0,0.0,0.0,0.0,0.0,11.076798439025879,4.661994934082031,0.0,0.0,3.5715525150299072,0.8292346596717834,3.320784091949463,7.2772393226623535,3.705535888671875,1.9921114444732666,0.0,0.0
0.0,0.0,0.0,0.746122419834137,0.6843305230140686,0.0,0.0,1.011104941368103,0.0,7.879786014556885,4.126063823699951,9.880389213562012,2.9159533977508545,5.443197727203369,0.0,0.018253199756145477,0.0,0.0,0.0,0.0,0.0,11.076798439025879,4.661994934082031,0.0,0.0,3.5715525150299072,0.8292346596717834,3.320784091949463,7.2772393226623535,3.705535888671875,1.9921114444732666,0.0,0.0
0.0,0.0,0.0,0.746122419834137,0.6843305230140686,0.0,0.0,1.011104941368103,0.0,7.879786014556885,4.126063823699951,9.880389213562012,2.9159533977508545,5.443197727203369,0.0,0.018253199756145477,0.0,0.0,0.0,0.0,0.0,11.076798439025879,4.661994934082031,0.0,0.0,3.5715525150299072,0.8292346596717834,3.320784091949463,7.2772393226623535,3.705535888671875,1.9921114444732666,0.0,0.0
0.0,0.0,0.0,1.095184564590454,0.7877650856971741,0.0,0.0,0.20609541237354279,0.0,3.86272931098938,1.0890555381774902,9.171004295349121,2.3708877563476562,5.756051540374756,0.0,0.2318415641784668,0.0,0.0,0.0,0.0,0.0,9.255788803100586,4.062306880950928,0.0,0.0,1.7304353713989258,0.0,4.553798675537109,6.467073917388916,1.3300601243972778,0.0,0.0,0.6362773776054382
0.0,0.0,0.0,1.095184564590454,0.7877650856971741,0.0,0.0,0.20609541237354279,0.0,3.86272931098938,1.0890555381774902,9.171004295349121,2.3708877563476562,5.756051540374756,0.0,0.2318415641784668,0.0,0.0,0.0,0.0,0.0,9.255788803100586,4.062306880950928,0.0,0.0,1.7304353713989258,0.0,4.553798675537109,6.467073917388916,1.3300601243972778,0.0,0.0,0.6362773776054382
0.0,0.0,0.0,1.095184564590454,0.7877650856971741,0.0,0.0,0.20609541237354279,0.0,3.86272931098938,1.0890555381774902,9.171004295349121,2.3708877563476562,5.756051540374756,0.0,0.2318415641784668,0.0,0.0,0.0,0.0,0.0,9.255788803100586,4.062306880950928,0.0,0.0,1.7304353713989258,0.0,4.553798675537109,6.467073917388916,1.3300601243972778,0.0,0.0,0.6362773776054382
0.0,0.0,0.0,1.095184564590454,0.7877650856971741,0.0,0.0,0.20609541237354279,0.0,3.86272931098938,1.0890555381774902,9.171004295349121,2.3708877563476562,5.756051540374756,0.0,0.2318415641784668,0.0,0.0,0.0,0.0,0.0,9.255788803100586,4.062306880950928,0.0,0.0,1.7304353713989258,0.0,4.553798675537109,6.467073917388916,1.3300601243972778,0.0,0.0,0.6362773776054382
0.0,0.0,0.0,1.095184564590454,0.7877650856971741,0.0,0.0,0.20609541237354279,0.0,3.86272931098938,1.0890555381774902,9.171004295349121,2.3708877563476562,5.756051540374756,0.0,0.2318415641784668,0.0,0.0,0.0,0.0,0.0,9.255788803100586,4.062306880950928,0.0,0.0,1.7304353713989258,0.0,4.553798675537109,6.467073917388916,1.3300601243972778,0.0,0.0,0.6362773776054382
0.0,0.0,0.0,1.095184564590454,0.7877650856971741,0.0,0.0,0.20609541237354279,0.0,3.86272931098938,1.0890555381774902,9.171004295349121,2.3708877563476562,5.756051540374756,0.0,0.2318415641784668,0.0,0.0,0.0,0.0,0.0,9.255788803100586,4.062306880950928,0.0,0.0,1.7304353713989258,0.0,4.553798675537109,6.467073917388916,1.3300601243972778,0.0,0.0,0.6362773776054382
0.0,0.0,0.0,1.095184564590454,0.7877650856971741,0.0,0.0,0.20609541237354279,0.0,3.86272931098938,1.0890555381774902,9.171004295349121,2.3708877563476562,5.756051540374756,0.0,0.2318415641784668,0.0,0.0,0.0,0.0,0.0,9.255788803100586,4.062306880950928,0.0,0.0,1.7304353713989258,0.0,4.553798675537109,6.467073917388916,1.3300601243972778,0.0,0.0,0.6362773776054382
0.0,0.0,0.0,1.095184564590454,0.7877650856971741,0.0,0.0,0.20609541237354279,0.0,3.86272931098938,1.0890555381774902,9.171004295349121,2.3708877563476562,5.756051540374756,0.0,0.2318415641784668,0.0,0.0,0.0,0.0,0.0,9.255788803100586,4.062306880950928,0.0,0.0,1.7304353713989258,0.0,4.553798675537109,6.467073917388916,1.3300601243972778,0.0,0.0,0.6362773776054382
0.0,0.0,0.0,1.4789018630981445,0.8093553781509399,0.0,0.0,0.05559463053941727,0.0,2.589641809463501,0.36459335684776306,8.731206893920898,2.1359663009643555,6.061069011688232,0.0,0.5306396484375,0.0,0.0,0.0,0.0,0.0,9.499067306518555,4.963424205780029,0.0,0.0,1.3725355863571167,0.0,4.27331018447876,6.577654838562012,1.6476799249649048,0.0,0.0,0.582706868648529
0.0,0.0,0.0,1.4789018630981445,0.8093553781509399,0.0,0.0,0.05559463053941727,0.0,2.589641809463501,0.36459335684776306,8.731206893920898,2.1359663009643555,6.061069011688232,0.0,0.5306396484375,0.0,0.0,0.0,0.0,0.0,9.499067306518555,4.963424205780029,0.0,0.0,1.3725355863571167,0.0,4.27331018447876,6.577654838562012,1.6476799249649048,0.0,0.0,0.582706868648529
0.0,0.0,0.0,1.4789018630981445,0.8093553781509399,0.0,0.0,0.05559463053941727,0.0,2.589641809463501,0.36459335684776306,8.731206893920898,2.1359663009643555,6.061069011688232,0.0,0.5306396484375,0.0,0.0,0.0,0.0,0.0,9.499067306518555,4.963424205780029,0.0,0.0,1.3725355863571167,0.0,4.27331018447876,6.577654838562012,1.6476799249649048,0.0,0.0,0.582706868648529
0.0,0.0,0.0,1.4789018630981445,0.8093553781509399,0.0,0.0,0.05559463053941727,0.0,2.589641809463501,0.36459335684776306,8.731206893920898,2.1359663009643555,6.061069011688232,0.0,0.5306396484375,0.0,0.0,0.0,0.0,0.0,9.499067306518555,4.963424205780029,0.0,0.0,1.3725355863571167,0.0,4.27331018447876,6.577654838562012,1.6476799249649048,0.0,0.0,0.582706868648529
0.0,0.0,0.0,1.4789018630981445,0.8093553781509399,0.0,0.0,0.05559463053941727,0.0,2.589641809463501,0.36459335684776306,8.731206893920898,2.1359663009643555,6.061069011688232,0.0,0.5306396484375,0.0,0.0,0.0,0.0,0.0,9.499067306518555,4.963424205780029,0.0,0.0,1.3725355863571167,0.0,4.27331018447876,6.577654838562012,1.6476799249649048,0.0,0.0,0.582706868648529
0.0,0.0,0.0,1.4789018630981445,0.8093553781509399,0.0,0.0,0.05559463053941727,0.0,2.589641809463501,0.36459335684776306,8.731206893920898,2.1359663009643555,6.061069011688232,0.0,0.5306396484375,0.0,0.0,0.0,0.0,0.0,9.499067306518555,4.963424205780029,0.0,0.0,1.3725355863571167,0.0,4.27331018447876,6.577654838562012,1.6476799249649048,0.0,0.0,0.582706868648529
0.0,0.0,0.0,1.4789018630981445,0.8093553781509399,0.0,0.0,0.05559463053941727,0.0,2.589641809463501,0.36459335684776306,8.731206893920898,2.1359663009643555,6.061069011688232,0.0,0.5306396484375,0.0,0.0,0.0,0.0,0.0,9.499067306518555,4.963424205780029,0.0,0.0,1.3725355863571167,0.0,4.27331018447876,6.577654838562012,1.6476799249649048,0.0,0.0,0.582706868648529
0.0,0.0,0.0,1.4789018630981445,0.8093553781509399,0.0,0.0,0.05559463053941727,0.0,2.589641809463501,0.36459335684776306,8.731206893920898,2.1359663009643555,6.061069011688232,0.0,0.5306396484375,0.0,0.0,0.0,0.0,0.0,9.499067306518555,4.963424205780029,0.0,0.0,1.3725355863571167,0.0,4.27331018447876,6.577654838562012,1.6476799249649048,0.0,0.0,0.582706868648529
0.0,0.35953426361083984,0.0,2.642518997192383,1.7567318677902222,0.0,0.0,2.532787561416626,0.0,2.1661007404327393,1.4660844802856445,10.281478881835938,0.6556552052497864,6.7884745597839355,0.0,0.45634031295776367,0.0,0.0,0.0,0.0,0.0,11.323728561401367,5.183676242828369,0.0,0.0,1.8865677118301392,0.0,5.2102885246276855,5.411174297332764,3.3919477462768555,0.0,0.20840339362621307,2.358891010284424
0.0,0.35953426361083984,0.0,2.642518997192383,1.7567318677902222,0.0,0.0,2.532787561416626,0.0,2.1661007404327393,1.4660844802856445,10.281478881835938,0.6556552052497864,6.7884745597839355,0.0,0.45634031295776367,0.0,0.0,0.0,0.0,0.0,11.323728561401367,5.183676242828369,0.0,0.0,1.8865677118301392,0.0,5.2102885246276855,5.411174297332764,3.3919477462768555,0.0,0.20840339362621307,2.358891010284424
0.0,0.35953426361083984,0.0,2.642518997192383,1.7567318677902222,0.0,0.0,2.532787561416626,0.0,2.1661007404327393,1.4660844802856445,10.281478881835938,0.6556552052497864,6.7884745597839355,0.0,0.45634031295776367,0.0,0.0,0.0,0.0,0.0,11.323728561401367,5.183676242828369,0.0,0.0,1.8865677118301392,0.0,5.2102885246276855,5.411174297332764,3.3919477462768555,0.0,0.20840339362621307,2.358891010284424
0.0,0.35953426361083984,0.0,2.642518997192383,1.7567318677902222,0.0,0.0,2.532787561416626,0.0,2.1661007404327393,1.4660844802856445,10.281478881835938,0.6556552052497864,6.7884745597839355,0.0,0.45634031295776367,0.0,0.0,0.0,0.0,0.0,11.323728561401367,5.183676242828369,0.0,0.0,1.8865677118301392,0.0,5.2102885246276855,5.411174297332764,3.3919477462768555,0.0,0.20840339362621307,2.358891010284424
0.0,0.35953426361083984,0.0,2.642518997192383,1.7567318677902222,0.0,0.0,2.532787561416626,0.0,2.1661007404327393,1.4660844802856445,10.281478881835938,0.6556552052497864,6.7884745597839355,0.0,0.45634031295776367,0.0,0.0,0.0,0.0,0.0,11.323728561401367,5.183676242828369,0.0,0.0,1.8865677118301392,0.0,5.2102885246276855,5.411174297332764,3.3919477462768555,0.0,0.20840339362621307,2.358891010284424
0.0,0.35953426361083984,0.0,2.642518997192383,1.7567318677902222,0.0,0.0,2.532787561416626,0.0,2.1661007404327393,1.4660844802856445,10.281478881835938,0.6556552052497864,6.7884745597839355,0.0,0.45634031295776367,0.0,0.0,0.0,0.0,0.0,11.323728561401367,5.183676242828369,0.0,0.0,1.8865677118301392,0.0,5.2102885246276855,5.411174297332764,3.3919477462768555,0.0,0.20840339362621307,2.358891010284424
0.0,0.35953426361083984,0.0,2.642518997192383,1.7567318677902222,0.0,0.0,2.532787561416626,0.0,2.1661007404327393,1.4660844802856445,10.281478881835938,0.6556552052497864,6.7884745597839355,0.0,0.45634031295776367,0.0,0.0,0.0,0.0,0.0,11.323728561401367,5.183676242828369,0.0,0.0,1.8865677118301392,0.0,5.2102885246276855,5.411174297332764,3.3919477462768555,0.0,0.20840339362621307,2.358891010284424
0.0,0.35953426361083984,0.0,2.642518997192383,1.7567318677902222,0.0,0.0,2.532787561416626,0.0,2.1661007404327393,1.4660844802856445,10.281478881835938,0.6556552052497864,6.7884745597839355,0.0,0.45634031295776367,0.0,0.0,0.0,0.0,0.0,11.323728561401367,5.183676242828369,0.0,0.0,1.8865677118301392,0.0,5.2102885246276855,5.411174297332764,3.3919477462768555,0.0,0.20840339362621307,2.358891010284424
0.0,0.0,0.0,1.5112872123718262,1.196589469909668,0.0,0.0,0.16750217974185944,0.0,2.687359571456909,0.42936286330223083,9.161336898803711,2.439127206802368,5.926671504974365,0.0,0.542041540145874,0.0,0.0,0.0,0.0,0.0,9.527463912963867,5.118275165557861,0.0,0.0,1.3354864120483398,0.0,4.310609340667725,6.527893543243408,1.7136396169662476,0.0,0.0,0.7384230494499207
0.0,0.0,0.0,1.5112872123718262,1.196589469909668,0.0,0.0,0.16750217974185944,0.0,2.687359571456909,0.42936286330223083,9.161336898803711,2.439127206802368,5.926671504974365,0.0,0.542041540145874,0.0,0.0,0.0,0.0,0.0,9.527463912963867,5.118275165557861,0.0,0.0,1.3354864120483398,0.0,4.310609340667725,6.527893543243408,1.7136396169662476,0.0,0.0,0.7384230494499207
0.0,0.0,0.0,1.5112872123718262,1.196589469909668,0.0,0.0,0.16750217974185944,0.0,2.687359571456909,0.42936286330223083,9.161336898803711,2.439127206802368,5.926671504974365,0.0,0.542041540145874,0.0,0.0,0.0,0.0,0.0,9.527463912963867,5.118275165557861,0.0,0.0,1.3354864120483398,0.0,4.310609340667725,6.527893543243408,1.7136396169662476,0.0,0.0,0.7384230494499207
0.0,0.0,0.0,1.5112872123718262,1.196589469909668,0.0,0.0,0.16750217974185944,0.0,2.687359571456909,0.42936286330223083,9.161336898803711,2.439127206802368,5.926671504974365,0.0,0.542041540145874,0.0,0.0,0.0,0.0,0.0,9.527463912963867,5.118275165557861,0.0,0.0,1.3354864120483398,0.0,4.310609340667725,6.527893543243408,1.7136396169662476,0.0,0.0,0.7384230494499207
0.0,0.0,0.0,1.5112872123718262,1.196589469909668,0.0,0.0,0.16750217974185944,0.0,2.687359571456909,0.42936286330223083,9.161336898803711,2.439127206802368,5.926671504974365,0.0,0.542041540145874,0.0,0.0,0.0,0.0,0.0,9.527463912963867,5.118275165557861,0.0,0.0,1.3354864120483398,0.0,4.310609340667725,6.527893543243408,1.7136396169662476,0.0,0.0,0.7384230494499207
0.0,0.0,0.0,1.5112872123718262,1.196589469909668,0.0,0.0,0.16750217974185944,0.0,2.687359571456909,0.42936286330223083,9.161336898803711,2.439127206802368,5.926671504974365,0.0,0.542041540145874,0.0,0.0,0.0,0.0,0.0,9.527463912963867,5.118275165557861,0.0,0.0,1.3354864120483398,0.0,4.310609340667725,6.527893543243408,1.7136396169662476,0.0,0.0,0.7384230494499207
0.0,0.0,0.0,1.5112872123718262,1.196589469909668,0.0,0.0,0.16750217974185944,0.0,2.687359571456909,0.42936286330223083,9.161336898803711,2.439127206802368,5.926671504974365,0.0,0.542041540145874,0.0,0.0,0.0,0.0,0.0,9.527463912963867,5.118275165557861,0.0,0.0,1.3354864120483398,0.0,4.310609340667725,6.527893543243408,1.7136396169662476,0.0,0.0,0.7384230494499207
0.0,0.0,0.0,1.5112872123718262,1.196589469909668,0.0,0.0,0.16750217974185944,0.0,2.687359571456909,0.42936286330223083,9.161336898803711,2.439127206802368,5.926671504974365,0.0,0.542041540145874,0.0,0.0,0.0,0.0,0.0,9.527463912963867,5.118275165557861,0.0,0.0,1.3354864120483398,0.0,4.310609340667725,6.527893543243408,1.7136396169662476,0.0,0.0,0.7384230494499207
0.0,0.030627235770225525,0.0,1.4210072755813599,1.7160723209381104,0.0,0.0,2.3096015453338623,0.0,7.338064193725586,4.731712818145752,10.727038383483887,1.5075095891952515,5.482151508331299,0.0,0.0,0.0,0.0,0.0,0.0,0.0,12.688909530639648,5.337416172027588,0.0,0.0,3.7567033767700195,1.8371424674987793,3.821359395980835,7.160430431365967,4.558209419250488,1.6343967914581299,0.0,0.41780704259872437
0.0,0.030627235770225525,0.0,1.4210072755813599,1.7160723209381104,0.0,0.0,2.3096015453338623,0.0,7.338064193725586,4.731712818145752,10.727038383483887,1.5075095891952515,5.482151508331299,0.0,0.0,0.0,0.0,0.0,0.0,0.0,12.688909530639648,5.337416172027588,0.0,0.0,3.7567033767700195,1.8371424674987793,3.821359395980835,7.160430431365967,4.558209419250488,1.6343967914581299,0.0,0.41780704259872437
0.0,0.030627235770225525,0.0,1.4210072755813599,1.7160723209381104,0.0,0.0,2.3096015453338623,0.0,7.338064193725586,4.731712818145752,10.727038383483887,1.5075095891952515,5.482151508331299,0.0,0.0,0.0,0.0,0.0,0.0,0.0,12.688909530639648,5.337416172027588,0.0,0.0,3.7567033767700195,1.8371424674987793,3.821359395980835,7.160430431365967,4.558209419250488,1.6343967914581299,0.0,0.41780704259872437
0.0,0.030627235770225525,0.0,1.4210072755813599,1.7160723209381104,0.0,0.0,2.3096015453338623,0.0,7.338064193725586,4.731712818145752,10.727038383483887,1.5075095891952515,5.482151508331299,0.0,0.0,0.0,0.0,0.0,0.0,0.0,12.688909530639648,5.337416172027588,0.0,0.0,3.7567033767700195,1.8371424674987793,3.821359395980835,7.160430431365967,4.558209419250488,1.6343967914581299,0.0,0.41780704259872437
0.0,0.030627235770225525,0.0,1.4210072755813599,1.7160723209381104,0.0,0.0,2.3096015453338623,0.0,7.338064193725586,4.731712818145752,10.727038383483887,1.5075095891952515,5.482151508331299,0.0,0.0,0.0,0.0,0.0,0.0,0.0,12.688909530639648,5.337416172027588,0.0,0.0,3.7567033767700195,1.8371424674987793,3.821359395980835,7.160430431365967,4.558209419250488,1.6343967914581299,0.0,0.41780704259872437
0.0,0.030627235770225525,0.0,1.4210072755813599,1.7160723209381104,0.0,0.0,2.3096015453338623,0.0,7.338064193725586,4.731712818145752,10.727038383483887,1.5075095891952515,5.482151508331299,0.0,0.0,0.0,0.0,0.0,0.0,0.0,12.688909530639648,5.337416172027588,0.0,0.0,3.7567033767700195,1.8371424674987793,3.821359395980835,7.160430431365967,4.558209419250488,1.6343967914581299,0.0,0.41780704259872437
0.0,0.030627235770225525,0.0,1.4210072755813599,1.7160723209381104,0.0,0.0,2.3096015453338623,0.0,7.338064193725586,4.731712818145752,10.727038383483887,1.5075095891952515,5.482151508331299,0.0,0.0,0.0,0.0,0.0,0.0,0.0,12.688909530639648,5.337416172027588,0.0,0.0,3.7567033767700195,1.8371424674987793,3.821359395980835,7.160430431365967,4.558209419250488,1.6343967914581299,0.0,0.41780704259872437
0.0,0.030627235770225525,0.0,1.4210072755813599,1.7160723209381104,0.0,0.0,2.3096015453338623,0.0,7.338064193725586,4.731712818145752,10.727038383483887,1.5075095891952515,5.482151508331299,0.0,0.0,0.0,0.0,0.0,0.0,0.0,12.688909530639648,5.337416172027588,0.0,0.0,3.7567033767700195,1.8371424674987793,3.821359395980835,7.160430431365967,4.558209419250488,1.6343967914581299,0.0,0.41780704259872437
0.0,0.0,0.0,1.560199499130249,1.6115576028823853,0.0,0.0,0.2685313820838928,0.0,2.8363378047943115,0.4980646073818207,9.656232833862305,2.8396120071411133,5.797059535980225,0.0,0.5179290771484375,0.12060133367776871,0.0,0.0,0.0,0.0,9.570935249328613,5.284215450286865,0.0,0.0,1.3289222717285156,0.0,4.327504634857178,6.462444305419922,1.7805434465408325,0.0,0.0,0.9519359469413757
0.0,0.0,0.0,1.560199499130249,1.6115576028823853,0.0,0.0,0.2685313820838928,0.0,2.8363378047943115,0.4980646073818207,9.656232833862305,2.8396120071411133,5.797059535980225,0.0,0.5179290771484375,0.12060133367776871,0.0,0.0,0.0,0.0,9.570935249328613,5.284215450286865,0.0,0.0,1.3289222717285156,0.0,4.327504634857178,6.462444305419922,1.7805434465408325,0.0,0.0,0.9519359469413757
0.0,0.0,0.0,1.560199499130249,1.6115576028823853,0.0,0.0,0.2685313820838928,0.0,2.8363378047943115,0.4980646073818207,9.656232833862305,2.8396120071411133,5.797059535980225,0.0,0.5179290771484375,0.12060133367776871,0.0,0.0,0.0,0.0,9.570935249328613,5.284215450286865,0.0,0.0,1.3289222717285156,0.0,4.327504634857178,6.462444305419922,1.7805434465408325,0.0,0.0,0.9519359469413757
0.0,0.0,0.0,1.560199499130249,1.6115576028823853,0.0,0.0,0.2685313820838928,0.0,2.8363378047943115,0.4980646073818207,9.656232833862305,2.8396120071411133,5.797059535980225,0.0,0.5179290771484375,0.12060133367776871,0.0,0.0,0.0,0.0,9.570935249328613,5.284215450286865,0.0,0.0,1.3289222717285156,0.0,4.327504634857178,6.462444305419922,1.7805434465408325,0.0,0.0,0.9519359469413757
0.0,0.0,0.0,1.560199499130249,1.6115576028823853,0.0,0.0,0.2685313820838928,0.0,2.8363378047943115,0.4980646073818207,9.656232833862305,2.8396120071411133,5.797059535980225,0.0,0.5179290771484375,0.12060133367776871,0.0,0.0,0.0,0.0,9.570935249328613,5.284215450286865,0.0,0.0,1.3289222717285156,0.0,4.327504634857178,6.462444305419922,1.7805434465408325,0.0,0.0,0.9519359469413757
0.0,0.0,0.0,1.560199499130249,1.6115576028823853,0.0,0.0,0.2685313820838928,0.0,2.8363378047943115,0.4980646073818207,9.656232833862305,2.8396120071411133,5.797059535980225,0.0,0.5179290771484375,0.12060133367776871,0.0,0.0,0.0,0.0,9.570935249328613,5.284215450286865,0.0,0.0,1.3289222717285156,0.0,4.327504634857178,6.462444305419922,1.7805434465408325,0.0,0.0,0.9519359469413757
0.0,0.0,0.0,1.560199499130249,1.6115576028823853,0.0,0.0,0.2685313820838928,0.0,2.8363378047943115,0.4980646073818207,9.656232833862305,2.8396120071411133,5.797059535980225,0.0,0.5179290771484375,0.12060133367776871,0.0,0.0,0.0,0.0,9.570935249328613,5.284215450286865,0.0,0.0,1.3289222717285156,0.0,4.327504634857178,6.462444305419922,1.7805434465408325,0.0,0.0,0.9519359469413757
0.0,0.0,0.0,1.560199499130249,1.6115576028823853,0.0,0.0,0.2685313820838928,0.0,2.8363378047943115,0.4980646073818207,9.656232833862305,2.8396120071411133,5.797059535980225,0.0,0.5179290771484375,0.12060133367776871,0.0,0.0,0.0,0.0,9.570935249328613,5.284215450286865,0.0,0.0,1.3289222717285156,0.0,4.327504634857178,6.462444305419922,1.7805434465408325,0.0,0.0,0.9519359469413757
0.0,0.0,0.0,1.578034520149231,1.8148558139801025,0.0,0.0,0.31242841482162476,0.0,2.921257257461548,0.5335538983345032,9.896772384643555,3.0536465644836426,5.734063148498535,0.0,0.4958078861236572,0.2488739788532257,0.0,0.0,0.0,0.0,9.592856407165527,5.366373538970947,0.0,0.0,1.3300507068634033,0.0,4.334933280944824,6.432116508483887,1.808114767074585,0.0,0.0,1.0594369173049927
0.0,0.0,0.0,1.578034520149231,1.8148558139801025,0.0,0.0,0.31242841482162476,0.0,2.921257257461548,0.5335538983345032,9.896772384643555,3.0536465644836426,5.734063148498535,0.0,0.4958078861236572,0.2488739788532257,0.0,0.0,0.0,0.0,9.592856407165527,5.366373538970947,0.0,0.0,1.3300507068634033,0.0,4.334933280944824,6.432116508483887,1.808114767074585,0.0,0.0,1.0594369173049927
0.0,0.0,0.0,1.578034520149231,1.8148558139801025,0.0,0.0,0.31242841482162476,0.0,2.921257257461548,0.5335538983345032,9.896772384643555,3.0536465644836426,5.734063148498535,0.0,0.4958078861236572,0.2488739788532257,0.0,0.0,0.0,0.0,9.592856407165527,5.366373538970947,0.0,0.0,1.3300507068634033,0.0,4.334933280944824,6.432116508483887,1.808114767074585,0.0,0.0,1.0594369173049927
0.0,0.0,0.0,1.578034520149231,1.8148558139801025,0.0,0.0,0.31242841482162476,0.0,2.921257257461548,0.5335538983345032,9.896772384643555,3.0536465644836426,5.734063148498535,0.0,0.4958078861236572,0.2488739788532257,0.0,0.0,0.0,0.0,9.592856407165527,5.366373538970947,0.0,0.0,1.3300507068634033,0.0,4.334933280944824,6.432116508483887,1.808114767074585,0.0,0.0,1.0594369173049927
0.0,0.0,0.0,1.578034520149231,1.8148558139801025,0.0,0.0,0.31242841482162476,0.0,2.921257257461548,0.5335538983345032,9.896772384643555,3.0536465644836426,5.734063148498535,0.0,0.4958078861236572,0.2488739788532257,0.0,0.0,0.0,0.0,9.592856407165527,5.366373538970947,0.0,0.0,1.3300507068634033,0.0,4.334933280944824,6.432116508483887,1.808114767074585,0.0,0.0,1.0594369173049927
0.0,0.0,0.0,1.578034520149231,1.8148558139801025,0.0,0.0,0.31242841482162476,0.0,2.921257257461548,0.5335538983345032,9.896772384643555,3.0536465644836426,5.734063148498535,0.0,0.4958078861236572,0.2488739788532257,0.0,0.0,0.0,0.0,9.592856407165527,5.366373538970947,0.0,0.0,1.3300507068634033,0.0,4.334933280944824,6.432116508483887,1.808114767074585,0.0,0.0,1.0594369173049927
0.0,0.0,0.0,1.578034520149231,1.8148558139801025,0.0,0.0,0.31242841482162476,0.0,2.921257257461548,0.5335538983345032,9.896772384643555,3.0536465644836426,5.734063148498535,0.0,0.4958078861236572,0.2488739788532257,0.0,0.0,0.0,0.0,9.592856407165527,5.366373538970947,0.0,0.0,1.3300507068634033,0.0,4.334933280944824,6.432116508483887,1.808114767074585,0.0,0.0,1.0594369173049927
0.0,0.0,0.0,1.578034520149231,1.8148558139801025,0.0,0.0,0.31242841482162476,0.0,2.921257257461548,0.5335538983345032,9.896772384643555,3.0536465644836426,5.734063148498535,0.0,0.4958078861236572,0.2488739788532257,0.0,0.0,0.0,0.0,9.592856407165527,5.366373538970947,0.0,0.0,1.3300507068634033,0.0,4.334933280944824,6.432116508483887,1.808114767074585,0.0,0.0,1.0594369173049927
