0.0,0.0,0.0,11.671112060546875,0.0,0.0,0.0,8.326129913330078,0.0,0.0,0.0,0.0,0.0,0.0,6.263632297515869,0.0,0.0,0.0,0.0,0.0,0.0,8.343772888183594,0.0,0.0,0.0,0.0,7.54837703704834,0.0,0.0,0.0,0.0,0.0,0.0
0.0,0.0,0.0,0.0,0.0,0.0,0.0,0.0,0.0,5.344943523406982,0.0,0.0,2.6503071784973145,0.0,0.0,0.8287539482116699,0.1213020458817482,0.0,0.0,2.2222180366516113,0.0,1.7500079870224,2.607539653778076,0.0,0.0,0.0,5.114983081817627,0.0,0.5582418441772461,0.0,3.025010585784912,0.0,0.0
0.0,1.053553819656372,0.0,2.9423956871032715,2.290989875793457,0.0,0.0,0.0,0.0,5.613580703735352,0.0,5.049540042877197,1.7696542739868164,0.5908791422843933,0.0,1.7272467613220215,0.0,0.0,0.0,0.0,0.0,6.214598178863525,3.7455999851226807,1.040175437927246,0.0,2.700174570083618,3.033907413482666,4.239292621612549,2.1800031661987305,3.7161929607391357,1.0337660312652588,0.06700848788022995,3.395861864089966
0.0,0.0,0.0,0.12670734524726868,0.0,0.0,0.0,0.0,0.0,7.658337116241455,2.7066428661346436,4.79201602935791,0.5982611179351807,3.0501925945281982,0.0,2.527557373046875,0.0,0.0,0.0,1.5099287033081055,0.0,9.033767700195312,1.913944959640503,0.0,0.0,3.1969385147094727,3.4546377658843994,4.468583583831787,4.969777584075928,0.0,4.555768966674805,0.0,0.0
5.0,0.0,0.0,0.0,0.0,0.0,2.518181562423706,0.0,0.0,4.90340518951416,3.880275249481201,0.0,0.0,4.622216701507568,0.0,0.18614119291305542,0.0,0.0,0.0,1.4337561130523682,0.0,9.540339469909668,1.516802430152893,0.0,0.0,1.3664013147354126,4.152871131896973,2.9536237716674805,5.5566864013671875,0.0,7.433562755584717,0.0,0.0
4.0,0.38233089447021484,0.0,1.699982762336731,0.0,0.0,3.1673266887664795,0.0,0.0,5.9085845947265625,3.264899730682373,2.291015863418579,0.0,0.0,0.0,2.2544260025024414,0.9571217894554138,0.0,0.0,0.5316012501716614,0.0,4.788415431976318,6.486434459686279,0.0,0.0,5.503584861755371,2.3847293853759766,8.484689712524414,5.9107584953308105,0.0,1.2272992134094238,0.6177383065223694,0.0
0.0,0.7385576963424683,0.0,1.614845871925354,1.5390617847442627,0.0,0.0,0.0,0.0,5.418766021728516,2.6273646354675293,5.943976879119873,3.151569366455078,0.5113179087638855,0.0,3.541762113571167,2.4795072078704834,0.0,0.0,0.0,0.0,5.775539875030518,5.396997928619385,0.0,0.0,1.9467825889587402,3.2071688175201416,1.6612305641174316,2.7947165966033936,0.0,1.7864124774932861,0.0,0.35379332304000854
0.0,0.0,0.0,0.0,0.0,0.0,0.0,0.0,0.0,5.362524032592773,0.861177384853363,4.05996561050415,0.37459996342658997,3.2698309421539307,0.0,1.6210345029830933,1.9162572622299194,0.0,0.0,1.9323537349700928,0.0,8.683063507080078,4.669543743133545,0.0,0.0,4.6836934089660645,5.738677501678467,2.573795795440674,4.859151363372803,0.0,0.0,0.0,0.0
0.0,2.6631932258605957,0.0,8.369178771972656,0.7160738706588745,10.918112754821777,6.894540786743164,3.405815839767456,0.0,4.585505485534668,9.5105562210083,0.0,0.0,0.0,6.004042625427246,3.508322238922119,0.0,4.014730930328369,1.8923561573028564,1.0960747003555298,2.2468178272247314,10.824854850769043,8.783127784729004,0.0,0.0,6.844239711761475,3.8138625621795654,2.6995866298675537,0.31571993231773376,0.0,0.0,5.837620258331299,1.4191099405288696
0.0,0.0,2.0652027130126953,3.711247444152832,0.0,4.59402322769165,0.4561058580875397,0.0,0.0,3.081803560256958,4.991418838500977,0.0,0.0,0.0,0.6367923021316528,1.2121692895889282,0.7596657276153564,0.0,0.0,1.1420104503631592,0.0,7.82941198348999,2.9562275409698486,0.0,0.0,7.146999359130859,6.675873279571533,1.1575018167495728,0.0,0.3549361824989319,0.0,2.1803934574127197,0.0
0.0,0.9659223556518555,0.15918463468551636,8.12466812133789,1.4450780153274536,9.258660316467285,3.1538848876953125,0.8173022866249084,0.0,0.1232527568936348,2.592076301574707,0.0,0.0,0.0,0.0,3.9083690643310547,4.050396919250488,0.0,1.4720122814178467,0.0,0.0,12.117176055908203,1.6756051778793335,0.0,0.0,9.111381530761719,2.5712802410125732,0.0,1.5155980587005615,6.056143283843994,0.0,4.855613708496094,2.2002196311950684
5.0,0.0,3.1664135456085205,2.9900150299072266,0.0,4.540525436401367,0.0,0.0,0.0,3.4724745750427246,3.4642441272735596,0.0,3.204991340637207,1.431512713432312,0.0,2.388463258743286,6.726908206939697,0.0,0.0,0.0,0.0,7.24148416519165,1.9844390153884888,0.0,0.0,4.435270309448242,0.0,2.2490010261535645,2.844191312789917,1.5139179229736328,5.471053123474121,2.5828704833984375,0.0
0.0,0.0,2.484219789505005,8.381667137145996,5.057362079620361,9.075098991394043,0.4967193901538849,0.0,0.0,0.0,0.0,3.1659059524536133,6.914222240447998,0.0,0.0,2.5621979236602783,6.175371170043945,0.0,0.0,0.0,0.0,9.606475830078125,3.6997997760772705,0.0,0.0,5.654785633087158,0.0,1.4732669591903687,5.2774658203125,2.798086643218994,3.2121670246124268,5.254392623901367,0.4753199815750122
3.0,0.0,2.327887535095215,3.998659133911133,2.782543897628784,11.190506935119629,0.0,0.0,0.0,0.0,0.0,2.5415000915527344,7.66930627822876,5.733829975128174,0.0,0.0,11.396568298339844,0.0,0.0,0.9717913269996643,0.0,9.769752502441406,2.151766300201416,0.0,0.0,0.0,0.0,1.2507779598236084,6.336463451385498,0.0,5.0518412590026855,0.0,0.0
6.0,0.0,2.744947671890259,4.0950493812561035,1.1346204280853271,15.428999900817871,0.0,0.0,0.0,0.0,1.2613110542297363,4.9632954597473145,8.59665584564209,4.764617919921875,0.0,1.191908836364746,12.287841796875,0.0,0.0,0.0,0.0,12.69045352935791,5.347369194030762,0.0,0.0,1.48714017868042,0.0,2.562714099884033,5.852226734161377,0.0,6.344553470611572,0.0,0.0
5.0,0.0,0.0,0.0,0.0,19.629302978515625,5.1899919509887695,0.0,0.0,0.0,0.0,0.0,4.3518757820129395,11.399561882019043,0.0,6.4221343994140625,15.978544235229492,0.0,0.0,4.781637668609619,0.0,18.055124282836914,7.940201282501221,0.0,0.0,8.4747953414917,0.0,2.562694549560547,2.571244955062866,0.0,13.165002822875977,0.0,0.0
1.0,0.0,0.0,3.0171713829040527,0.0,18.628751754760742,1.0909441709518433,0.0,0.0,0.0,5.0320587158203125,1.9907244443893433,11.23183822631836,8.495716094970703,0.0,3.765719175338745,19.410316467285156,0.0,0.0,2.8503916263580322,0.0,20.900693893432617,9.535396575927734,0.0,0.0,5.483306407928467,0.0,0.0,2.1140048503875732,0.0,4.811191082000732,0.0,0.0
5.0,0.0,0.0,3.821664333343506,0.0,19.70361328125,5.677326202392578,0.0,0.0,0.0,0.0,7.3287577629089355,3.6160154342651367,9.43343734741211,0.0,5.738593101501465,20.578460693359375,0.0,0.0,5.972883701324463,0.0,23.939964294433594,11.166013717651367,0.0,0.0,7.307406425476074,0.0,0.18332909047603607,1.6486748456954956,2.3922905921936035,3.877553939819336,0.0,0.0
1.0,0.0,0.0,3.623444080352783,0.0,16.891740798950195,0.0,0.0,0.0,0.0,0.6640304923057556,0.0,10.6203031539917,10.137044906616211,0.0,9.088479042053223,17.882169723510742,0.0,0.0,4.978827476501465,0.0,21.60811996459961,11.977886199951172,0.0,0.0,2.1287684440612793,0.0,0.0,0.9068184494972229,0.0,6.0996174812316895,0.0,0.0
5.0,0.0,0.0,2.4909229278564453,0.0,16.347633361816406,0.4482029378414154,0.0,0.0,0.0,0.0,4.168518543243408,2.711852550506592,12.453123092651367,0.0,9.276531219482422,18.231069564819336,0.0,0.0,7.041775226593018,0.0,23.744014739990234,11.502429008483887,0.0,0.0,7.036276817321777,0.0,0.0,0.0,4.116425514221191,7.0676350593566895,0.0,0.0
