2.0,0.0,0.0,0.0,0.0,0.0,3.76226544380188,3.3298797607421875,2.6937782764434814,0.0,0.0,0.0,0.0,0.0,0.0,0.0,1.9952667951583862,0.9002892374992371,0.0,0.0,5.540157794952393,0.0,0.0,0.0,5.1283674240112305,0.08697208762168884,0.0,2.6105446815490723,0.0,2.8478662967681885,0.0,0.0,1.587217926979065
2.0,0.0,0.0,0.0,0.0,0.0,3.76226544380188,3.3298797607421875,2.6937782764434814,0.0,0.0,0.0,0.0,0.0,0.0,0.0,1.9952667951583862,0.9002892374992371,0.0,0.0,5.540157794952393,0.0,0.0,0.0,5.1283674240112305,0.08697208762168884,0.0,2.6105446815490723,0.0,2.8478662967681885,0.0,0.0,1.587217926979065
2.0,0.0,0.0,0.0,0.0,0.0,3.76226544380188,3.3298797607421875,2.6937782764434814,0.0,0.0,0.0,0.0,0.0,0.0,0.0,1.9952667951583862,0.9002892374992371,0.0,0.0,5.540157794952393,0.0,0.0,0.0,5.1283674240112305,0.08697208762168884,0.0,2.6105446815490723,0.0,2.8478662967681885,0.0,0.0,1.587217926979065
2.0,0.0,0.0,0.0,0.0,0.0,3.76226544380188,3.3298797607421875,2.6937782764434814,0.0,0.0,0.0,0.0,0.0,0.0,0.0,1.9952667951583862,0.9002892374992371,0.0,0.0,5.540157794952393,0.0,0.0,0.0,5.1283674240112305,0.08697208762168884,0.0,2.6105446815490723,0.0,2.8478662967681885,0.0,0.0,1.587217926979065
1.0,0.0,0.0,0.0,0.0,0.0,3.709364891052246,3.296508312225342,2.652585983276367,0.0,0.0,0.0,0.0,0.0,0.0,0.0,1.966643214225769,0.8596458435058594,0.0,0.0,5.484109401702881,0.0,0.0,0.0,5.119690418243408,0.09859815239906311,0.0,2.560056209564209,0.0,2.8169760704040527,0.0,0.0,1.5667855739593506
2.0,0.0,0.0,0.0,0.0,0.0,3.76226544380188,3.3298797607421875,2.6937782764434814,0.0,0.0,0.0,0.0,0.0,0.0,0.0,1.9952667951583862,0.9002892374992371,0.0,0.0,5.540157794952393,0.0,0.0,0.0,5.1283674240112305,0.08697208762168884,0.0,2.6105446815490723,0.0,2.8478662967681885,0.0,0.0,1.587217926979065
1.0,0.0,0.0,0.0,0.0,0.0,3.709364891052246,3.296508312225342,2.652585983276367,0.0,0.0,0.0,0.0,0.0,0.0,0.0,1.966643214225769,0.8596458435058594,0.0,0.0,5.484109401702881,0.0,0.0,0.0,5.119690418243408,0.09859815239906311,0.0,2.560056209564209,0.0,2.8169760704040527,0.0,0.0,1.5667855739593506
2.0,0.0,0.0,0.0,0.0,0.0,3.76226544380188,3.3298797607421875,2.6937782764434814,0.0,0.0,0.0,0.0,0.0,0.0,0.0,1.9952667951583862,0.9002892374992371,0.0,0.0,5.540157794952393,0.0,0.0,0.0,5.1283674240112305,0.08697208762168884,0.0,2.6105446815490723,0.0,2.8478662967681885,0.0,0.0,1.587217926979065
2.0,0.0,0.0,0.0,0.0,0.0,3.76226544380188,3.3298797607421875,2.6937782764434814,0.0,0.0,0.0,0.0,0.0,0.0,0.0,1.9952667951583862,0.9002892374992371,0.0,0.0,5.540157794952393,0.0,0.0,0.0,5.1283674240112305,0.08697208762168884,0.0,2.6105446815490723,0.0,2.8478662967681885,0.0,0.0,1.587217926979065
2.0,0.0,0.0,0.0,0.0,0.0,3.76226544380188,3.3298797607421875,2.6937782764434814,0.0,0.0,0.0,0.0,0.0,0.0,0.0,1.9952667951583862,0.9002892374992371,0.0,0.0,5.540157794952393,0.0,0.0,0.0,5.1283674240112305,0.08697208762168884,0.0,2.6105446815490723,0.0,2.8478662967681885,0.0,0.0,1.587217926979065
2.0,0.0,0.0,0.0,0.0,0.0,6.69831657409668,5.698803424835205,4.782186031341553,0.0,0.0,0.0,0.0,0.0,0.0,0.0,3.5886855125427246,2.980435848236084,0.0,0.0,9.097190856933594,0.0,0.0,0.0,5.055531978607178,0.0,0.0,5.060519218444824,0.0,4.943625450134277,0.0,0.0,3.23626708984375
6.0,0.0,0.0,0.0,0.0,0.0,5.8704328536987305,4.9937262535095215,4.271597385406494,0.0,0.0,0.0,0.0,0.0,0.0,0.0,3.148606538772583,2.2772042751312256,0.0,0.0,8.135242462158203,0.0,0.0,0.0,5.355127334594727,0.0,0.0,4.124927997589111,0.0,4.293567657470703,0.0,0.0,2.7274022102355957
6.0,0.0,0.0,0.0,0.0,0.0,5.640771865844727,4.797565937042236,4.084160327911377,0.0,0.0,0.0,0.0,0.0,0.0,0.0,3.0199992656707764,2.101224184036255,0.0,0.0,7.827264785766602,0.0,0.0,0.0,5.468297481536865,0.0,0.0,3.9124855995178223,0.0,4.109549045562744,0.0,0.0,2.595395803451538
6.0,0.0,0.0,0.0,0.0,0.0,6.767034530639648,5.688404560089111,4.76359224319458,0.0,0.0,0.0,0.0,0.0,0.0,0.0,3.594383955001831,2.999458074569702,0.0,0.0,9.005857467651367,0.0,0.0,0.0,5.1442742347717285,0.0,0.0,4.877315998077393,0.0,4.931272029876709,0.0,0.0,3.160374879837036
6.0,0.0,0.0,0.0,0.0,0.0,5.47969388961792,4.683499336242676,3.9718093872070312,0.0,0.0,0.0,0.0,0.0,0.0,0.0,2.9906303882598877,2.002169370651245,0.0,0.0,7.594848155975342,0.0,0.0,0.0,5.5209832191467285,0.0,0.0,3.774013042449951,0.0,3.99599552154541,0.0,0.0,2.488028049468994
6.0,0.0,0.0,0.0,0.0,0.0,6.062791347503662,5.138101100921631,4.297245025634766,0.0,0.0,0.0,0.0,0.0,0.0,0.0,3.2826998233795166,2.3954808712005615,0.0,0.0,8.204901695251465,0.0,0.0,0.0,5.248122692108154,0.0,0.0,4.239387512207031,0.0,4.411186695098877,0.0,0.0,2.7379066944122314
2.0,0.0,0.0,0.0,0.0,0.0,5.632354736328125,4.777990341186523,3.932161808013916,0.0,0.0,0.0,0.0,0.0,0.0,0.0,3.057373285293579,2.173487424850464,0.0,0.0,7.61945104598999,0.0,0.0,0.0,5.32564640045166,0.0,0.0,3.852508068084717,0.0,4.081664085388184,0.0,0.0,2.5537984371185303
2.0,0.0,0.0,0.0,0.0,0.0,7.562155723571777,6.337209224700928,5.392009258270264,0.0,0.0,0.0,0.0,0.0,0.0,0.0,3.992412567138672,3.6139488220214844,0.0,0.0,10.189857482910156,0.0,0.0,0.0,4.762603759765625,0.0,0.0,5.7738261222839355,0.0,5.595859527587891,0.0,0.0,3.751593828201294
2.0,0.0,0.0,0.0,0.0,0.0,6.9045586585998535,5.836480140686035,5.033440113067627,0.0,0.0,0.0,0.0,0.0,0.0,0.0,3.6828229427337646,3.1212401390075684,0.0,0.0,9.50300407409668,0.0,0.0,0.0,5.044255256652832,0.0,0.0,5.242204666137695,0.0,5.17653226852417,0.0,0.0,3.4587438106536865
0.0,0.0,0.0,0.0,0.0,0.0,5.497180938720703,4.688438415527344,3.967087984085083,0.0,0.0,0.0,0.0,0.0,0.0,0.0,2.9097015857696533,2.044250249862671,0.0,0.0,7.6554274559021,0.0,0.0,0.0,5.26591682434082,0.0,0.0,3.816929340362549,0.0,3.972583770751953,0.0,0.0,2.5283563137054443
6.0,0.0,0.0,0.0,0.0,0.0,7.261538505554199,6.226807594299316,5.3348774909973145,0.0,0.0,0.0,0.0,0.0,0.0,0.0,3.905672550201416,3.4892587661743164,0.0,0.0,9.71239948272705,0.0,0.0,0.0,4.821157932281494,0.0,0.0,5.169503211975098,0.0,5.294327259063721,0.0,0.0,3.4843695163726807
0.0,0.0,0.0,0.0,0.0,0.0,6.0965776443481445,5.260521411895752,4.581771373748779,0.0,0.0,0.0,0.0,0.0,0.0,0.0,3.225680351257324,2.706845283508301,0.0,0.0,8.429889678955078,0.0,0.0,0.0,5.258929252624512,0.0,0.0,4.256374359130859,0.0,4.343480587005615,0.0,0.0,2.7388417720794678
6.0,0.0,0.0,0.0,0.0,0.0,7.664804935455322,6.56345272064209,5.754930019378662,0.0,0.0,0.0,0.0,0.0,0.0,0.0,4.097156524658203,3.986624240875244,0.0,0.0,10.426990509033203,0.0,0.0,0.0,5.178554534912109,0.0,0.0,5.7232255935668945,0.0,5.705099105834961,0.0,0.0,3.7563393115997314
6.0,0.0,0.0,0.0,0.0,0.0,7.036332130432129,6.062055587768555,5.154216289520264,0.0,0.0,0.0,0.0,0.0,0.0,0.0,3.718825578689575,3.4644672870635986,0.0,0.0,9.450907707214355,0.0,0.0,0.0,5.46341609954834,0.0,0.0,5.1088409423828125,0.0,5.141061305999756,0.0,0.0,3.3368825912475586
3.0,0.0,0.0,0.0,0.0,0.0,7.056301593780518,5.985665798187256,5.1455793380737305,0.0,0.0,0.0,0.0,0.0,0.0,0.0,3.7696735858917236,3.36370849609375,0.0,0.0,9.483733177185059,0.0,0.0,0.0,4.893599510192871,0.0,0.0,4.922243118286133,0.0,5.143375873565674,0.0,0.0,3.243210554122925
5.0,0.0,0.0,0.0,0.0,0.0,6.697138786315918,5.7919206619262695,5.0101542472839355,0.0,0.0,0.0,0.0,0.0,0.0,0.0,3.5865182876586914,3.2889504432678223,0.0,0.0,9.254493713378906,0.0,0.0,0.0,4.701153755187988,0.0,0.0,4.719263553619385,0.0,4.972048282623291,0.0,0.0,3.225663423538208
5.0,0.0,0.0,0.0,0.0,0.0,6.601916313171387,5.721800804138184,4.960122585296631,0.0,0.0,0.0,0.0,0.0,0.0,0.0,3.542418956756592,3.1896352767944336,0.0,0.0,9.178043365478516,0.0,0.0,0.0,4.668652534484863,0.0,0.0,4.623160362243652,0.0,4.894731521606445,0.0,0.0,3.1811020374298096
5.0,0.0,0.0,0.0,0.0,0.0,6.744879722595215,5.836021423339844,5.078916072845459,0.0,0.0,0.0,0.0,0.0,0.0,0.0,3.6091830730438232,3.264504909515381,0.0,0.0,9.348926544189453,0.0,0.0,0.0,4.692959308624268,0.0,0.0,4.765344619750977,0.0,5.007877349853516,0.0,0.0,3.223252773284912
5.0,0.0,0.0,0.0,0.0,0.0,6.651180744171143,5.775383949279785,5.0038628578186035,0.0,0.0,0.0,0.0,0.0,0.0,0.0,3.577284574508667,3.2157204151153564,0.0,0.0,9.21239185333252,0.0,0.0,0.0,4.657509803771973,0.0,0.0,4.660782814025879,0.0,4.894813060760498,0.0,0.0,3.1874146461486816
5.0,0.0,0.0,0.0,0.0,0.0,5.714057922363281,4.918930530548096,4.314849376678467,0.0,0.0,0.0,0.0,0.0,0.0,0.0,3.0264599323272705,2.3958961963653564,0.0,0.0,8.013925552368164,0.0,0.0,0.0,5.2016801834106445,0.0,0.0,3.8427305221557617,0.0,4.10668420791626,0.0,0.0,2.5303051471710205
5.0,0.0,0.0,0.0,0.0,0.0,7.074088096618652,6.148849964141846,5.39988374710083,0.0,0.0,0.0,0.0,0.0,0.0,0.0,3.776341676712036,3.5150983333587646,0.0,0.0,9.775995254516602,0.0,0.0,0.0,4.745255470275879,0.0,0.0,4.981642723083496,0.0,5.12389612197876,0.0,0.0,3.540099859237671
5.0,0.0,0.0,0.0,0.0,0.0,6.8830437660217285,5.971168518066406,5.264523983001709,0.0,0.0,0.0,0.0,0.0,0.0,0.0,3.630817174911499,3.333482503890991,0.0,0.0,9.51236343383789,0.0,0.0,0.0,5.101317405700684,0.0,0.0,4.870593070983887,0.0,4.960416316986084,0.0,0.0,3.3149254322052
6.0,0.0,0.0,0.0,0.0,0.0,8.848402976989746,7.625926971435547,6.721845626831055,0.0,0.0,0.0,0.0,0.0,0.0,0.0,4.759997844696045,4.861804962158203,0.0,0.0,12.011480331420898,0.0,0.0,0.0,5.061450004577637,0.0,0.0,6.727718830108643,0.0,6.563807964324951,0.0,0.0,4.586950778961182
6.0,0.0,0.0,0.0,0.0,0.0,7.641223907470703,6.729357719421387,5.9029130935668945,0.0,0.0,0.0,0.0,0.0,0.0,0.0,4.085982799530029,4.048567295074463,0.0,0.0,10.664423942565918,0.0,0.0,0.0,5.097432613372803,0.0,0.0,5.758238792419434,0.0,5.635221004486084,0.0,0.0,3.879711866378784
5.0,0.0,0.0,0.0,0.0,0.0,6.670429229736328,5.792518615722656,5.115956783294678,0.0,0.0,0.0,0.0,0.0,0.0,0.0,3.5224392414093018,3.165573835372925,0.0,0.0,9.317827224731445,0.0,0.0,0.0,5.023347854614258,0.0,0.0,4.68086051940918,0.0,4.806229114532471,0.0,0.0,3.2453811168670654
1.0,0.0,0.0,0.0,0.0,0.0,6.296132564544678,5.49186897277832,4.822595596313477,0.0,0.0,0.0,0.0,0.0,0.0,0.0,3.3824098110198975,2.79988694190979,0.0,0.0,8.852762222290039,0.0,0.0,0.0,5.290863990783691,0.0,0.0,4.291825294494629,0.0,4.531141757965088,0.0,0.0,3.0456390380859375
2.0,0.0,0.0,0.0,0.0,0.0,7.17896842956543,6.285883903503418,5.500396251678467,0.0,0.0,0.0,0.0,0.0,0.0,0.0,3.979862689971924,3.5377039909362793,0.0,0.0,10.046529769897461,0.0,0.0,0.0,5.244481086730957,0.0,0.0,5.110767364501953,0.0,5.254470348358154,0.0,0.0,3.641674518585205
0.0,0.0,0.0,0.0,0.0,0.0,6.848819732666016,5.950555801391602,5.225432872772217,0.0,0.0,0.0,0.0,0.0,0.0,0.0,3.599141836166382,3.222341775894165,0.0,0.0,9.491754531860352,0.0,0.0,0.0,5.301283359527588,0.0,0.0,4.902468204498291,0.0,4.83236837387085,0.0,0.0,3.2757060527801514
2.0,0.0,0.0,0.0,0.0,0.0,7.432839393615723,6.496750831604004,5.672712326049805,0.0,0.0,0.0,0.0,0.0,0.0,0.0,4.150705814361572,3.7156338691711426,0.0,0.0,10.385564804077148,0.0,0.0,0.0,5.02182674407959,0.0,0.0,5.295064926147461,0.0,5.437963008880615,0.0,0.0,3.834751605987549
0.0,0.0,0.0,0.0,0.0,0.0,7.414625644683838,6.5272016525268555,5.675552845001221,0.0,0.0,0.0,0.0,0.0,0.0,0.0,4.043893337249756,3.559149980545044,0.0,0.0,10.405034065246582,0.0,0.0,0.0,5.183023452758789,0.0,0.0,5.271242141723633,0.0,5.263870716094971,0.0,0.0,3.7052390575408936
1.0,0.0,0.0,0.0,0.0,0.0,8.343732833862305,7.243330955505371,6.345634937286377,0.0,0.0,0.0,0.0,0.0,0.0,0.0,4.628523349761963,4.398011207580566,0.0,0.0,11.443634033203125,0.0,0.0,0.0,4.175724029541016,0.0,0.0,6.007385730743408,0.0,5.982054710388184,0.0,0.0,4.341920375823975
0.0,0.0,0.0,0.0,0.0,0.0,11.107579231262207,9.506924629211426,8.383246421813965,0.0,0.0,0.0,0.0,0.0,0.0,0.0,6.165437698364258,6.343979835510254,0.0,0.0,15.142683982849121,0.0,0.0,0.0,3.876574993133545,0.0,0.0,8.572340965270996,0.0,8.107346534729004,0.0,0.0,5.933165550231934
5.0,0.0,0.0,0.0,0.0,0.0,8.339762687683105,7.168929576873779,6.33759069442749,0.0,0.0,0.0,0.0,0.0,0.0,0.0,4.549983501434326,4.40654182434082,0.0,0.0,11.488426208496094,0.0,0.0,0.0,4.14516544342041,0.0,0.0,6.099161624908447,0.0,5.970737934112549,0.0,0.0,4.1844353675842285
5.0,0.0,0.0,0.0,0.0,0.0,8.440494537353516,7.257572174072266,6.399463176727295,0.0,0.0,0.0,0.0,0.0,0.0,0.0,4.609715461730957,4.542570114135742,0.0,0.0,11.614343643188477,0.0,0.0,0.0,4.072288990020752,0.0,0.0,6.203464508056641,0.0,6.091838836669922,0.0,0.0,4.299829006195068
3.0,0.0,0.0,0.0,0.0,0.0,9.019012451171875,7.769156455993652,6.863541126251221,0.0,0.0,0.0,0.0,0.0,0.0,0.0,5.068213939666748,4.812139511108398,0.0,0.0,12.505489349365234,0.0,0.0,0.0,4.311411380767822,0.0,0.0,6.611239433288574,0.0,6.551395416259766,0.0,0.0,4.767268180847168
0.0,0.0,0.0,0.0,0.0,0.0,8.778158187866211,7.556155681610107,6.652080059051514,0.0,0.0,0.0,0.0,0.0,0.0,0.0,4.802158832550049,4.683687210083008,0.0,0.0,12.066672325134277,0.0,0.0,0.0,4.205983638763428,0.0,0.0,6.536807537078857,0.0,6.23432731628418,0.0,0.0,4.473114967346191
2.0,0.0,0.0,0.0,0.0,0.0,9.994471549987793,8.571982383728027,7.5777106285095215,0.0,0.0,0.0,0.0,0.0,0.0,0.0,5.544066905975342,5.662219047546387,0.0,0.0,13.572355270385742,0.0,0.0,0.0,4.140684127807617,0.0,0.0,7.660595417022705,0.0,7.325817584991455,0.0,0.0,5.267992973327637
1.0,0.0,0.0,0.0,0.0,0.0,8.430405616760254,7.313852787017822,6.4076151847839355,0.0,0.0,0.0,0.0,0.0,0.0,0.0,4.656052589416504,4.506875991821289,0.0,0.0,11.490011215209961,0.0,0.0,0.0,4.428910255432129,0.0,0.0,6.145065784454346,0.0,6.087287425994873,0.0,0.0,4.320638179779053
3.0,0.0,0.0,0.0,0.0,0.0,8.734766006469727,7.559691429138184,6.655935764312744,0.0,0.0,0.0,0.0,0.0,0.0,0.0,4.834988117218018,4.613063812255859,0.0,0.0,12.018016815185547,0.0,0.0,0.0,4.032431125640869,0.0,0.0,6.364814281463623,0.0,6.300363063812256,0.0,0.0,4.561222553253174
5.0,0.0,0.0,0.0,0.0,0.0,8.369937896728516,7.223829746246338,6.373624324798584,0.0,0.0,0.0,0.0,0.0,0.0,0.0,4.526479244232178,4.4732866287231445,0.0,0.0,11.512486457824707,0.0,0.0,0.0,4.427818298339844,0.0,0.0,6.1699066162109375,0.0,6.051229953765869,0.0,0.0,4.266407012939453
5.0,0.0,0.0,0.0,0.0,0.0,8.050166130065918,6.994104862213135,6.041396141052246,0.0,0.0,0.0,0.0,0.0,0.0,0.0,4.679288387298584,3.6798431873321533,0.0,0.0,11.412359237670898,0.0,0.0,0.0,4.2587738037109375,0.0,0.0,5.255411624908447,0.0,5.349700927734375,0.0,0.0,3.9911911487579346
5.0,0.0,0.0,0.0,0.0,0.0,7.931881904602051,6.887387275695801,6.008184909820557,0.0,0.0,0.0,0.0,0.0,0.0,0.0,4.49506139755249,3.691513776779175,0.0,0.0,11.185564041137695,0.0,0.0,0.0,4.7597975730896,0.0,0.0,5.304041385650635,0.0,5.301888942718506,0.0,0.0,3.8525688648223877
6.0,0.0,0.0,0.0,0.0,0.0,7.9291839599609375,6.910226821899414,6.014282703399658,0.0,0.0,0.0,0.0,0.0,0.0,0.0,4.516184329986572,3.5851619243621826,0.0,0.0,11.211603164672852,0.0,0.0,0.0,4.9950714111328125,0.0,0.0,5.244951248168945,0.0,5.247215747833252,0.0,0.0,3.984586238861084
0.0,0.0,0.0,0.0,0.0,0.0,7.875181674957275,6.787599086761475,5.902642726898193,0.0,0.0,0.0,0.0,0.0,0.0,0.0,4.375654697418213,3.7168848514556885,0.0,0.0,10.937173843383789,0.0,0.0,0.0,4.733222484588623,0.0,0.0,5.374785423278809,0.0,5.190239429473877,0.0,0.0,3.812875509262085
3.0,0.0,0.0,0.0,0.0,0.0,9.03503704071045,7.758587837219238,6.83071756362915,0.0,0.0,0.0,0.0,0.0,0.0,0.0,5.034565448760986,4.607432842254639,0.0,0.0,12.500699043273926,0.0,0.0,0.0,4.626666069030762,0.0,0.0,6.467735767364502,0.0,6.26719856262207,0.0,0.0,4.7086052894592285
5.0,0.0,0.0,0.0,0.0,0.0,8.387763977050781,7.260439872741699,6.300225734710693,0.0,0.0,0.0,0.0,0.0,0.0,0.0,4.765640735626221,4.071165084838867,0.0,0.0,11.69363021850586,0.0,0.0,0.0,4.579995155334473,0.0,0.0,5.684349536895752,0.0,5.6414055824279785,0.0,0.0,4.118678569793701
2.0,0.0,0.0,0.0,0.0,0.0,8.76360034942627,7.485905647277832,6.5499958992004395,0.0,0.0,0.0,0.0,0.0,0.0,0.0,4.946435451507568,4.414761543273926,0.0,0.0,12.08331298828125,0.0,0.0,0.0,4.580630302429199,0.0,0.0,6.170827865600586,0.0,5.966714382171631,0.0,0.0,4.460762977600098
0.0,0.0,0.0,0.0,0.0,0.0,7.707413673400879,6.628475666046143,5.777182102203369,0.0,0.0,0.0,0.0,0.0,0.0,0.0,4.460597038269043,3.3779656887054443,0.0,0.0,10.813238143920898,0.0,0.0,0.0,4.115704536437988,0.0,0.0,5.229413986206055,0.0,5.034651279449463,0.0,0.0,3.8432843685150146
1.0,0.0,0.0,0.0,0.0,0.0,7.313419342041016,6.296507835388184,5.433026313781738,0.0,0.0,0.0,0.0,0.0,0.0,0.0,4.122260570526123,3.3309435844421387,0.0,0.0,10.179444313049316,0.0,0.0,0.0,4.968092918395996,0.0,0.0,4.742368221282959,0.0,4.877669811248779,0.0,0.0,3.5195257663726807
0.0,0.0,0.0,0.0,0.0,0.0,7.7185211181640625,6.625659465789795,5.73585319519043,0.0,0.0,0.0,0.0,0.0,0.0,0.0,4.498839855194092,3.182469129562378,0.0,0.0,11.061746597290039,0.0,0.0,0.0,4.162176132202148,0.0,0.0,5.179497241973877,0.0,4.966201305389404,0.0,0.0,3.7955400943756104
6.0,0.0,0.0,0.0,0.0,0.0,4.560279846191406,4.187172889709473,3.3047778606414795,0.0,0.0,0.0,0.0,0.0,0.0,0.0,2.673929452896118,0.2620733678340912,0.0,0.0,7.023337364196777,0.0,0.0,0.0,6.6382246017456055,0.0,0.0,2.0750503540039062,0.0,2.075593948364258,0.0,0.0,2.216785430908203
0.0,0.0,0.0,0.0,0.0,0.0,3.231245517730713,3.025261878967285,2.316697120666504,0.0,0.0,0.0,0.0,0.0,0.0,0.0,1.8970783948898315,0.0,0.0,0.0,5.535697937011719,0.0,0.0,0.0,6.543006896972656,0.08543536067008972,0.0,0.7636831402778625,0.0,0.9169403910636902,0.0,0.0,1.3868142366409302
6.0,0.0,0.0,0.0,0.0,0.0,5.561682224273682,5.018590927124023,4.098453044891357,0.0,0.0,0.0,0.0,0.0,0.0,0.0,3.0266621112823486,1.056166172027588,0.0,0.0,8.340261459350586,0.0,0.0,0.0,6.9951372146606445,0.0,0.0,2.9965457916259766,0.0,2.918271541595459,0.0,0.0,2.9021482467651367
4.0,0.0,0.0,0.0,0.0,0.0,3.7928740978240967,3.461573362350464,2.7234909534454346,0.0,0.0,0.0,0.0,0.0,0.0,0.0,2.1509416103363037,0.0,0.0,0.0,5.851593017578125,0.0,0.0,0.0,7.031352996826172,0.05521300435066223,0.0,1.2270032167434692,0.0,1.4296777248382568,0.0,0.0,1.7079155445098877
3.0,0.0,0.0,0.0,0.0,0.0,4.439962863922119,3.967068672180176,3.2008745670318604,0.0,0.0,0.0,0.0,0.0,0.0,0.0,2.43183970451355,0.16045960783958435,0.0,0.0,6.827973365783691,0.0,0.0,0.0,6.887752532958984,0.0,0.0,1.9267443418502808,0.0,1.9471993446350098,0.0,0.0,2.1405203342437744
5.0,0.0,0.0,0.0,0.0,0.0,2.8790528774261475,2.8540706634521484,2.09967041015625,0.0,0.0,0.0,0.0,0.0,0.0,0.0,1.6918894052505493,0.0,0.0,0.0,5.213010787963867,0.0,0.0,0.0,6.437195301055908,0.13413497805595398,0.0,0.361741840839386,0.0,0.7421451807022095,0.0,0.0,1.5251529216766357
3.0,0.0,0.0,0.0,0.0,0.0,3.62345027923584,3.2996842861175537,2.58362078666687,0.0,0.0,0.0,0.0,0.0,0.0,0.0,2.0375373363494873,0.0,0.0,0.0,5.671306610107422,0.0,0.0,0.0,6.92645788192749,0.053238123655319214,0.0,1.0462782382965088,0.0,1.2989683151245117,0.0,0.0,1.6224955320358276
1.0,0.0,0.0,0.0,0.0,0.0,5.303544998168945,4.7113118171691895,3.8063883781433105,0.0,0.0,0.0,0.0,0.0,0.0,0.0,2.992262125015259,0.6044002771377563,0.0,0.0,8.199777603149414,0.0,0.0,0.0,6.523199081420898,0.0,0.0,2.5051043033599854,0.0,2.578972101211548,0.0,0.0,2.6899659633636475
3.0,0.0,0.0,0.0,0.0,0.0,3.232316732406616,3.0270590782165527,2.340433120727539,0.0,0.0,0.0,0.0,0.0,0.0,0.0,1.9065724611282349,0.0,0.0,0.0,5.303323745727539,0.0,0.0,0.0,7.092078685760498,0.15215995907783508,0.0,0.6825660467147827,0.0,0.9175465106964111,0.0,0.0,1.3966439962387085
5.0,0.0,0.0,0.0,0.0,0.0,3.91237735748291,3.6658051013946533,2.7973103523254395,0.0,0.0,0.0,0.0,0.0,0.0,0.0,2.227797269821167,0.0,0.0,0.0,6.4011735916137695,0.0,0.0,0.0,6.752417087554932,0.0,0.0,1.1572654247283936,0.0,1.4098013639450073,0.0,0.0,1.8704854249954224
4.0,0.0,0.0,0.0,0.0,0.0,4.82639217376709,4.172210693359375,3.240743637084961,0.0,0.0,0.0,0.0,0.0,0.0,0.0,2.727985143661499,0.0,0.0,0.0,7.303791046142578,0.0,0.0,0.0,6.464061737060547,0.0,0.0,1.27401864528656,0.0,1.6274621486663818,0.0,0.0,2.4376208782196045
4.0,0.0,0.0,0.0,0.0,0.0,4.5328497886657715,3.907770872116089,3.1198320388793945,0.0,0.0,0.0,0.0,0.0,0.0,0.0,2.5631539821624756,0.0,0.0,0.0,7.221864223480225,0.0,0.0,0.0,6.283794403076172,0.0,0.0,0.9346086978912354,0.0,1.3343119621276855,0.0,0.0,2.3440277576446533
6.0,0.0,0.0,0.0,0.0,0.0,5.988824367523193,5.11168098449707,4.100790500640869,0.0,0.0,0.0,0.0,0.0,0.0,0.0,3.3057568073272705,0.22790005803108215,0.0,0.0,8.981134414672852,0.0,0.0,0.0,6.354794025421143,0.0,0.0,2.4253005981445312,0.0,2.524627208709717,0.0,0.0,3.1626391410827637
4.0,0.0,0.0,0.0,0.0,0.0,5.712873458862305,4.913088321685791,3.9446754455566406,0.0,0.0,0.0,0.0,0.0,0.0,0.0,3.1638405323028564,0.024488918483257294,0.0,0.0,8.626646041870117,0.0,0.0,0.0,6.54371452331543,0.0,0.0,2.1757967472076416,0.0,2.4059295654296875,0.0,0.0,3.095649480819702
1.0,0.0,0.0,0.0,0.0,0.0,4.776163101196289,4.141022682189941,3.2155098915100098,0.0,0.0,0.0,0.0,0.0,0.0,0.0,2.7307612895965576,0.0,0.0,0.0,7.432802200317383,0.0,0.0,0.0,6.445897102355957,0.0,0.0,1.128370761871338,0.0,1.4770784378051758,0.0,0.0,2.402596950531006
6.0,0.0,0.0,0.0,0.0,0.0,5.243386268615723,4.421659469604492,3.559570789337158,0.0,0.0,0.0,0.0,0.0,0.0,0.0,3.0721311569213867,0.0,0.0,0.0,8.436901092529297,0.0,0.0,0.0,5.521451473236084,0.0,0.0,1.2745803594589233,0.0,1.8792753219604492,0.0,0.0,2.799682140350342
3.0,0.0,0.0,0.0,0.0,0.0,4.858242034912109,4.102872371673584,3.2526133060455322,0.0,0.0,0.0,0.0,0.0,0.0,0.0,2.695460081100464,0.0,0.0,0.0,7.504866600036621,0.0,0.0,0.0,6.446948528289795,0.023145467042922974,0.0,1.365332007408142,0.0,1.6390790939331055,0.0,0.0,2.5187008380889893
6.0,0.0,0.0,0.0,0.0,0.0,4.9288434982299805,4.22744083404541,3.2729451656341553,0.0,0.0,0.0,0.0,0.0,0.0,0.0,2.7568087577819824,0.0,0.0,0.0,7.541816711425781,0.0,0.0,0.0,6.617038726806641,0.0,0.0,1.3603776693344116,0.0,1.582348108291626,0.0,0.0,2.4074158668518066
1.0,0.0,0.0,0.0,0.0,0.0,4.974843978881836,4.298137664794922,3.3388638496398926,0.0,0.0,0.0,0.0,0.0,0.0,0.0,2.724013090133667,0.0,0.0,0.0,7.726820945739746,0.0,0.0,0.0,5.999388694763184,0.03832539916038513,0.0,1.5214146375656128,0.0,1.789359450340271,0.0,0.0,2.5301425457000732
5.0,0.0,0.0,0.0,0.0,0.0,4.853450298309326,4.182742118835449,3.2156338691711426,0.0,0.0,0.0,0.0,0.0,0.0,0.0,2.723275899887085,0.0,0.0,0.0,7.774930953979492,0.0,0.0,0.0,6.046398162841797,0.0,0.0,1.3310036659240723,0.0,1.6102293729782104,0.0,0.0,2.532778024673462
6.0,0.0,0.0,0.0,0.0,0.0,4.821646690368652,4.317784786224365,3.210634708404541,0.0,0.0,0.0,0.0,0.0,0.0,0.0,2.979173421859741,0.0,0.0,0.0,7.732076644897461,0.0,0.0,0.0,6.911088943481445,0.046140581369400024,0.0,0.4132998585700989,0.0,0.8808767795562744,0.0,0.0,2.585664749145508
4.0,0.0,0.0,0.0,0.0,0.0,5.610054969787598,4.95967960357666,3.824032783508301,0.0,0.0,0.0,0.0,0.0,0.0,0.0,3.3325157165527344,0.0,0.0,0.0,8.731986999511719,0.0,0.0,0.0,7.28676700592041,0.0,0.0,1.2917499542236328,0.0,1.7262492179870605,0.0,0.0,3.1653177738189697
6.0,0.0,0.0,0.0,0.0,0.0,6.218810081481934,5.488368034362793,4.258002281188965,0.0,0.0,0.0,0.0,0.0,0.0,0.0,3.694533586502075,0.0,0.0,0.0,9.5849609375,0.0,0.0,0.0,6.93635368347168,0.0,0.0,1.7925444841384888,0.0,2.1970174312591553,0.0,0.0,3.56577467918396
3.0,0.0,0.0,0.0,0.0,0.0,4.3171067237854,3.8754053115844727,2.8468856811523438,0.0,0.0,0.0,0.0,0.0,0.0,0.0,2.6352126598358154,0.0,0.0,0.0,6.942178249359131,0.0,0.0,0.0,6.95032262802124,0.16706183552742004,0.0,0.10052478313446045,0.0,0.5875509977340698,0.0,0.0,2.255600929260254
3.0,0.0,0.0,0.0,0.0,0.0,4.345754146575928,3.9666543006896973,2.872697353363037,0.0,0.0,0.0,0.0,0.0,0.0,0.0,2.715183973312378,0.0,0.0,0.0,7.121358871459961,0.0,0.0,0.0,7.140645980834961,0.11889520287513733,0.0,0.07496535778045654,0.0,0.5463429093360901,0.0,0.0,2.2677571773529053
6.0,0.0,0.0,0.0,0.0,0.0,3.990711212158203,3.7119128704071045,2.650524616241455,0.0,0.0,0.0,0.0,0.0,0.0,0.0,2.6647682189941406,0.0,0.0,0.0,6.978382110595703,0.0,0.0,0.0,6.161405563354492,0.19403430819511414,0.0,0.0,0.0,0.26598960161209106,0.0,0.0,2.342475175857544
4.0,0.0,0.0,0.0,0.0,0.0,4.439819812774658,4.023671627044678,2.966419219970703,0.0,0.0,0.0,0.0,0.0,0.0,0.0,2.7151639461517334,0.0,0.0,0.0,7.128726959228516,0.0,0.0,0.0,7.047431468963623,0.052620500326156616,0.0,0.2374953031539917,0.0,0.721488893032074,0.0,0.0,2.390092372894287
6.0,0.0,0.0,0.0,0.0,0.0,5.933058261871338,5.196831703186035,3.961460828781128,0.0,0.0,0.0,0.0,0.0,0.0,0.0,3.4854843616485596,0.0,0.0,0.0,9.224052429199219,0.0,0.0,0.0,7.054644584655762,0.0,0.0,1.4796738624572754,0.0,1.8403093814849854,0.0,0.0,3.299975633621216
3.0,0.0,0.0,0.0,0.0,0.0,5.332315444946289,4.6710205078125,3.6058335304260254,0.0,0.0,0.0,0.0,0.0,0.0,0.0,3.253462076187134,0.0,0.0,0.0,8.465970039367676,0.0,0.0,0.0,6.895481109619141,0.04994150996208191,0.0,0.8946157693862915,0.0,1.4268523454666138,0.0,0.0,2.895305633544922
6.0,0.0,0.0,0.0,0.0,0.0,5.0256171226501465,4.487863540649414,3.3952245712280273,0.0,0.0,0.0,0.0,0.0,0.0,0.0,3.052159070968628,0.0,0.0,0.0,8.05167007446289,0.0,0.0,0.0,6.844024658203125,0.021572530269622803,0.0,0.6186031103134155,0.0,1.0552006959915161,0.0,0.0,2.699575901031494
3.0,0.0,0.0,0.0,0.0,0.0,7.142477512359619,5.986339569091797,4.747412204742432,0.0,0.0,0.0,0.0,0.0,0.0,0.0,4.439310073852539,0.0,0.0,0.0,11.209821701049805,0.0,0.0,0.0,4.639346122741699,0.0,0.0,1.4708852767944336,0.0,2.0110931396484375,0.0,0.0,3.872392177581787
4.0,0.0,0.0,0.0,0.0,0.0,7.843141555786133,6.6203436851501465,5.306662559509277,0.0,0.0,0.0,0.0,0.0,0.0,0.0,4.8644843101501465,0.1382102370262146,0.0,0.0,12.138096809387207,0.0,0.0,0.0,5.007808685302734,0.0,0.0,2.3090662956237793,0.0,2.7090916633605957,0.0,0.0,4.305450439453125
1.0,0.0,0.0,0.0,0.0,0.0,7.327744007110596,6.165825843811035,4.907138347625732,0.0,0.0,0.0,0.0,0.0,0.0,0.0,4.536726474761963,0.0,0.0,0.0,11.441031455993652,0.0,0.0,0.0,4.81584358215332,0.0,0.0,1.7208093404769897,0.0,2.2158029079437256,0.0,0.0,3.9685099124908447
4.0,0.0,0.0,0.0,0.0,0.0,6.59461784362793,5.704691410064697,4.40710973739624,0.0,0.0,0.0,0.0,0.0,0.0,0.0,4.307692050933838,0.0,0.0,0.0,10.617591857910156,0.0,0.0,0.0,5.00440788269043,0.1531054675579071,0.0,1.034298062324524,0.0,1.6050795316696167,0.0,0.0,3.542958974838257
1.0,0.0,0.0,0.0,0.0,0.0,7.361505031585693,6.271020412445068,4.945022106170654,0.0,0.0,0.0,0.0,0.0,0.0,0.0,4.660470485687256,0.0,0.0,0.0,11.660964965820312,0.0,0.0,0.0,4.893093109130859,0.009696154855191708,0.0,1.617234230041504,0.0,2.173563003540039,0.0,0.0,3.977254629135132
0.0,0.0,0.0,0.0,0.0,0.0,6.628276824951172,5.613517761230469,4.40352201461792,0.0,0.0,0.0,0.0,0.0,0.0,0.0,4.256271839141846,0.0,0.0,0.0,10.828409194946289,0.0,0.0,0.0,3.539252758026123,0.1421436369419098,0.0,0.8958713412284851,0.0,1.4328224658966064,0.0,0.0,3.677428960800171
3.0,0.0,0.0,0.0,0.0,0.0,6.957307815551758,5.948474884033203,4.6218953132629395,0.0,0.0,0.0,0.0,0.0,0.0,0.0,4.495333194732666,0.0,0.0,0.0,11.073528289794922,0.0,0.0,0.0,4.598458766937256,0.06473508477210999,0.0,1.2167458534240723,0.0,1.8138190507888794,0.0,0.0,3.7168636322021484
3.0,0.0,0.0,0.0,0.0,0.0,6.7606964111328125,5.6544904708862305,4.3980631828308105,0.0,0.0,0.0,0.0,0.0,0.0,0.0,4.2069926261901855,0.0,0.0,0.0,10.748329162597656,0.0,0.0,0.0,4.820394992828369,0.17287960648536682,0.0,1.137812614440918,0.0,1.6592156887054443,0.0,0.0,3.5018413066864014
1.0,0.0,0.0,0.0,0.0,0.0,6.543338775634766,5.616885662078857,4.364969253540039,0.0,0.0,0.0,0.0,0.0,0.0,0.0,4.247234344482422,0.0,0.0,0.0,10.64349365234375,0.0,0.0,0.0,5.095137596130371,0.1777900755405426,0.0,0.9322509765625,0.0,1.5557774305343628,0.0,0.0,3.508235454559326
6.0,0.0,0.0,0.0,0.0,0.0,9.461762428283691,7.93535852432251,6.450221538543701,0.0,0.0,0.0,0.0,0.0,0.0,0.0,5.566102027893066,1.2768388986587524,0.0,0.0,14.132553100585938,0.0,0.0,0.0,4.941586494445801,0.0,0.0,3.699911117553711,0.0,3.945157527923584,0.0,0.0,5.160253047943115
6.0,0.0,0.0,0.0,0.0,0.0,10.182154655456543,8.46060848236084,6.933250904083252,0.0,0.0,0.0,0.0,0.0,0.0,0.0,6.3327507972717285,1.0370585918426514,0.0,0.0,15.37392520904541,0.0,0.0,0.0,3.079537868499756,0.0,0.0,3.450744152069092,0.0,3.8761680126190186,0.0,0.0,5.460525989532471
1.0,0.0,0.0,0.0,0.0,0.0,9.736663818359375,8.079768180847168,6.610540866851807,0.0,0.0,0.0,0.0,0.0,0.0,0.0,5.964069366455078,0.7996302843093872,0.0,0.0,14.757189750671387,0.0,0.0,0.0,3.2169947624206543,0.0,0.0,3.1800131797790527,0.0,3.640167713165283,0.0,0.0,5.214595794677734
6.0,0.0,0.0,0.0,0.0,0.0,10.265302658081055,8.51408576965332,7.018326282501221,0.0,0.0,0.0,0.0,0.0,0.0,0.0,6.3608527183532715,1.0736002922058105,0.0,0.0,15.500925064086914,0.0,0.0,0.0,3.1560802459716797,0.0,0.0,3.5391831398010254,0.0,3.9411232471466064,0.0,0.0,5.508605003356934
3.0,0.0,0.0,0.0,0.0,0.0,8.91436767578125,7.461124420166016,6.044915676116943,0.0,0.0,0.0,0.0,0.0,0.0,0.0,5.679905414581299,0.0,0.0,0.0,14.010222434997559,0.0,0.0,0.0,3.2073850631713867,0.0,0.0,2.291114568710327,0.0,2.8737754821777344,0.0,0.0,4.814382553100586
3.0,0.0,0.0,0.0,0.0,0.0,9.04321575164795,7.560675144195557,6.124841213226318,0.0,0.0,0.0,0.0,0.0,0.0,0.0,5.722245216369629,0.11253546923398972,0.0,0.0,14.06412124633789,0.0,0.0,0.0,3.4301490783691406,0.0,0.0,2.4608724117279053,0.0,2.9834229946136475,0.0,0.0,4.806977272033691
6.0,0.0,0.0,0.0,0.0,0.0,9.329507827758789,7.723384857177734,6.294515132904053,0.0,0.0,0.0,0.0,0.0,0.0,0.0,5.951258182525635,0.04633235186338425,0.0,0.0,14.581771850585938,0.0,0.0,0.0,1.8616966009140015,0.0,0.0,2.496169090270996,0.0,3.202880382537842,0.0,0.0,5.135248184204102
4.0,0.0,0.0,0.0,0.0,0.0,10.58879566192627,8.794170379638672,7.2515740394592285,0.0,0.0,0.0,0.0,0.0,0.0,0.0,6.583532810211182,1.543290615081787,0.0,0.0,15.98182201385498,0.0,0.0,0.0,3.2180230617523193,0.0,0.0,3.974578857421875,0.0,4.3701863288879395,0.0,0.0,5.784043312072754
6.0,0.0,0.0,0.0,0.0,0.0,9.846729278564453,8.19235610961914,6.6718974113464355,0.0,0.0,0.0,0.0,0.0,0.0,0.0,6.128541946411133,0.6412158012390137,0.0,0.0,15.130451202392578,0.0,0.0,0.0,3.318795680999756,0.0,0.0,3.1080589294433594,0.0,3.557518482208252,0.0,0.0,5.265727996826172
1.0,0.0,0.0,0.0,0.0,0.0,10.795452117919922,8.911019325256348,7.443520545959473,0.0,0.0,0.0,0.0,0.0,0.0,0.0,6.5332112312316895,1.5964410305023193,0.0,0.0,16.242517471313477,0.0,0.0,0.0,3.2581255435943604,0.0,0.0,4.235088348388672,0.0,4.545198917388916,0.0,0.0,5.91888427734375
6.0,0.0,0.0,0.0,0.0,0.0,12.852267265319824,10.55474853515625,8.844376564025879,0.0,0.0,0.0,0.0,0.0,0.0,0.0,7.512482643127441,3.133819818496704,0.0,0.0,18.513729095458984,0.0,0.0,0.0,3.1956634521484375,0.0,0.0,6.0754780769348145,0.0,6.113295078277588,0.0,0.0,6.907981872558594
3.0,0.0,0.0,0.0,0.0,0.0,10.246038436889648,8.585082054138184,6.819098949432373,0.0,0.0,0.0,0.0,0.0,0.0,0.0,6.622894287109375,0.09296702593564987,0.0,0.0,15.953001022338867,0.0,0.0,0.0,2.3694334030151367,0.0,0.0,2.6548633575439453,0.0,3.206057548522949,0.0,0.0,5.496142387390137
3.0,0.0,0.0,0.0,0.0,0.0,9.777641296386719,8.158339500427246,6.458401203155518,0.0,0.0,0.0,0.0,0.0,0.0,0.0,6.257670879364014,0.0,0.0,0.0,15.216275215148926,0.0,0.0,0.0,2.6293129920959473,0.09048178791999817,0.0,2.432828426361084,0.0,2.951672077178955,0.0,0.0,5.1574602127075195
1.0,0.0,0.0,0.0,0.0,0.0,9.814517974853516,8.2594575881958,6.538209915161133,0.0,0.0,0.0,0.0,0.0,0.0,0.0,6.410461902618408,0.0,0.0,0.0,15.42987060546875,0.0,0.0,0.0,2.612020492553711,0.1036587655544281,0.0,2.3672726154327393,0.0,2.9039502143859863,0.0,0.0,5.192473411560059
0.0,0.0,0.0,0.0,0.0,0.0,9.621138572692871,8.093814849853516,6.411044597625732,0.0,0.0,0.0,0.0,0.0,0.0,0.0,6.144840240478516,0.0,0.0,0.0,15.152509689331055,0.0,0.0,0.0,2.190843343734741,0.15496256947517395,0.0,2.4909839630126953,0.0,2.7467093467712402,0.0,0.0,5.109915733337402
1.0,0.0,0.0,0.0,0.0,0.0,9.945479393005371,8.394490242004395,6.64223575592041,0.0,0.0,0.0,0.0,0.0,0.0,0.0,6.4598188400268555,0.0,0.0,0.0,15.67943286895752,0.0,0.0,0.0,2.6686105728149414,0.019000977277755737,0.0,2.456491708755493,0.0,3.01157546043396,0.0,0.0,5.3326873779296875
0.0,0.0,0.0,0.0,0.0,0.0,9.793429374694824,8.220800399780273,6.459238529205322,0.0,0.0,0.0,0.0,0.0,0.0,0.0,6.539396286010742,0.0,0.0,0.0,15.613465309143066,0.0,0.0,0.0,1.2255159616470337,0.054311603307724,0.0,2.1892292499542236,0.0,2.780123233795166,0.0,0.0,5.377588272094727
3.0,0.0,0.0,0.0,0.0,0.0,9.375868797302246,7.954488754272461,6.197922229766846,0.0,0.0,0.0,0.0,0.0,0.0,0.0,6.2175984382629395,0.0,0.0,0.0,14.877367973327637,0.0,0.0,0.0,2.4726507663726807,0.13537564873695374,0.0,1.9131981134414673,0.0,2.540876626968384,0.0,0.0,4.947563171386719
3.0,0.0,0.0,0.0,0.0,0.0,10.068463325500488,8.517866134643555,6.6789984703063965,0.0,0.0,0.0,0.0,0.0,0.0,0.0,6.523863792419434,0.0,0.0,0.0,15.771101951599121,0.0,0.0,0.0,2.5700552463531494,0.046275943517684937,0.0,2.506608009338379,0.0,3.0133602619171143,0.0,0.0,5.283519744873047
4.0,0.0,0.0,0.0,0.0,0.0,10.338189125061035,8.62553882598877,6.8678998947143555,0.0,0.0,0.0,0.0,0.0,0.0,0.0,6.570085048675537,0.3496519923210144,0.0,0.0,15.805913925170898,0.0,0.0,0.0,2.661191940307617,0.030303627252578735,0.0,2.9539475440979004,0.0,3.4692957401275635,0.0,0.0,5.471658706665039
6.0,0.0,0.0,0.0,0.0,0.0,13.27433967590332,10.932597160339355,8.985559463500977,0.0,0.0,0.0,0.0,0.0,0.0,0.0,8.027459144592285,2.5061323642730713,0.0,0.0,19.58865737915039,0.0,0.0,0.0,2.3243682384490967,0.0,0.0,5.602804660797119,0.0,5.749805927276611,0.0,0.0,7.2081990242004395
4.0,0.0,0.0,0.0,0.0,0.0,11.335494041442871,9.325462341308594,7.377033233642578,0.0,0.0,0.0,0.0,0.0,0.0,0.0,7.3304057121276855,0.7020097374916077,0.0,0.0,17.357463836669922,0.0,0.0,0.0,1.4621829986572266,0.0,0.0,3.648869514465332,0.0,3.8312816619873047,0.0,0.0,5.7270588874816895
1.0,0.0,0.0,0.0,0.0,0.0,11.032536506652832,9.080965995788574,7.213650226593018,0.0,0.0,0.0,0.0,0.0,0.0,0.0,7.168107509613037,0.5902085304260254,0.0,0.0,17.197723388671875,0.0,0.0,0.0,1.4242206811904907,0.0,0.0,3.50338077545166,0.0,3.7368061542510986,0.0,0.0,5.677127838134766
1.0,0.0,0.0,0.0,0.0,0.0,11.394277572631836,9.475602149963379,7.636554718017578,0.0,0.0,0.0,0.0,0.0,0.0,0.0,7.231276035308838,0.9645720720291138,0.0,0.0,17.694246292114258,0.0,0.0,0.0,1.7464333772659302,0.0,0.0,3.951852560043335,0.0,4.064748287200928,0.0,0.0,6.019690990447998
1.0,0.0,0.0,0.0,0.0,0.0,12.314178466796875,10.060770034790039,8.153285026550293,0.0,0.0,0.0,0.0,0.0,0.0,0.0,7.751194477081299,1.3235588073730469,0.0,0.0,18.806087493896484,0.0,0.0,0.0,0.8303828239440918,0.0,0.0,4.469059467315674,0.0,4.639112949371338,0.0,0.0,6.439138412475586
1.0,0.0,0.0,0.0,0.0,0.0,10.35804557800293,8.647058486938477,6.873652935028076,0.0,0.0,0.0,0.0,0.0,0.0,0.0,6.69555139541626,0.18657219409942627,0.0,0.0,16.32730484008789,0.0,0.0,0.0,2.180034637451172,0.03854820132255554,0.0,3.025801658630371,0.0,3.244711399078369,0.0,0.0,5.3233184814453125
5.0,0.0,0.0,0.0,0.0,0.0,10.739331245422363,8.929786682128906,7.115672588348389,0.0,0.0,0.0,0.0,0.0,0.0,0.0,6.984494686126709,0.18750882148742676,0.0,0.0,16.809776306152344,0.0,0.0,0.0,0.8839983940124512,0.0,0.0,3.079286813735962,0.0,3.4369914531707764,0.0,0.0,5.691616535186768
3.0,0.0,0.0,0.0,0.0,0.0,12.20772647857666,10.114035606384277,8.10448932647705,0.0,0.0,0.0,0.0,0.0,0.0,0.0,7.665957450866699,1.6546015739440918,0.0,0.0,18.408897399902344,0.0,0.0,0.0,1.2738722562789917,0.0,0.0,4.773553848266602,0.0,4.683051586151123,0.0,0.0,6.317692756652832
6.0,0.0,0.0,0.0,0.0,0.0,12.008652687072754,9.972800254821777,7.96982479095459,0.0,0.0,0.0,0.0,0.0,0.0,0.0,7.638409614562988,1.1398062705993652,0.0,0.0,18.348344802856445,0.0,0.0,0.0,1.696304202079773,0.0,0.0,4.230149269104004,0.0,4.371494770050049,0.0,0.0,6.166122913360596
1.0,0.0,0.0,0.0,0.0,0.0,11.545931816101074,9.539320945739746,7.68710470199585,0.0,0.0,0.0,0.0,0.0,0.0,0.0,7.381387233734131,1.0287679433822632,0.0,0.0,17.89208221435547,0.0,0.0,0.0,0.9911644458770752,0.0,0.0,3.97835111618042,0.0,4.190061092376709,0.0,0.0,6.0734734535217285
1.0,0.0,0.0,0.0,0.0,0.0,11.674649238586426,9.521607398986816,7.633640289306641,0.0,0.0,0.0,0.0,0.0,0.0,0.0,7.44828987121582,1.0441704988479614,0.0,0.0,17.73407554626465,0.0,0.0,0.0,1.3102890253067017,0.0,0.0,3.9905896186828613,0.0,4.171401500701904,0.0,0.0,5.932116508483887
6.0,0.0,0.0,0.0,0.0,0.0,10.937094688415527,9.112964630126953,7.172598838806152,0.0,0.0,0.0,0.0,0.0,0.0,0.0,7.170786380767822,0.0,0.0,0.0,17.37906265258789,0.0,0.0,0.0,1.3747199773788452,0.0,0.0,2.5997872352600098,0.0,2.928025484085083,0.0,0.0,5.662290573120117
1.0,0.0,0.0,0.0,0.0,0.0,10.306086540222168,8.75610637664795,6.744755268096924,0.0,0.0,0.0,0.0,0.0,0.0,0.0,6.767723083496094,0.0,0.0,0.0,16.640357971191406,0.0,0.0,0.0,1.3510091304779053,0.11965438723564148,0.0,2.2767465114593506,0.0,2.600881576538086,0.0,0.0,5.391400337219238
6.0,0.0,0.0,0.0,0.0,0.0,10.88474178314209,9.105345726013184,7.1409502029418945,0.0,0.0,0.0,0.0,0.0,0.0,0.0,7.114898681640625,0.0,0.0,0.0,17.28865623474121,0.0,0.0,0.0,1.4636131525039673,0.0,0.0,2.607851028442383,0.0,2.948814630508423,0.0,0.0,5.650688648223877
1.0,0.0,0.0,0.0,0.0,0.0,12.771578788757324,10.567740440368652,8.396100044250488,0.0,0.0,0.0,0.0,0.0,0.0,0.0,8.017108917236328,1.1962158679962158,0.0,0.0,19.668651580810547,0.0,0.0,0.0,0.7129557132720947,0.0,0.0,4.3831658363342285,0.0,4.50131893157959,0.0,0.0,6.673995018005371
3.0,0.0,0.0,0.0,0.0,0.0,10.376510620117188,8.73820686340332,6.789103984832764,0.0,0.0,0.0,0.0,0.0,0.0,0.0,6.784087181091309,0.0,0.0,0.0,16.73312759399414,0.0,0.0,0.0,1.5509459972381592,0.07897612452507019,0.0,2.140608549118042,0.0,2.529465436935425,0.0,0.0,5.369582653045654
4.0,0.0,0.0,0.0,0.0,0.0,9.848301887512207,8.2538480758667,6.297390460968018,0.0,0.0,0.0,0.0,0.0,0.0,0.0,6.485241889953613,0.0,0.0,0.0,15.864973068237305,0.0,0.0,0.0,1.1747313737869263,0.1248827874660492,0.0,1.539345622062683,0.0,2.0538854598999023,0.0,0.0,5.1222944259643555
3.0,0.0,0.0,0.0,0.0,0.0,11.6232271194458,9.695740699768066,7.654022216796875,0.0,0.0,0.0,0.0,0.0,0.0,0.0,7.452962875366211,0.5062605142593384,0.0,0.0,18.04543113708496,0.0,0.0,0.0,1.088239312171936,0.0,0.0,3.523106813430786,0.0,3.6994547843933105,0.0,0.0,6.059500217437744
3.0,0.0,0.0,0.0,0.0,0.0,11.504124641418457,9.568488121032715,7.496409893035889,0.0,0.0,0.0,0.0,0.0,0.0,0.0,7.338606357574463,0.05039440840482712,0.0,0.0,18.11478042602539,0.0,0.0,0.0,1.2428381443023682,0.0,0.0,3.0119261741638184,0.0,3.330249547958374,0.0,0.0,5.937295436859131
6.0,0.0,0.0,0.0,0.0,0.0,10.070964813232422,8.503499984741211,6.563516139984131,0.0,0.0,0.0,0.0,0.0,0.0,0.0,6.601704120635986,0.0,0.0,0.0,16.174762725830078,0.0,0.0,0.0,1.2005178928375244,0.13879325985908508,0.0,2.094409227371216,0.0,2.407656669616699,0.0,0.0,5.152291297912598
6.0,0.0,0.0,0.0,0.0,0.0,12.5333890914917,10.3867826461792,8.245600700378418,0.0,0.0,0.0,0.0,0.0,0.0,0.0,7.959780693054199,0.7580198049545288,0.0,0.0,19.39769744873047,0.0,0.0,0.0,0.8483148813247681,0.0,0.0,3.8658018112182617,0.0,4.174411773681641,0.0,0.0,6.56145715713501
2.0,0.0,0.0,0.0,0.0,0.0,11.004246711730957,9.286545753479004,7.139293193817139,0.0,0.0,0.0,0.0,0.0,0.0,0.0,7.205740451812744,0.0,0.0,0.0,17.75749969482422,0.0,0.0,0.0,0.7763118743896484,0.06973710656166077,0.0,2.6044459342956543,0.0,2.8104441165924072,0.0,0.0,5.834760665893555
1.0,0.0,0.0,0.0,0.0,0.0,12.106951713562012,10.077311515808105,7.890330791473389,0.0,0.0,0.0,0.0,0.0,0.0,0.0,7.740468502044678,0.2782876491546631,0.0,0.0,18.9942569732666,0.0,0.0,0.0,0.5244622826576233,0.0,0.0,3.5357460975646973,0.0,3.738132953643799,0.0,0.0,6.469721794128418
6.0,0.0,0.0,0.0,0.0,0.0,11.124589920043945,9.364483833312988,7.256680011749268,0.0,0.0,0.0,0.0,0.0,0.0,0.0,7.183400630950928,0.0,0.0,0.0,17.804763793945312,0.0,0.0,0.0,1.1487493515014648,0.0,0.0,2.6917967796325684,0.0,2.957454204559326,0.0,0.0,5.910099506378174
1.0,0.0,0.0,0.0,0.0,0.0,13.024542808532715,10.696991920471191,8.46488094329834,0.0,0.0,0.0,0.0,0.0,0.0,0.0,8.216972351074219,0.8659619688987732,0.0,0.0,20.138961791992188,0.0,0.0,0.0,0.1392522156238556,0.0,0.0,4.200861930847168,0.0,4.347148418426514,0.0,0.0,6.938834190368652
2.0,0.0,0.0,0.0,0.0,0.0,10.733063697814941,9.135138511657715,6.996090412139893,0.0,0.0,0.0,0.0,0.0,0.0,0.0,7.037779331207275,0.0,0.0,0.0,17.375720977783203,0.0,0.0,0.0,0.8078022003173828,0.06590536236763,0.0,2.36342716217041,0.0,2.6458473205566406,0.0,0.0,5.6803178787231445
5.0,0.0,0.0,0.0,0.0,0.0,10.684664726257324,8.955316543579102,6.752218246459961,0.0,0.0,0.0,0.0,0.0,0.0,0.0,7.100102424621582,0.0,0.0,0.0,17.554725646972656,0.0,0.0,0.0,0.0,0.1517656147480011,0.0,1.7488579750061035,0.0,2.528202533721924,0.0,0.0,5.758098602294922
1.0,0.0,0.0,0.0,0.0,0.0,10.459406852722168,8.832953453063965,6.691014766693115,0.0,0.0,0.0,0.0,0.0,0.0,0.0,6.889790058135986,0.0,0.0,0.0,16.948848724365234,0.0,0.0,0.0,0.7563570737838745,0.23245611786842346,0.0,2.029139995574951,0.0,2.356381893157959,0.0,0.0,5.445884704589844
6.0,0.0,0.0,0.0,0.0,0.0,11.58182430267334,9.707837104797363,7.495474338531494,0.0,0.0,0.0,0.0,0.0,0.0,0.0,7.463310241699219,0.0,0.0,0.0,18.45553207397461,0.0,0.0,0.0,0.8533816337585449,0.0,0.0,2.8077802658081055,0.0,3.1453113555908203,0.0,0.0,6.093742847442627
2.0,0.0,0.0,0.0,0.0,0.0,9.98753833770752,8.571148872375488,6.408796787261963,0.0,0.0,0.0,0.0,0.0,0.0,0.0,6.707500457763672,0.0,0.0,0.0,16.556705474853516,0.0,0.0,0.0,0.7883765697479248,0.18235376477241516,0.0,1.5400232076644897,0.0,1.9269306659698486,0.0,0.0,5.337356090545654
5.0,0.0,0.0,0.0,0.0,0.0,12.84057331085205,10.703898429870605,8.38541316986084,0.0,0.0,0.0,0.0,0.0,0.0,0.0,8.142487525939941,0.7491523027420044,0.0,0.0,19.91366958618164,0.0,0.0,0.0,0.45869770646095276,0.0,0.0,3.886136531829834,0.0,4.222137451171875,0.0,0.0,6.74146032333374
6.0,0.0,0.0,0.0,0.0,0.0,10.026087760925293,8.597738265991211,6.508327007293701,0.0,0.0,0.0,0.0,0.0,0.0,0.0,6.715360164642334,0.0,0.0,0.0,16.316539764404297,0.0,0.0,0.0,1.1492611169815063,0.0,0.0,2.3035383224487305,0.0,2.718097686767578,0.0,0.0,5.520284652709961
1.0,0.0,0.0,0.0,0.0,0.0,9.153716087341309,7.907815456390381,5.774528980255127,0.0,0.0,0.0,0.0,0.0,0.0,0.0,6.238896369934082,0.0,0.0,0.0,15.353519439697266,0.0,0.0,0.0,0.6905055046081543,0.0,0.0,1.5795459747314453,0.0,2.0586321353912354,0.0,0.0,5.204944133758545
5.0,0.0,0.0,0.0,0.0,0.0,9.670999526977539,8.246761322021484,6.163854598999023,0.0,0.0,0.0,0.0,0.0,0.0,0.0,6.450204372406006,0.0,0.0,0.0,15.874397277832031,0.0,0.0,0.0,1.06415855884552,0.0061556389555335045,0.0,1.9743813276290894,0.0,2.3967394828796387,0.0,0.0,5.272087097167969
1.0,0.0,0.0,0.0,0.0,0.0,12.705023765563965,10.534024238586426,8.283072471618652,0.0,0.0,0.0,0.0,0.0,0.0,0.0,8.027091979980469,1.5793061256408691,0.0,0.0,19.68815040588379,0.0,0.0,0.0,0.3396075963973999,0.0,0.0,4.583804130554199,0.0,4.835306644439697,0.0,0.0,7.05339241027832
1.0,0.0,0.0,0.0,0.0,0.0,9.966650009155273,8.564388275146484,6.456968784332275,0.0,0.0,0.0,0.0,0.0,0.0,0.0,6.643160343170166,0.0,0.0,0.0,16.324636459350586,0.0,0.0,0.0,1.259172797203064,0.0,0.0,2.21923828125,0.0,2.6746339797973633,0.0,0.0,5.532954216003418
7.0,0.0,0.0,0.0,0.0,0.0,7.723060607910156,6.714263916015625,4.683359622955322,0.0,0.0,0.0,0.0,0.0,0.0,0.0,5.410584926605225,0.0,0.0,0.0,13.640216827392578,0.0,0.0,0.0,0.4152628183364868,0.21053192019462585,0.0,0.0,0.0,0.739078938961029,0.0,0.0,4.419597625732422
6.0,0.0,0.0,0.0,0.0,0.0,9.502486228942871,8.180644989013672,6.137004852294922,0.0,0.0,0.0,0.0,0.0,0.0,0.0,6.311981201171875,0.0,0.0,0.0,15.650776863098145,0.0,0.0,0.0,1.0160150527954102,0.0,0.0,2.0689172744750977,0.0,2.4186055660247803,0.0,0.0,5.255435943603516
6.0,0.0,0.0,0.0,0.0,0.0,12.784364700317383,10.691254615783691,8.423274040222168,0.0,0.0,0.0,0.0,0.0,0.0,0.0,7.987351417541504,1.8411614894866943,0.0,0.0,19.79718017578125,0.0,0.0,0.0,0.7725447416305542,0.0,0.0,4.824755668640137,0.0,4.951522350311279,0.0,0.0,7.067547798156738
4.0,0.0,0.0,0.0,0.0,0.0,8.86609172821045,7.62770414352417,5.628292560577393,0.0,0.0,0.0,0.0,0.0,0.0,0.0,6.040389537811279,0.0,0.0,0.0,14.94478988647461,0.0,0.0,0.0,1.136153221130371,0.08298322558403015,0.0,1.1850734949111938,0.0,1.7623112201690674,0.0,0.0,4.918588161468506
6.0,0.0,0.0,0.0,0.0,0.0,11.47315502166748,9.696602821350098,7.4905266761779785,0.0,0.0,0.0,0.0,0.0,0.0,0.0,7.4080023765563965,0.7221813201904297,0.0,0.0,18.133235931396484,0.0,0.0,0.0,0.9594517946243286,0.0,0.0,3.4825963973999023,0.0,3.833444595336914,0.0,0.0,6.278168678283691
3.0,0.0,0.0,0.0,0.0,0.0,9.319317817687988,8.062512397766113,5.77771520614624,0.0,0.0,0.0,0.0,0.0,0.0,0.0,6.314504623413086,0.0,0.0,0.0,15.457389831542969,0.0,0.0,0.0,1.372687578201294,0.0,0.0,1.380750060081482,0.0,1.9694523811340332,0.0,0.0,5.0848822593688965
2.0,0.0,0.0,0.0,0.0,0.0,8.57819652557373,7.591426849365234,5.328213214874268,0.0,0.0,0.0,0.0,0.0,0.0,0.0,5.888733386993408,0.0,0.0,0.0,14.78041934967041,0.0,0.0,0.0,1.2809709310531616,0.0,0.0,0.7111241817474365,0.0,1.33664071559906,0.0,0.0,4.7601318359375
3.0,0.0,0.0,0.0,0.0,0.0,9.789652824401855,8.37458610534668,6.131986141204834,0.0,0.0,0.0,0.0,0.0,0.0,0.0,6.415053844451904,0.0,0.0,0.0,15.993059158325195,0.0,0.0,0.0,1.3646464347839355,0.0,0.0,1.9097037315368652,0.0,2.3974995613098145,0.0,0.0,5.3259806632995605
1.0,0.0,0.0,0.0,0.0,0.0,10.520709991455078,8.908024787902832,6.588778972625732,0.0,0.0,0.0,0.0,0.0,0.0,0.0,6.860421657562256,0.0,0.0,0.0,17.150787353515625,0.0,0.0,0.0,0.6856825351715088,0.0,0.0,2.3398919105529785,0.0,2.9030838012695312,0.0,0.0,5.97048282623291
3.0,0.0,0.0,0.0,0.0,0.0,9.763453483581543,8.476383209228516,6.0840020179748535,0.0,0.0,0.0,0.0,0.0,0.0,0.0,6.5281548500061035,0.0,0.0,0.0,15.991987228393555,0.0,0.0,0.0,1.237104058265686,0.0,0.0,1.6961337327957153,0.0,2.3358373641967773,0.0,0.0,5.313009738922119
7.0,0.0,0.0,0.0,0.0,0.0,10.886122703552246,9.426041603088379,7.007650852203369,0.0,0.0,0.0,0.0,0.0,0.0,0.0,7.032515525817871,0.0,0.0,0.0,17.866317749023438,0.0,0.0,0.0,0.39735302329063416,0.0,0.0,2.6448276042938232,0.0,3.227768898010254,0.0,0.0,6.275360107421875
6.0,0.0,0.0,0.0,0.0,0.0,10.016589164733887,8.71985149383545,6.406631946563721,0.0,0.0,0.0,0.0,0.0,0.0,0.0,6.561892986297607,0.0,0.0,0.0,16.359712600708008,0.0,0.0,0.0,1.3217629194259644,0.0,0.0,2.4238100051879883,0.0,2.757725238800049,0.0,0.0,5.617366790771484
3.0,0.0,0.0,0.0,0.0,0.0,10.004535675048828,8.566014289855957,6.184388160705566,0.0,0.0,0.0,0.0,0.0,0.0,0.0,6.525407314300537,0.0,0.0,0.0,16.353254318237305,0.0,0.0,0.0,1.4025204181671143,0.0,0.0,1.8365241289138794,0.0,2.3850672245025635,0.0,0.0,5.482300281524658
4.0,0.0,0.0,0.0,0.0,0.0,10.12975025177002,8.696450233459473,6.444492340087891,0.0,0.0,0.0,0.0,0.0,0.0,0.0,6.635069847106934,0.0,0.0,0.0,16.5749568939209,0.0,0.0,0.0,1.1856486797332764,0.0,0.0,2.242417335510254,0.0,2.7789106369018555,0.0,0.0,5.771872520446777
5.0,0.0,0.0,0.0,0.0,0.0,10.583138465881348,8.989607810974121,6.6413960456848145,0.0,0.0,0.0,0.0,0.0,0.0,0.0,6.880340576171875,0.0,0.0,0.0,17.0458984375,0.0,0.0,0.0,1.213134765625,0.0,0.0,2.3499207496643066,0.0,2.9653239250183105,0.0,0.0,5.760691165924072
3.0,0.0,0.0,0.0,0.0,0.0,9.812188148498535,8.548295021057129,6.200198173522949,0.0,0.0,0.0,0.0,0.0,0.0,0.0,6.470306873321533,0.0,0.0,0.0,16.270008087158203,0.0,0.0,0.0,1.5246336460113525,0.0,0.0,1.7092734575271606,0.0,2.314495086669922,0.0,0.0,5.639062404632568
2.0,0.0,0.0,0.0,0.0,0.0,8.880879402160645,7.849637031555176,5.5482306480407715,0.0,0.0,0.0,0.0,0.0,0.0,0.0,6.001464366912842,0.0,0.0,0.0,15.218538284301758,0.0,0.0,0.0,1.5450376272201538,0.0,0.0,0.920409619808197,0.0,1.5284993648529053,0.0,0.0,5.11183500289917
6.0,0.0,0.0,0.0,0.0,0.0,8.511940956115723,7.6376142501831055,5.2519049644470215,0.0,0.0,0.0,0.0,0.0,0.0,0.0,5.913107395172119,0.0,0.0,0.0,14.620107650756836,0.0,0.0,0.0,1.834900975227356,0.0,0.0,0.5434409379959106,0.0,1.1341137886047363,0.0,0.0,4.774387359619141
7.0,0.0,0.0,0.0,0.0,0.0,8.694062232971191,7.533425331115723,5.206169128417969,0.0,0.0,0.0,0.0,0.0,0.0,0.0,5.8511505126953125,0.0,0.0,0.0,14.910041809082031,0.0,0.0,0.0,0.8588153123855591,0.0,0.0,0.29430466890335083,0.0,1.1632075309753418,0.0,0.0,4.853866100311279
4.0,0.0,0.0,0.0,0.0,0.0,8.201761245727539,7.324731349945068,5.035343647003174,0.0,0.0,0.0,0.0,0.0,0.0,0.0,5.618175983428955,0.0,0.0,0.0,14.097745895385742,0.0,0.0,0.0,1.7756279706954956,0.0,0.0,0.4129934310913086,0.0,0.9515857696533203,0.0,0.0,4.560848236083984
0.0,0.0,0.0,0.0,0.0,0.0,5.6692705154418945,5.305519104003906,3.1083908081054688,0.0,0.0,0.0,0.0,0.0,0.0,0.0,4.177834987640381,0.0,0.0,0.0,10.833614349365234,0.0,0.0,0.0,1.3585784435272217,0.29003748297691345,0.0,0.0,0.0,0.0,0.0,0.0,3.236037254333496
1.0,0.0,0.0,0.0,0.0,0.0,8.896138191223145,7.830505847930908,5.557628154754639,0.0,0.0,0.0,0.0,0.0,0.0,0.0,5.943253040313721,0.0,0.0,0.0,15.019237518310547,0.0,0.0,0.0,1.3469847440719604,0.0,0.0,0.9232097864151001,0.0,1.4969123601913452,0.0,0.0,5.090847492218018
3.0,0.0,0.0,0.0,0.0,0.0,9.534016609191895,8.312418937683105,5.877808094024658,0.0,0.0,0.0,0.0,0.0,0.0,0.0,6.274214267730713,0.0,0.0,0.0,15.990859985351562,0.0,0.0,0.0,1.8279480934143066,0.0,0.0,1.4033503532409668,0.0,1.959932565689087,0.0,0.0,5.393181324005127
6.0,0.0,0.0,0.0,0.0,0.0,7.495741367340088,6.891942024230957,4.654638767242432,0.0,0.0,0.0,0.0,0.0,0.0,0.0,5.310595512390137,0.0,0.0,0.0,13.407938003540039,0.0,0.0,0.0,2.008190393447876,0.07903113961219788,0.0,0.0,0.0,0.5096607804298401,0.0,0.0,4.221798896789551
6.0,0.0,0.0,0.0,0.0,0.0,9.759871482849121,8.551688194274902,6.100901126861572,0.0,0.0,0.0,0.0,0.0,0.0,0.0,6.495692253112793,0.0,0.0,0.0,16.165481567382812,0.0,0.0,0.0,1.7224037647247314,0.0,0.0,1.5083218812942505,0.0,2.1357131004333496,0.0,0.0,5.44559383392334
1.0,0.0,0.0,0.0,0.0,0.0,8.11474895477295,7.1780171394348145,4.96597957611084,0.0,0.0,0.0,0.0,0.0,0.0,0.0,5.745510101318359,0.0,0.0,0.0,14.273285865783691,0.0,0.0,0.0,1.8159178495407104,0.0,0.0,0.28607550263404846,0.0,0.727419912815094,0.0,0.0,4.5035786628723145
2.0,0.0,0.0,0.0,0.0,0.0,8.336193084716797,7.3760528564453125,5.149137020111084,0.0,0.0,0.0,0.0,0.0,0.0,0.0,5.879837989807129,0.0,0.0,0.0,14.64452838897705,0.0,0.0,0.0,1.722601294517517,0.014228670857846737,0.0,0.581497848033905,0.0,1.036271572113037,0.0,0.0,4.713140964508057
3.0,0.0,0.0,0.0,0.0,0.0,8.86660099029541,7.808578014373779,5.516180038452148,0.0,0.0,0.0,0.0,0.0,0.0,0.0,6.093429088592529,0.0,0.0,0.0,15.352811813354492,0.0,0.0,0.0,1.96880042552948,0.0,0.0,0.9742259383201599,0.0,1.4233758449554443,0.0,0.0,5.027092933654785
7.0,0.0,0.0,0.0,0.0,0.0,8.712319374084473,7.6006269454956055,5.224812030792236,0.0,0.0,0.0,0.0,0.0,0.0,0.0,6.027556896209717,0.0,0.0,0.0,15.286319732666016,0.0,0.0,0.0,0.9265559911727905,0.0,0.0,0.51580810546875,0.0,1.2435102462768555,0.0,0.0,4.941004276275635
1.0,0.0,0.0,0.0,0.0,0.0,8.357331275939941,7.462146282196045,5.183616638183594,0.0,0.0,0.0,0.0,0.0,0.0,0.0,5.819773197174072,0.0,0.0,0.0,14.597763061523438,0.0,0.0,0.0,1.5977790355682373,0.0,0.0,0.6380714774131775,0.0,1.1236140727996826,0.0,0.0,4.76619291305542
4.0,0.0,0.0,0.0,0.0,0.0,7.802120208740234,7.020883083343506,4.6980109214782715,0.0,0.0,0.0,0.0,0.0,0.0,0.0,5.628781795501709,0.0,0.0,0.0,13.969799041748047,0.0,0.0,0.0,1.4867976903915405,0.06250587105751038,0.0,0.0,0.0,0.36444157361984253,0.0,0.0,4.362155914306641
6.0,0.0,0.0,0.0,0.0,0.0,9.396010398864746,8.239575386047363,5.939228057861328,0.0,0.0,0.0,0.0,0.0,0.0,0.0,6.41213321685791,0.0,0.0,0.0,16.10811424255371,0.0,0.0,0.0,1.200863242149353,0.0,0.0,1.5348824262619019,0.0,1.9150314331054688,0.0,0.0,5.367871284484863
6.0,0.0,0.0,0.0,0.0,0.0,9.277708053588867,8.147457122802734,5.738709926605225,0.0,0.0,0.0,0.0,0.0,0.0,0.0,6.393442630767822,0.0,0.0,0.0,15.796841621398926,0.0,0.0,0.0,1.77918541431427,0.0,0.0,1.1433888673782349,0.0,1.628274917602539,0.0,0.0,5.090695381164551
4.0,0.0,0.0,0.0,0.0,0.0,6.862443447113037,6.290266990661621,4.0708909034729,0.0,0.0,0.0,0.0,0.0,0.0,0.0,5.129333019256592,0.0,0.0,0.0,12.727607727050781,0.0,0.0,0.0,1.9802628755569458,0.20239391922950745,0.0,0.0,0.0,0.0,0.0,0.0,3.796318292617798
6.0,0.0,0.0,0.0,0.0,0.0,9.953211784362793,8.633843421936035,6.285311698913574,0.0,0.0,0.0,0.0,0.0,0.0,0.0,6.650681495666504,0.0,0.0,0.0,16.654644012451172,0.0,0.0,0.0,1.8360882997512817,0.0,0.0,2.001678705215454,0.0,2.3514182567596436,0.0,0.0,5.601374626159668
3.0,0.0,0.0,0.0,0.0,0.0,8.519145011901855,7.519313335418701,5.219863414764404,0.0,0.0,0.0,0.0,0.0,0.0,0.0,6.210203647613525,0.0,0.0,0.0,14.968256950378418,0.0,0.0,0.0,1.172318458557129,0.10013541579246521,0.0,0.8393179178237915,0.0,1.2551308870315552,0.0,0.0,4.724975109100342
2.0,0.0,0.0,0.0,0.0,0.0,6.560336112976074,5.888033866882324,3.659116268157959,0.0,0.0,0.0,0.0,0.0,0.0,0.0,4.976652145385742,0.0,0.0,0.0,12.564085006713867,0.0,0.0,0.0,1.064348578453064,0.2706972062587738,0.0,0.0,0.0,0.0,0.0,0.0,3.6958353519439697
6.0,0.0,0.0,0.0,0.0,0.0,9.575554847717285,8.33445930480957,5.946529865264893,0.0,0.0,0.0,0.0,0.0,0.0,0.0,6.690803050994873,0.0,0.0,0.0,16.38990592956543,0.0,0.0,0.0,1.0536069869995117,0.0,0.0,1.9320191144943237,0.0,2.162742853164673,0.0,0.0,5.329127311706543
1.0,0.0,0.0,0.0,0.0,0.0,8.315566062927246,7.251978397369385,4.914194583892822,0.0,0.0,0.0,0.0,0.0,0.0,0.0,6.08822774887085,0.0,0.0,0.0,14.868555068969727,0.0,0.0,0.0,0.9503116607666016,0.0,0.0,0.28287768363952637,0.0,0.7885343432426453,0.0,0.0,4.631694793701172
3.0,0.0,0.0,0.0,0.0,0.0,8.583540916442871,7.579967498779297,5.241027355194092,0.0,0.0,0.0,0.0,0.0,0.0,0.0,6.253292560577393,0.0,0.0,0.0,15.253304481506348,0.0,0.0,0.0,1.120796799659729,0.10845819115638733,0.0,0.8691428303718567,0.0,1.27801513671875,0.0,0.0,4.766483306884766
0.0,0.0,0.0,0.0,0.0,0.0,6.069222450256348,5.54587459564209,3.4185433387756348,0.0,0.0,0.0,0.0,0.0,0.0,0.0,4.798163890838623,0.0,0.0,0.0,11.809383392333984,0.0,0.0,0.0,1.0498145818710327,0.391749769449234,0.0,0.0,0.0,0.0,0.0,0.0,3.4885313510894775
1.0,0.0,0.0,0.0,0.0,0.0,8.520781517028809,7.488793849945068,5.174942970275879,0.0,0.0,0.0,0.0,0.0,0.0,0.0,6.174862384796143,0.0,0.0,0.0,15.078096389770508,0.0,0.0,0.0,1.1104345321655273,0.06803885102272034,0.0,1.013183832168579,0.0,1.3082486391067505,0.0,0.0,4.777066707611084
3.0,0.0,0.0,0.0,0.0,0.0,9.039626121520996,7.912010192871094,5.511746406555176,0.0,0.0,0.0,0.0,0.0,0.0,0.0,6.4267578125,0.0,0.0,0.0,15.704178810119629,0.0,0.0,0.0,1.2283328771591187,0.07428643107414246,0.0,1.2605613470077515,0.0,1.6249855756759644,0.0,0.0,4.929662704467773
2.0,0.0,0.0,0.0,0.0,0.0,6.677145481109619,6.13393497467041,3.9995298385620117,0.0,0.0,0.0,0.0,0.0,0.0,0.0,5.09731388092041,0.0,0.0,0.0,12.719911575317383,0.0,0.0,0.0,1.621878743171692,0.2895745635032654,0.0,0.0,0.0,0.0,0.0,0.0,3.7988669872283936
6.0,0.0,0.0,0.0,0.0,0.0,10.464695930480957,9.029945373535156,6.565849304199219,0.0,0.0,0.0,0.0,0.0,0.0,0.0,7.088907718658447,0.0,0.0,0.0,17.518007278442383,0.0,0.0,0.0,1.141466498374939,0.0,0.0,2.7044055461883545,0.0,2.9144883155822754,0.0,0.0,5.9021172523498535
1.0,0.0,0.0,0.0,0.0,0.0,9.146622657775879,8.007781982421875,5.528292655944824,0.0,0.0,0.0,0.0,0.0,0.0,0.0,6.573057174682617,0.0,0.0,0.0,16.140972137451172,0.0,0.0,0.0,1.209979772567749,0.06652334332466125,0.0,1.0131667852401733,0.0,1.393853783607483,0.0,0.0,5.033822059631348
1.0,0.0,0.0,0.0,0.0,0.0,7.866595268249512,7.075789928436279,4.6003336906433105,0.0,0.0,0.0,0.0,0.0,0.0,0.0,5.803401947021484,0.0,0.0,0.0,14.470476150512695,0.0,0.0,0.0,0.9958707094192505,0.28411349654197693,0.0,0.0,0.0,0.1695939153432846,0.0,0.0,4.2054948806762695
1.0,0.0,0.0,0.0,0.0,0.0,7.821436882019043,7.0493340492248535,4.645807266235352,0.0,0.0,0.0,0.0,0.0,0.0,0.0,5.89865779876709,0.0,0.0,0.0,14.404630661010742,0.0,0.0,0.0,1.3264049291610718,0.31896916031837463,0.0,0.0,0.0,0.2345193475484848,0.0,0.0,4.23051643371582
1.0,0.0,0.0,0.0,0.0,0.0,8.444645881652832,7.533615589141846,5.096401691436768,0.0,0.0,0.0,0.0,0.0,0.0,0.0,6.1652350425720215,0.0,0.0,0.0,15.391950607299805,0.0,0.0,0.0,0.9243885278701782,0.23077932000160217,0.0,0.5324244499206543,0.0,0.8970182538032532,0.0,0.0,4.679638862609863
1.0,0.0,0.0,0.0,0.0,0.0,7.902956962585449,7.028603553771973,4.637649059295654,0.0,0.0,0.0,0.0,0.0,0.0,0.0,5.886074542999268,0.0,0.0,0.0,14.518444061279297,0.0,0.0,0.0,1.4203885793685913,0.34597721695899963,0.0,0.0,0.0,0.2757177948951721,0.0,0.0,4.211431503295898
3.0,0.0,0.0,0.0,0.0,0.0,5.965531349182129,5.386684894561768,3.1621575355529785,0.0,0.0,0.0,0.0,0.0,0.0,0.0,4.610866069793701,0.0,0.0,0.0,12.033170700073242,0.0,0.0,0.0,0.5632162094116211,0.4099965989589691,0.0,0.0,0.0,0.0,0.0,0.0,3.380474328994751
1.0,0.0,0.0,0.0,0.0,0.0,8.368176460266113,7.447290420532227,5.041478633880615,0.0,0.0,0.0,0.0,0.0,0.0,0.0,6.089788913726807,0.0,0.0,0.0,15.155388832092285,0.0,0.0,0.0,1.1170992851257324,0.16712811589241028,0.0,0.5506951808929443,0.0,0.8755007386207581,0.0,0.0,4.719059944152832
6.0,0.0,0.0,0.0,0.0,0.0,8.885268211364746,7.843895435333252,5.316891193389893,0.0,0.0,0.0,0.0,0.0,0.0,0.0,6.40627384185791,0.0,0.0,0.0,15.833751678466797,0.0,0.0,0.0,1.2170480489730835,0.16359004378318787,0.0,0.7014369368553162,0.0,1.0551882982254028,0.0,0.0,4.80148983001709
2.0,0.0,0.0,0.0,0.0,0.0,7.369448661804199,6.690796852111816,4.3986430168151855,0.0,0.0,0.0,0.0,0.0,0.0,0.0,5.56353235244751,0.0,0.0,0.0,13.891037940979004,0.0,0.0,0.0,1.380181074142456,0.35905686020851135,0.0,0.0,0.0,0.07372896373271942,0.0,0.0,4.156818389892578
1.0,0.0,0.0,0.0,0.0,0.0,9.137068748474121,7.92418098449707,5.4725117683410645,0.0,0.0,0.0,0.0,0.0,0.0,0.0,6.514784336090088,0.0,0.0,0.0,16.10076904296875,0.0,0.0,0.0,1.1526578664779663,0.03083786368370056,0.0,0.9823986887931824,0.0,1.3108865022659302,0.0,0.0,5.08050537109375
3.0,0.0,0.0,0.0,0.0,0.0,7.467622756958008,6.7384443283081055,4.245338439941406,0.0,0.0,0.0,0.0,0.0,0.0,0.0,5.66644811630249,0.0,0.0,0.0,13.912718772888184,0.0,0.0,0.0,1.988002896308899,0.26582154631614685,0.0,0.0,0.0,0.0,0.0,0.0,4.027519702911377
2.0,0.0,0.0,0.0,0.0,0.0,8.429903030395508,7.386939525604248,4.697573184967041,0.0,0.0,0.0,0.0,0.0,0.0,0.0,6.0612311363220215,0.0,0.0,0.0,15.110248565673828,0.0,0.0,0.0,1.6442711353302002,0.20011523365974426,0.0,0.0,0.0,0.0,0.0,0.0,4.49846076965332
6.0,0.0,0.0,0.0,0.0,0.0,8.617921829223633,7.657223224639893,5.0806450843811035,0.0,0.0,0.0,0.0,0.0,0.0,0.0,6.344412326812744,0.0,0.0,0.0,15.539603233337402,0.0,0.0,0.0,1.9329346418380737,0.15660986304283142,0.0,0.11157083511352539,0.0,0.46889403462409973,0.0,0.0,4.713140487670898
1.0,0.0,0.0,0.0,0.0,0.0,9.455702781677246,8.188315391540527,5.5611891746521,0.0,0.0,0.0,0.0,0.0,0.0,0.0,6.679317474365234,0.0,0.0,0.0,16.580093383789062,0.0,0.0,0.0,1.4794977903366089,0.0,0.0,0.7836638689041138,0.0,1.1955302953720093,0.0,0.0,5.300031661987305
1.0,0.0,0.0,0.0,0.0,0.0,8.127708435058594,7.161577224731445,4.676809310913086,0.0,0.0,0.0,0.0,0.0,0.0,0.0,5.922170162200928,0.0,0.0,0.0,14.827330589294434,0.0,0.0,0.0,1.9546321630477905,0.2736053168773651,0.0,0.0,0.0,0.09733493626117706,0.0,0.0,4.362688064575195
3.0,0.0,0.0,0.0,0.0,0.0,8.459009170532227,7.557785987854004,4.971528053283691,0.0,0.0,0.0,0.0,0.0,0.0,0.0,6.144865989685059,0.0,0.0,0.0,15.523706436157227,0.0,0.0,0.0,1.228548288345337,0.05788949131965637,0.0,0.0,0.0,0.35030806064605713,0.0,0.0,4.8878631591796875
4.0,0.0,0.0,0.0,0.0,0.0,6.609466552734375,5.952479839324951,3.5416059494018555,0.0,0.0,0.0,0.0,0.0,0.0,0.0,5.06821346282959,0.0,0.0,0.0,12.859403610229492,0.0,0.0,0.0,1.8433419466018677,0.2795349657535553,0.0,0.0,0.0,0.0,0.0,0.0,3.5831210613250732
3.0,0.0,0.0,0.0,0.0,0.0,8.327349662780762,7.383876323699951,4.785329341888428,0.0,0.0,0.0,0.0,0.0,0.0,0.0,6.0693230628967285,0.0,0.0,0.0,15.088937759399414,0.0,0.0,0.0,1.9598991870880127,0.18284693360328674,0.0,0.0,0.0,0.052642572671175,0.0,0.0,4.487885475158691
5.0,0.0,0.0,0.0,0.0,0.0,6.448019027709961,5.853113174438477,3.579509735107422,0.0,0.0,0.0,0.0,0.0,0.0,0.0,4.965900897979736,0.0,0.0,0.0,12.708098411560059,0.0,0.0,0.0,1.7682095766067505,0.47509002685546875,0.0,0.0,0.0,0.0,0.0,0.0,3.412367582321167
6.0,0.0,0.0,0.0,0.0,0.0,9.182862281799316,8.066610336303711,5.435358047485352,0.0,0.0,0.0,0.0,0.0,0.0,0.0,6.636839866638184,0.0,0.0,0.0,16.207679748535156,0.0,0.0,0.0,1.6689034700393677,0.09205332398414612,0.0,0.3842633068561554,0.0,0.8211783170700073,0.0,0.0,5.001934051513672
1.0,0.0,0.0,0.0,0.0,0.0,7.227192401885986,6.623215675354004,4.0120320320129395,0.0,0.0,0.0,0.0,0.0,0.0,0.0,5.6051506996154785,0.0,0.0,0.0,13.829257011413574,0.0,0.0,0.0,1.8610312938690186,0.2765316069126129,0.0,0.0,0.0,0.0,0.0,0.0,3.888577699661255
2.0,0.0,0.0,0.0,0.0,0.0,8.607464790344238,7.792125701904297,4.870028495788574,0.0,0.0,0.0,0.0,0.0,0.0,0.0,6.236337184906006,0.0,0.0,0.0,15.844928741455078,0.0,0.0,0.0,1.6246156692504883,0.02672901749610901,0.0,0.0,0.0,0.0,0.0,0.0,4.8758978843688965
1.0,0.0,0.0,0.0,0.0,0.0,7.328032493591309,6.72292947769165,4.070849895477295,0.0,0.0,0.0,0.0,0.0,0.0,0.0,5.6655659675598145,0.0,0.0,0.0,13.989631652832031,0.0,0.0,0.0,1.895680546760559,0.30928483605384827,0.0,0.0,0.0,0.0,0.0,0.0,3.9575092792510986
1.0,0.0,0.0,0.0,0.0,0.0,8.05644702911377,7.2083740234375,4.49774169921875,0.0,0.0,0.0,0.0,0.0,0.0,0.0,5.986725330352783,0.0,0.0,0.0,14.968809127807617,0.0,0.0,0.0,1.340763807296753,0.19405201077461243,0.0,0.0,0.0,0.0,0.0,0.0,4.419076919555664
5.0,0.0,0.0,0.0,0.0,0.0,7.745510101318359,7.04654598236084,4.34205436706543,0.0,0.0,0.0,0.0,0.0,0.0,0.0,5.895284175872803,0.0,0.0,0.0,14.596302032470703,0.0,0.0,0.0,1.6368967294692993,0.3085245192050934,0.0,0.0,0.0,0.0,0.0,0.0,4.178295135498047
4.0,0.0,0.0,0.0,0.0,0.0,5.256065845489502,4.9238433837890625,2.3883354663848877,0.0,0.0,0.0,0.0,0.0,0.0,0.0,4.34944486618042,0.0,0.0,0.0,11.341346740722656,0.0,0.0,0.0,1.6979252099990845,0.33880528807640076,0.0,0.0,0.0,0.0,0.0,0.0,2.787825345993042
6.0,0.0,0.0,0.0,0.0,0.0,7.581193923950195,7.033970832824707,4.4069294929504395,0.0,0.0,0.0,0.0,0.0,0.0,0.0,5.65476655960083,0.0,0.0,0.0,14.602209091186523,0.0,0.0,0.0,1.6889289617538452,0.10646900534629822,0.0,0.0,0.0,0.0,0.0,0.0,4.403415679931641
6.0,0.0,0.0,0.0,0.0,0.0,8.34576416015625,7.620901584625244,4.798004627227783,0.0,0.0,0.0,0.0,0.0,0.0,0.0,6.24824857711792,0.0,0.0,0.0,15.51715087890625,0.0,0.0,0.0,1.7786903381347656,0.18546998500823975,0.0,0.0,0.0,0.0,0.0,0.0,4.584809303283691
2.0,0.0,0.0,0.0,0.0,0.0,6.564176559448242,6.136279106140137,3.5258450508117676,0.0,0.0,0.0,0.0,0.0,0.0,0.0,5.181778430938721,0.0,0.0,0.0,13.142791748046875,0.0,0.0,0.0,1.7508801221847534,0.30508777499198914,0.0,0.0,0.0,0.0,0.0,0.0,3.5934789180755615
5.0,0.0,0.0,0.0,0.0,0.0,8.07882308959961,7.323486328125,4.552572727203369,0.0,0.0,0.0,0.0,0.0,0.0,0.0,5.992373466491699,0.0,0.0,0.0,15.03753662109375,0.0,0.0,0.0,1.742863655090332,0.22746708989143372,0.0,0.0,0.0,0.0,0.0,0.0,4.423836708068848
1.0,0.0,0.0,0.0,0.0,0.0,8.102651596069336,7.502668380737305,4.592165470123291,0.0,0.0,0.0,0.0,0.0,0.0,0.0,6.041609287261963,0.0,0.0,0.0,15.317506790161133,0.0,0.0,0.0,1.7720638513565063,0.014349459670484066,0.0,0.0,0.0,0.0,0.0,0.0,4.647852897644043
2.0,0.0,0.0,0.0,0.0,0.0,8.696860313415527,8.059236526489258,4.846158981323242,0.0,0.0,0.0,0.0,0.0,0.0,0.0,6.344137668609619,0.0,0.0,0.0,16.206981658935547,0.0,0.0,0.0,1.5445053577423096,0.053063422441482544,0.0,0.0,0.0,0.0,0.0,0.0,5.004242897033691
6.0,0.0,0.0,0.0,0.0,0.0,7.959059715270996,7.472230911254883,4.480525493621826,0.0,0.0,0.0,0.0,0.0,0.0,0.0,5.982917308807373,0.0,0.0,0.0,15.241857528686523,0.0,0.0,0.0,2.1274099349975586,0.10911819338798523,0.0,0.0,0.0,0.0,0.0,0.0,4.550896644592285
1.0,0.0,0.0,0.0,0.0,0.0,8.009757041931152,7.353128910064697,4.362664699554443,0.0,0.0,0.0,0.0,0.0,0.0,0.0,5.979700088500977,0.0,0.0,0.0,15.272340774536133,0.0,0.0,0.0,1.4250282049179077,0.09015074372291565,0.0,0.0,0.0,0.0,0.0,0.0,4.593687057495117
1.0,0.0,0.0,0.0,0.0,0.0,8.25098991394043,7.470714569091797,4.551720142364502,0.0,0.0,0.0,0.0,0.0,0.0,0.0,6.1206231117248535,0.0,0.0,0.0,15.532546997070312,0.0,0.0,0.0,1.9787954092025757,0.0773632824420929,0.0,0.0,0.0,0.0,0.0,0.0,4.592350006103516
4.0,0.0,0.0,0.0,0.0,0.0,7.761357307434082,7.317688465118408,4.298558712005615,0.0,0.0,0.0,0.0,0.0,0.0,0.0,5.8882575035095215,0.0,0.0,0.0,15.176898956298828,0.0,0.0,0.0,1.148820161819458,0.0,0.0,0.0,0.0,0.0,0.0,0.0,4.62977409362793
1.0,0.0,0.0,0.0,0.0,0.0,6.481532096862793,6.187288284301758,3.3694987297058105,0.0,0.0,0.0,0.0,0.0,0.0,0.0,5.120446681976318,0.0,0.0,0.0,13.136119842529297,0.0,0.0,0.0,1.8255242109298706,0.21736112236976624,0.0,0.0,0.0,0.0,0.0,0.0,3.5449535846710205
6.0,0.0,0.0,0.0,0.0,0.0,8.208464622497559,7.685009956359863,4.5804667472839355,0.0,0.0,0.0,0.0,0.0,0.0,0.0,6.055739879608154,0.0,0.0,0.0,15.6668701171875,0.0,0.0,0.0,2.1771528720855713,0.04606541991233826,0.0,0.0,0.0,0.0,0.0,0.0,4.718443870544434
6.0,0.0,0.0,0.0,0.0,0.0,6.500279903411865,6.352197170257568,3.5468027591705322,0.0,0.0,0.0,0.0,0.0,0.0,0.0,5.149250507354736,0.0,0.0,0.0,13.393369674682617,0.0,0.0,0.0,1.8738703727722168,0.24012842774391174,0.0,0.0,0.0,0.0,0.0,0.0,3.682494640350342
6.0,0.0,0.0,0.0,0.0,0.0,8.270870208740234,7.752548694610596,4.677211761474609,0.0,0.0,0.0,0.0,0.0,0.0,0.0,6.187276363372803,0.0,0.0,0.0,15.671588897705078,0.0,0.0,0.0,1.9494209289550781,0.09322705864906311,0.0,0.0,0.0,0.0,0.0,0.0,4.712018966674805
4.0,0.0,0.0,0.0,0.0,0.0,7.931156158447266,7.672199726104736,4.295050144195557,0.0,0.0,0.0,0.0,0.0,0.0,0.0,6.303936958312988,0.0,0.0,0.0,15.721354484558105,0.0,0.0,0.0,1.1082253456115723,0.21263524889945984,0.0,0.0,0.0,0.0,0.0,0.0,4.485644817352295
2.0,0.0,0.0,0.0,0.0,0.0,8.963652610778809,8.436301231384277,4.99351167678833,0.0,0.0,0.0,0.0,0.0,0.0,0.0,6.788583755493164,0.0,0.0,0.0,17.451099395751953,0.0,0.0,0.0,0.8157985210418701,0.0010114004835486412,0.0,0.0,0.0,0.0,0.0,0.0,5.286248683929443
1.0,0.0,0.0,0.0,0.0,0.0,8.65417194366455,8.185781478881836,4.821762561798096,0.0,0.0,0.0,0.0,0.0,0.0,0.0,6.700558185577393,0.0,0.0,0.0,16.80167007446289,0.0,0.0,0.0,1.2864458560943604,0.13763770461082458,0.0,0.0,0.0,0.0,0.0,0.0,4.9476447105407715
4.0,0.0,0.0,0.0,0.0,0.0,8.471111297607422,8.023245811462402,4.556203365325928,0.0,0.0,0.0,0.0,0.0,0.0,0.0,6.5703935623168945,0.0,0.0,0.0,16.568418502807617,0.0,0.0,0.0,0.8068555593490601,0.10685983300209045,0.0,0.0,0.0,0.0,0.0,0.0,4.858739376068115
4.0,0.0,0.0,0.0,0.0,0.0,7.780936241149902,7.518353462219238,4.166436672210693,0.0,0.0,0.0,0.0,0.0,0.0,0.0,6.210641384124756,0.0,0.0,0.0,15.624305725097656,0.0,0.0,0.0,1.2273919582366943,0.2961159646511078,0.0,0.0,0.0,0.0,0.0,0.0,4.372358798980713
4.0,0.0,0.0,0.0,0.0,0.0,8.311742782592773,8.009981155395508,4.5594072341918945,0.0,0.0,0.0,0.0,0.0,0.0,0.0,6.444448471069336,0.0,0.0,0.0,16.466266632080078,0.0,0.0,0.0,0.8444310426712036,0.05892953276634216,0.0,0.0,0.0,0.0,0.0,0.0,4.941662311553955
4.0,0.0,0.0,0.0,0.0,0.0,7.983450889587402,7.6521196365356445,4.283848762512207,0.0,0.0,0.0,0.0,0.0,0.0,0.0,6.321218013763428,0.0,0.0,0.0,15.946990966796875,0.0,0.0,0.0,0.8667992353439331,0.10044017434120178,0.0,0.0,0.0,0.0,0.0,0.0,4.579320907592773
4.0,0.0,0.0,0.0,0.0,0.0,8.102790832519531,7.671640872955322,4.344531536102295,0.0,0.0,0.0,0.0,0.0,0.0,0.0,6.283565998077393,0.0,0.0,0.0,15.897737503051758,0.0,0.0,0.0,1.087161660194397,0.21786192059516907,0.0,0.0,0.0,0.0,0.0,0.0,4.512811660766602
2.0,0.0,0.0,0.0,0.0,0.0,8.146254539489746,7.772449970245361,4.324766635894775,0.0,0.0,0.0,0.0,0.0,0.0,0.0,6.366766929626465,0.0,0.0,0.0,15.981234550476074,0.0,0.0,0.0,1.0850311517715454,0.17484024167060852,0.0,0.0,0.0,0.0,0.0,0.0,4.620388031005859
6.0,0.0,0.0,0.0,0.0,0.0,8.535484313964844,8.138025283813477,4.680395126342773,0.0,0.0,0.0,0.0,0.0,0.0,0.0,6.555056095123291,0.0,0.0,0.0,16.70131492614746,0.0,0.0,0.0,1.5074942111968994,0.147748202085495,0.0,0.0,0.0,0.0,0.0,0.0,4.923212051391602
1.0,0.0,0.0,0.0,0.0,0.0,9.076282501220703,8.711061477661133,5.051951885223389,0.0,0.0,0.0,0.0,0.0,0.0,0.0,7.191562175750732,0.0,0.0,0.0,17.66326141357422,0.0,0.0,0.0,0.6784912347793579,0.07992687821388245,0.0,0.0,0.0,0.0,0.0,0.0,5.266558647155762
2.0,0.0,0.0,0.0,0.0,0.0,9.551023483276367,9.042174339294434,5.1755690574646,0.0,0.0,0.0,0.0,0.0,0.0,0.0,7.2639031410217285,0.0,0.0,0.0,18.34039878845215,0.0,0.0,0.0,0.7053499221801758,0.0,0.0,0.0,0.0,0.0,0.0,0.0,5.605443954467773
6.0,0.0,0.0,0.0,0.0,0.0,9.086834907531738,8.672774314880371,5.043249607086182,0.0,0.0,0.0,0.0,0.0,0.0,0.0,7.149470329284668,0.0,0.0,0.0,17.707151412963867,0.0,0.0,0.0,0.9252960681915283,0.08383890986442566,0.0,0.0,0.0,0.0,0.0,0.0,5.266261100769043
4.0,0.0,0.0,0.0,0.0,0.0,8.763062477111816,8.389809608459473,4.708285331726074,0.0,0.0,0.0,0.0,0.0,0.0,0.0,6.895411491394043,0.0,0.0,0.0,17.376155853271484,0.0,0.0,0.0,0.7961206436157227,0.051392048597335815,0.0,0.0,0.0,0.0,0.0,0.0,5.1824774742126465
1.0,0.0,0.0,0.0,0.0,0.0,9.108246803283691,8.6179838180542,4.995081424713135,0.0,0.0,0.0,0.0,0.0,0.0,0.0,7.106262683868408,0.0,0.0,0.0,17.801198959350586,0.0,0.0,0.0,0.9353139400482178,0.09213462471961975,0.0,0.0,0.0,0.0,0.0,0.0,5.2504072189331055
4.0,0.0,0.0,0.0,0.0,0.0,8.60184097290039,8.3922700881958,4.695913314819336,0.0,0.0,0.0,0.0,0.0,0.0,0.0,6.816507816314697,0.0,0.0,0.0,17.242658615112305,0.0,0.0,0.0,0.5198798179626465,0.008710204623639584,0.0,0.0,0.0,0.0,0.0,0.0,5.1781907081604
1.0,0.0,0.0,0.0,0.0,0.0,9.297325134277344,8.822882652282715,5.139049053192139,0.0,0.0,0.0,0.0,0.0,0.0,0.0,7.289883613586426,0.0,0.0,0.0,18.111282348632812,0.0,0.0,0.0,0.6988729238510132,0.004046767018735409,0.0,0.0,0.0,0.0,0.0,0.0,5.479844570159912
6.0,0.0,0.0,0.0,0.0,0.0,9.434123039245605,8.970967292785645,5.246893882751465,0.0,0.0,0.0,0.0,0.0,0.0,0.0,7.3614583015441895,0.0,0.0,0.0,18.276365280151367,0.0,0.0,0.0,0.7626241445541382,0.0485289990901947,0.0,0.0,0.0,0.0,0.0,0.0,5.444561004638672
2.0,0.0,0.0,0.0,0.0,0.0,8.242012977600098,8.048256874084473,4.34678840637207,0.0,0.0,0.0,0.0,0.0,0.0,0.0,6.541151523590088,0.0,0.0,0.0,16.540912628173828,0.0,0.0,0.0,0.9501817226409912,0.19009241461753845,0.0,0.0,0.0,0.0,0.0,0.0,4.767588138580322
6.0,0.0,0.0,0.0,0.0,0.0,9.162896156311035,8.779318809509277,5.0534186363220215,0.0,0.0,0.0,0.0,0.0,0.0,0.0,7.118459224700928,0.0,0.0,0.0,17.878225326538086,0.0,0.0,0.0,1.1509850025177002,0.05558481812477112,0.0,0.0,0.0,0.0,0.0,0.0,5.370190620422363
6.0,0.0,0.0,0.0,0.0,0.0,8.570552825927734,8.500569343566895,4.586934566497803,0.0,0.0,0.0,0.0,0.0,0.0,0.0,7.007504940032959,0.0,0.0,0.0,17.481801986694336,0.0,0.0,0.0,0.4297398626804352,0.17020699381828308,0.0,0.0,0.0,0.0,0.0,0.0,4.996440887451172
2.0,0.0,0.0,0.0,0.0,0.0,9.454585075378418,9.15047836303711,4.958601474761963,0.0,0.0,0.0,0.0,0.0,0.0,0.0,7.378055095672607,0.0,0.0,0.0,18.719684600830078,0.0,0.0,0.0,0.24135065078735352,0.0551019012928009,0.0,0.0,0.0,0.0,0.0,0.0,5.54337215423584
1.0,0.0,0.0,0.0,0.0,0.0,9.329710960388184,8.978188514709473,5.070706844329834,0.0,0.0,0.0,0.0,0.0,0.0,0.0,7.470047473907471,0.0,0.0,0.0,18.591365814208984,0.0,0.0,0.0,0.4217672049999237,0.05657082796096802,0.0,0.0,0.0,0.0,0.0,0.0,5.478951454162598
4.0,0.0,0.0,0.0,0.0,0.0,9.077199935913086,8.798426628112793,4.796731472015381,0.0,0.0,0.0,0.0,0.0,0.0,0.0,7.256429195404053,0.0,0.0,0.0,18.329574584960938,0.0,0.0,0.0,0.33920690417289734,0.04317373037338257,0.0,0.0,0.0,0.0,0.0,0.0,5.439990043640137
1.0,0.0,0.0,0.0,0.0,0.0,8.607428550720215,8.390421867370605,4.49505615234375,0.0,0.0,0.0,0.0,0.0,0.0,0.0,6.940632343292236,0.0,0.0,0.0,17.612770080566406,0.0,0.0,0.0,0.7644859552383423,0.18132928013801575,0.0,0.0,0.0,0.0,0.0,0.0,5.017704010009766
1.0,0.0,0.0,0.0,0.0,0.0,6.131141662597656,6.479239463806152,2.746945858001709,0.0,0.0,0.0,0.0,0.0,0.0,0.0,5.489428520202637,0.0,0.0,0.0,14.458528518676758,0.0,0.0,0.0,0.38501986861228943,0.3015371859073639,0.0,0.0,0.0,0.0,0.0,0.0,3.7768361568450928
4.0,0.0,0.0,0.0,0.0,0.0,8.482401847839355,8.349350929260254,4.439281463623047,0.0,0.0,0.0,0.0,0.0,0.0,0.0,6.974290370941162,0.0,0.0,0.0,17.4971923828125,0.0,0.0,0.0,0.2575124502182007,0.05855906009674072,0.0,0.0,0.0,0.0,0.0,0.0,5.004403114318848
4.0,0.0,0.0,0.0,0.0,0.0,8.310985565185547,8.25668716430664,4.343092441558838,0.0,0.0,0.0,0.0,0.0,0.0,0.0,6.898103713989258,0.0,0.0,0.0,17.254446029663086,0.0,0.0,0.0,0.48514145612716675,0.2298574447631836,0.0,0.0,0.0,0.0,0.0,0.0,4.794883728027344
6.0,0.0,0.0,0.0,0.0,0.0,8.137736320495605,8.15302562713623,4.3722825050354,0.0,0.0,0.0,0.0,0.0,0.0,0.0,6.709151744842529,0.0,0.0,0.0,17.165077209472656,0.0,0.0,0.0,0.529873251914978,0.19333258271217346,0.0,0.0,0.0,0.0,0.0,0.0,4.826962471008301
1.0,0.0,0.0,0.0,0.0,0.0,9.101317405700684,8.818194389343262,4.9087910652160645,0.0,0.0,0.0,0.0,0.0,0.0,0.0,7.384291172027588,0.0,0.0,0.0,18.28883934020996,0.0,0.0,0.0,0.325364351272583,0.13010242581367493,0.0,0.0,0.0,0.0,0.0,0.0,5.310366630554199
4.0,0.0,0.0,0.0,0.0,0.0,8.596238136291504,8.367447853088379,4.555777072906494,0.0,0.0,0.0,0.0,0.0,0.0,0.0,6.949190616607666,0.0,0.0,0.0,17.471363067626953,0.0,0.0,0.0,0.5173981189727783,0.15925094485282898,0.0,0.0,0.0,0.0,0.0,0.0,4.865230560302734
2.0,0.0,0.0,0.0,0.0,0.0,10.110519409179688,9.551324844360352,5.3898844718933105,0.0,0.0,0.0,0.0,0.0,0.0,0.0,7.659636497497559,0.0,0.0,0.0,19.501270294189453,0.0,0.0,0.0,0.33977729082107544,0.016734987497329712,0.0,0.0,0.0,0.0,0.0,0.0,5.861351013183594
6.0,0.0,0.0,0.0,0.0,0.0,8.930733680725098,8.683106422424316,4.789279937744141,0.0,0.0,0.0,0.0,0.0,0.0,0.0,7.167174816131592,0.0,0.0,0.0,17.993858337402344,0.0,0.0,0.0,0.456633597612381,0.21492323279380798,0.0,0.0,0.0,0.0,0.0,0.0,5.074526786804199
1.0,0.0,0.0,0.0,0.0,0.0,8.588961601257324,8.23935604095459,4.403024196624756,0.0,0.0,0.0,0.0,0.0,0.0,0.0,6.887149333953857,0.0,0.0,0.0,17.513858795166016,0.0,0.0,0.0,0.21339231729507446,0.1740683615207672,0.0,0.0,0.0,0.0,0.0,0.0,4.849597930908203
1.0,0.0,0.0,0.0,0.0,0.0,9.79339599609375,9.300923347473145,5.277584075927734,0.0,0.0,0.0,0.0,0.0,0.0,0.0,7.503851890563965,0.0,0.0,0.0,19.057497024536133,0.0,0.0,0.0,0.928362250328064,0.12484195828437805,0.0,0.0,0.0,0.0,0.0,0.0,5.545454025268555
1.0,0.0,0.0,0.0,0.0,0.0,9.873327255249023,9.513352394104004,5.418978691101074,0.0,0.0,0.0,0.0,0.0,0.0,0.0,7.649832248687744,0.0,0.0,0.0,19.682945251464844,0.0,0.0,0.0,0.0,0.006990163587033749,0.0,0.0,0.0,0.0,0.0,0.0,5.95024299621582
1.0,0.0,0.0,0.0,0.0,0.0,9.33383560180664,8.96117115020752,4.907787799835205,0.0,0.0,0.0,0.0,0.0,0.0,0.0,7.304821014404297,0.0,0.0,0.0,18.385648727416992,0.0,0.0,0.0,0.4578711688518524,0.16833314299583435,0.0,0.0,0.0,0.0,0.0,0.0,5.305830001831055
6.0,0.0,0.0,0.0,0.0,0.0,9.633343696594238,9.199836730957031,5.211618423461914,0.0,0.0,0.0,0.0,0.0,0.0,0.0,7.533456325531006,0.0,0.0,0.0,18.96707534790039,0.0,0.0,0.0,0.5260185599327087,0.15850433707237244,0.0,0.0,0.0,0.0,0.0,0.0,5.47878360748291
2.0,0.0,0.0,0.0,0.0,0.0,9.182136535644531,8.780980110168457,4.836999416351318,0.0,0.0,0.0,0.0,0.0,0.0,0.0,7.213558673858643,0.0,0.0,0.0,18.213584899902344,0.0,0.0,0.0,0.49421244859695435,0.20124945044517517,0.0,0.0,0.0,0.0,0.0,0.0,5.2297821044921875
1.0,0.0,0.0,0.0,0.0,0.0,10.361068725585938,9.805872917175293,5.787455081939697,0.0,0.0,0.0,0.0,0.0,0.0,0.0,7.964715480804443,0.0,0.0,0.0,19.924091339111328,0.0,0.0,0.0,0.3536410331726074,0.02056029438972473,0.0,0.0,0.0,0.0,0.0,0.0,6.08064079284668
6.0,0.0,0.0,0.0,0.0,0.0,9.421887397766113,9.03994083404541,4.9939117431640625,0.0,0.0,0.0,0.0,0.0,0.0,0.0,7.506271839141846,0.0,0.0,0.0,18.918102264404297,0.0,0.0,0.0,0.6907515525817871,0.0,0.0,0.0,0.0,0.0,0.0,0.0,5.357617378234863
2.0,0.0,0.0,0.0,0.0,0.0,9.555686950683594,9.087357521057129,4.796866416931152,0.0,0.0,0.0,0.0,0.0,0.0,0.0,7.406914234161377,0.0,0.0,0.0,18.878746032714844,0.0,0.0,0.0,0.49542132019996643,0.003058730624616146,0.0,0.0,0.0,0.0,0.0,0.0,5.340682029724121
1.0,0.0,0.0,0.0,0.0,0.0,8.1832857131958,8.06308650970459,4.161203861236572,0.0,0.0,0.0,0.0,0.0,0.0,0.0,6.813736438751221,0.0,0.0,0.0,17.137588500976562,0.0,0.0,0.0,0.9966416358947754,0.16402551531791687,0.0,0.0,0.0,0.0,0.0,0.0,4.542830944061279
1.0,0.0,0.0,0.0,0.0,0.0,8.56872272491455,8.287604331970215,4.292874813079834,0.0,0.0,0.0,0.0,0.0,0.0,0.0,6.927572727203369,0.0,0.0,0.0,17.79865074157715,0.0,0.0,0.0,0.624402642250061,0.00771739985793829,0.0,0.0,0.0,0.0,0.0,0.0,4.877100944519043
1.0,0.0,0.0,0.0,0.0,0.0,9.308235168457031,8.856392860412598,4.814924240112305,0.0,0.0,0.0,0.0,0.0,0.0,0.0,7.275721073150635,0.0,0.0,0.0,18.611888885498047,0.0,0.0,0.0,1.0810285806655884,0.007608233951032162,0.0,0.0,0.0,0.0,0.0,0.0,5.207629680633545
1.0,0.0,0.0,0.0,0.0,0.0,8.397109031677246,8.30826473236084,4.289736270904541,0.0,0.0,0.0,0.0,0.0,0.0,0.0,6.8804850578308105,0.0,0.0,0.0,17.648679733276367,0.0,0.0,0.0,0.3058367967605591,0.0,0.0,0.0,0.0,0.0,0.0,0.0,4.93129825592041
4.0,0.0,0.0,0.0,0.0,0.0,8.26838207244873,8.024016380310059,4.097854137420654,0.0,0.0,0.0,0.0,0.0,0.0,0.0,6.787810802459717,0.0,0.0,0.0,17.271038055419922,0.0,0.0,0.0,0.7962518930435181,0.09544119238853455,0.0,0.0,0.0,0.0,0.0,0.0,4.622888565063477
6.0,0.0,0.0,0.0,0.0,0.0,9.667393684387207,9.213520050048828,5.130292892456055,0.0,0.0,0.0,0.0,0.0,0.0,0.0,7.5303778648376465,0.0,0.0,0.0,19.19644546508789,0.0,0.0,0.0,0.782390832901001,0.0,0.0,0.0,0.0,0.0,0.0,0.0,5.472316265106201
2.0,0.0,0.0,0.0,0.0,0.0,8.666008949279785,8.362048149108887,4.354599475860596,0.0,0.0,0.0,0.0,0.0,0.0,0.0,6.91962194442749,0.0,0.0,0.0,17.69449234008789,0.0,0.0,0.0,0.7911477088928223,0.030489981174468994,0.0,0.0,0.0,0.0,0.0,0.0,4.879923343658447
6.0,0.0,0.0,0.0,0.0,0.0,8.794297218322754,8.525785446166992,4.484333515167236,0.0,0.0,0.0,0.0,0.0,0.0,0.0,7.057901859283447,0.0,0.0,0.0,17.896923065185547,0.0,0.0,0.0,0.9313865900039673,0.09120580554008484,0.0,0.0,0.0,0.0,0.0,0.0,4.879544258117676
6.0,0.0,0.0,0.0,0.0,0.0,8.326912879943848,8.46875286102295,4.2613348960876465,0.0,0.0,0.0,0.0,0.0,0.0,0.0,7.025302410125732,0.0,0.0,0.0,18.163585662841797,0.0,0.0,0.0,0.6468755006790161,0.12512969970703125,0.0,0.0,0.0,0.0,0.0,0.0,4.888315677642822
1.0,0.0,0.0,0.0,0.0,0.0,8.12769889831543,8.014049530029297,3.891871213912964,0.0,0.0,0.0,0.0,0.0,0.0,0.0,6.8015456199646,0.0,0.0,0.0,17.566341400146484,0.0,0.0,0.0,0.3149261772632599,0.21067669987678528,0.0,0.0,0.0,0.0,0.0,0.0,4.483983993530273
6.0,0.0,0.0,0.0,0.0,0.0,8.69859504699707,8.758615493774414,4.5156569480896,0.0,0.0,0.0,0.0,0.0,0.0,0.0,7.340200901031494,0.0,0.0,0.0,18.580730438232422,0.0,0.0,0.0,0.371302992105484,0.1265154480934143,0.0,0.0,0.0,0.0,0.0,0.0,5.010493278503418
4.0,0.0,0.0,0.0,0.0,0.0,9.00862979888916,8.722387313842773,4.505858898162842,0.0,0.0,0.0,0.0,0.0,0.0,0.0,7.348617076873779,0.0,0.0,0.0,18.78164291381836,0.0,0.0,0.0,0.09090656042098999,0.06131073832511902,0.0,0.0,0.0,0.0,0.0,0.0,5.07343053817749
6.0,0.0,0.0,0.0,0.0,0.0,8.574984550476074,8.599528312683105,4.387240409851074,0.0,0.0,0.0,0.0,0.0,0.0,0.0,7.129387855529785,0.0,0.0,0.0,18.387683868408203,0.0,0.0,0.0,0.35476359724998474,0.18960711359977722,0.0,0.0,0.0,0.0,0.0,0.0,4.901045322418213
2.0,0.0,0.0,0.0,0.0,0.0,6.142693519592285,6.652705669403076,2.420044422149658,0.0,0.0,0.0,0.0,0.0,0.0,0.0,5.647525787353516,0.0,0.0,0.0,15.312372207641602,0.0,0.0,0.0,0.3678012192249298,0.25181952118873596,0.0,0.0,0.0,0.0,0.0,0.0,3.6034605503082275
1.0,0.0,0.0,0.0,0.0,0.0,9.204577445983887,8.979113578796387,4.575433254241943,0.0,0.0,0.0,0.0,0.0,0.0,0.0,7.446899890899658,0.0,0.0,0.0,18.864215850830078,0.0,0.0,0.0,0.026605725288391113,0.06530028581619263,0.0,0.0,0.0,0.0,0.0,0.0,5.1514387130737305
6.0,0.0,0.0,0.0,0.0,0.0,9.446671485900879,9.30721664428711,4.9211745262146,0.0,0.0,0.0,0.0,0.0,0.0,0.0,7.613290309906006,0.0,0.0,0.0,19.667720794677734,0.0,0.0,0.0,0.5936448574066162,0.03865385055541992,0.0,0.0,0.0,0.0,0.0,0.0,5.488073825836182
6.0,0.0,0.0,0.0,0.0,0.0,8.513885498046875,8.602803230285645,4.479165077209473,0.0,0.0,0.0,0.0,0.0,0.0,0.0,7.102848529815674,0.0,0.0,0.0,18.458847045898438,0.0,0.0,0.0,0.4405367970466614,0.13075333833694458,0.0,0.0,0.0,0.0,0.0,0.0,4.994479179382324
1.0,0.0,0.0,0.0,0.0,0.0,9.3912935256958,9.124781608581543,4.883421421051025,0.0,0.0,0.0,0.0,0.0,0.0,0.0,7.6502509117126465,0.0,0.0,0.0,19.303218841552734,0.0,0.0,0.0,0.2153320610523224,0.04551512002944946,0.0,0.0,0.0,0.0,0.0,0.0,5.27794075012207
