7.0,0.0,91.7149887084961,0.0,58.52461624145508,0.0,58.33439254760742,0.0,92.8006820678711,0.0,0.0,0.0,0.0,0.0,0.0,0.0,0.0,0.0,0.0,0.0,53.231082916259766,0.0,0.0,0.0,0.0,0.0,0.0,5.887797832489014,57.93069076538086,46.92320251464844,0.0,0.0,0.0
7.0,0.0,91.7149887084961,0.0,58.52461624145508,0.0,58.33439254760742,0.0,92.8006820678711,0.0,0.0,0.0,0.0,0.0,0.0,0.0,0.0,0.0,0.0,0.0,53.231082916259766,0.0,0.0,0.0,0.0,0.0,0.0,5.887797832489014,57.93069076538086,46.92320251464844,0.0,0.0,0.0
2.0,0.0,91.7149887084961,0.0,58.52461624145508,0.0,58.33439254760742,0.0,92.8006820678711,0.0,0.0,0.0,0.0,0.0,0.0,0.0,0.0,0.0,0.0,0.0,53.231082916259766,0.0,0.0,0.0,0.0,0.0,0.0,5.887797832489014,57.93069076538086,46.92320251464844,0.0,0.0,0.0
2.0,0.0,91.7149887084961,0.0,58.52461624145508,0.0,58.33439254760742,0.0,92.8006820678711,0.0,0.0,0.0,0.0,0.0,0.0,0.0,0.0,0.0,0.0,0.0,53.231082916259766,0.0,0.0,0.0,0.0,0.0,0.0,5.887797832489014,57.93069076538086,46.92320251464844,0.0,0.0,0.0
7.0,0.0,91.7149887084961,0.0,58.52461624145508,0.0,58.33439254760742,0.0,92.8006820678711,0.0,0.0,0.0,0.0,0.0,0.0,0.0,0.0,0.0,0.0,0.0,53.231082916259766,0.0,0.0,0.0,0.0,0.0,0.0,5.887797832489014,57.93069076538086,46.92320251464844,0.0,0.0,0.0
7.0,0.0,91.7149887084961,0.0,58.52461624145508,0.0,58.33439254760742,0.0,92.8006820678711,0.0,0.0,0.0,0.0,0.0,0.0,0.0,0.0,0.0,0.0,0.0,53.231082916259766,0.0,0.0,0.0,0.0,0.0,0.0,5.887797832489014,57.93069076538086,46.92320251464844,0.0,0.0,0.0
2.0,0.0,91.7149887084961,0.0,58.52461624145508,0.0,58.33439254760742,0.0,92.8006820678711,0.0,0.0,0.0,0.0,0.0,0.0,0.0,0.0,0.0,0.0,0.0,53.231082916259766,0.0,0.0,0.0,0.0,0.0,0.0,5.887797832489014,57.93069076538086,46.92320251464844,0.0,0.0,0.0
1.0,0.0,91.7149887084961,0.0,58.52461624145508,0.0,58.33439254760742,0.0,92.8006820678711,0.0,0.0,0.0,0.0,0.0,0.0,0.0,0.0,0.0,0.0,0.0,53.231082916259766,0.0,0.0,0.0,0.0,0.0,0.0,5.887797832489014,57.93069076538086,46.92320251464844,0.0,0.0,0.0
6.0,0.0,91.7149887084961,0.0,58.52461624145508,0.0,58.33439254760742,0.0,92.8006820678711,0.0,0.0,0.0,0.0,0.0,0.0,0.0,0.0,0.0,0.0,0.0,53.231082916259766,0.0,0.0,0.0,0.0,0.0,0.0,5.887797832489014,57.93069076538086,46.92320251464844,0.0,0.0,0.0
7.0,0.0,91.7149887084961,0.0,58.52461624145508,0.0,58.33439254760742,0.0,92.8006820678711,0.0,0.0,0.0,0.0,0.0,0.0,0.0,0.0,0.0,0.0,0.0,53.231082916259766,0.0,0.0,0.0,0.0,0.0,0.0,5.887797832489014,57.93069076538086,46.92320251464844,0.0,0.0,0.0
7.0,0.0,91.7149887084961,0.0,58.52461624145508,0.0,58.33439254760742,0.0,92.8006820678711,0.0,0.0,0.0,0.0,0.0,0.0,0.0,0.0,0.0,0.0,0.0,53.231082916259766,0.0,0.0,0.0,0.0,0.0,0.0,5.887797832489014,57.93069076538086,46.92320251464844,0.0,0.0,0.0
7.0,0.0,91.7149887084961,0.0,58.52461624145508,0.0,58.33439254760742,0.0,92.8006820678711,0.0,0.0,0.0,0.0,0.0,0.0,0.0,0.0,0.0,0.0,0.0,53.231082916259766,0.0,0.0,0.0,0.0,0.0,0.0,5.887797832489014,57.93069076538086,46.92320251464844,0.0,0.0,0.0
2.0,0.0,91.7149887084961,0.0,58.52461624145508,0.0,58.33439254760742,0.0,92.8006820678711,0.0,0.0,0.0,0.0,0.0,0.0,0.0,0.0,0.0,0.0,0.0,53.231082916259766,0.0,0.0,0.0,0.0,0.0,0.0,5.887797832489014,57.93069076538086,46.92320251464844,0.0,0.0,0.0
5.0,0.0,152.16015625,0.0,0.0,0.0,0.0,0.0,159.36831665039062,0.0,0.0,0.0,0.0,0.0,0.0,0.0,0.0,0.0,0.0,0.0,0.0,0.0,0.0,0.0,0.0,0.0,0.0,0.0,0.0,48.454010009765625,0.0,0.0,0.0
6.0,0.0,158.0504608154297,0.0,0.0,0.0,0.0,0.0,165.99697875976562,0.0,0.0,0.0,0.0,0.0,0.0,0.0,0.0,0.0,0.0,0.0,0.0,0.0,0.0,0.0,0.0,0.0,0.0,0.0,0.0,47.38024139404297,0.0,0.0,0.0
0.0,0.0,147.5699005126953,0.0,0.0,0.0,0.0,0.0,154.31947326660156,0.0,0.0,0.0,0.0,0.0,0.0,0.0,0.0,0.0,0.0,0.0,0.0,0.0,0.0,0.0,0.0,0.0,0.0,0.0,0.0,47.540428161621094,0.0,0.0,0.0
0.0,0.0,153.37835693359375,0.0,0.0,0.0,0.0,0.0,160.87680053710938,0.0,0.0,0.0,0.0,0.0,0.0,0.0,0.0,0.0,0.0,0.0,0.0,0.0,0.0,0.0,0.0,0.0,0.0,0.0,0.0,46.58554458618164,0.0,0.0,0.0
0.0,0.0,153.6457977294922,0.0,0.0,0.0,0.0,0.0,162.90460205078125,0.0,0.0,0.0,0.0,0.0,0.0,0.0,0.0,0.0,0.0,0.0,0.0,0.0,0.0,0.0,0.0,0.0,0.0,0.0,0.0,39.384151458740234,0.0,0.0,0.0
3.0,0.0,153.97865295410156,0.0,1.08594810962677,0.0,0.08818790316581726,0.0,160.69146728515625,0.0,0.0,0.0,0.0,0.0,0.0,0.0,0.0,0.0,0.0,0.0,0.0,0.0,0.0,0.0,0.0,0.0,0.0,0.0,0.0,50.11611557006836,0.0,0.0,0.0
0.0,0.0,148.7901153564453,0.0,0.0,0.0,0.0,0.0,155.5394287109375,0.0,0.0,0.0,0.0,0.0,0.0,0.0,0.0,0.0,0.0,0.0,0.0,0.0,0.0,0.0,0.0,0.0,0.0,0.0,0.0,47.52632522583008,0.0,0.0,0.0
0.0,0.0,156.3490753173828,0.0,0.0,0.0,0.0,0.0,164.54978942871094,0.0,0.0,0.0,0.0,0.0,0.0,0.0,0.0,0.0,0.0,0.0,0.0,0.0,0.0,0.0,0.0,0.0,0.0,0.0,0.0,44.908748626708984,0.0,0.0,0.0
6.0,0.0,156.68504333496094,0.0,0.0,0.0,0.0,0.0,165.7123565673828,0.0,0.0,0.0,0.0,0.0,0.0,0.0,0.0,0.0,0.0,0.0,0.0,0.0,0.0,0.0,0.0,0.0,0.0,0.0,0.0,42.728172302246094,0.0,0.0,0.0
0.0,0.0,159.17481994628906,0.0,0.0,0.0,0.0,0.0,167.2345733642578,0.0,0.0,0.0,0.0,0.0,0.0,0.0,0.0,0.0,0.0,0.0,0.0,0.0,0.0,0.0,0.0,0.0,0.0,0.0,0.0,47.0302734375,0.0,0.0,0.0
4.0,0.0,150.51205444335938,0.0,5.126657485961914,0.0,4.232059001922607,0.0,157.02255249023438,0.0,0.0,0.0,0.0,0.0,0.0,0.0,0.0,0.0,0.0,0.0,2.9981515407562256,0.0,0.0,0.0,0.0,0.0,0.0,0.0,2.8261077404022217,50.4227294921875,0.0,0.0,0.0
1.0,0.0,155.4761505126953,0.0,0.0,0.0,0.0,0.0,163.01438903808594,0.0,0.0,0.0,0.0,0.0,0.0,0.0,0.0,0.0,0.0,0.0,0.0,0.0,0.0,0.0,0.0,0.0,0.0,0.0,0.0,47.67469787597656,0.0,0.0,0.0
0.0,0.0,156.59190368652344,0.0,0.0,0.0,0.0,0.0,164.8101043701172,0.0,0.0,0.0,0.0,0.0,0.0,0.0,0.0,0.0,0.0,0.0,0.0,0.0,0.0,0.0,0.0,0.0,0.0,0.0,0.0,44.937232971191406,0.0,0.0,0.0
3.0,0.0,147.96241760253906,0.0,0.0,0.0,0.0,0.0,157.688720703125,0.0,0.0,0.0,0.0,0.0,0.0,0.0,0.0,0.0,0.0,0.0,0.0,0.0,0.0,0.0,0.0,0.0,0.0,0.0,0.0,38.158851623535156,0.0,0.0,0.0
6.0,0.0,153.25894165039062,0.0,0.0,0.0,0.0,0.0,161.48629760742188,0.0,0.0,0.0,0.0,0.0,0.0,0.0,0.0,0.0,0.0,0.0,0.0,0.0,0.0,0.0,0.0,0.0,0.0,0.0,0.0,43.66405487060547,0.0,0.0,0.0
3.0,0.0,119.90804290771484,0.0,0.0,0.0,0.0,0.0,128.72811889648438,0.0,0.0,0.0,0.0,0.0,0.0,0.0,0.0,0.0,0.0,0.0,0.0,0.0,0.0,0.0,0.0,0.0,0.0,0.0,0.0,29.64967918395996,0.0,0.0,0.0
1.0,0.0,122.4612045288086,0.0,26.104904174804688,0.0,25.849946975708008,0.0,126.74816131591797,0.0,0.0,0.0,0.0,0.0,0.0,0.0,0.0,0.0,0.0,0.0,22.991729736328125,0.0,0.0,0.0,0.0,0.0,0.0,0.0,24.953393936157227,48.76663589477539,0.0,0.0,0.0
1.0,0.0,150.75596618652344,0.0,0.0,0.0,0.0,0.0,158.13955688476562,0.0,0.0,0.0,0.0,0.0,0.0,0.0,0.0,0.0,0.0,0.0,0.0,0.0,0.0,0.0,0.0,0.0,0.0,0.0,0.0,45.756771087646484,0.0,0.0,0.0
7.0,0.0,116.61212921142578,0.0,29.233659744262695,0.0,28.937732696533203,0.0,121.3864974975586,0.0,0.0,0.0,0.0,0.0,0.0,0.0,0.0,0.0,0.0,0.0,25.790725708007812,0.0,0.0,0.0,0.0,0.0,0.0,0.0,28.574512481689453,48.47160339355469,0.0,0.0,0.0
6.0,0.0,135.7008056640625,0.0,0.0,0.0,0.0,0.0,144.851318359375,0.0,0.0,0.0,0.0,0.0,0.0,0.0,0.0,0.0,0.0,0.0,0.0,0.0,0.0,0.0,0.0,0.0,0.0,0.0,0.0,34.22121810913086,0.0,0.0,0.0
4.0,0.0,139.20950317382812,0.0,0.0,0.0,0.0,0.0,148.45242309570312,0.0,0.0,0.0,0.0,0.0,0.0,0.0,0.0,0.0,0.0,0.0,0.0,0.0,0.0,0.0,0.0,0.0,0.0,0.0,0.0,35.21403884887695,0.0,0.0,0.0
6.0,0.0,121.76859283447266,0.0,0.0,0.0,0.0,0.0,130.9627227783203,0.0,0.0,0.0,0.0,0.0,0.0,0.0,0.0,0.0,0.0,0.0,0.0,0.0,0.0,0.0,0.0,0.0,0.0,0.0,0.0,30.51442527770996,0.0,0.0,0.0
7.0,0.0,120.74828338623047,0.0,22.956607818603516,0.0,22.645431518554688,0.0,126.16124725341797,0.0,0.0,0.0,0.0,0.0,0.0,0.0,0.0,0.0,0.0,0.0,20.185142517089844,0.0,0.0,0.0,0.0,0.0,0.0,0.0,22.351774215698242,47.65709686279297,0.0,0.0,0.0
4.0,0.0,109.03164672851562,0.0,33.03580093383789,0.0,32.9587516784668,0.0,113.3925552368164,0.0,0.0,0.0,0.0,0.0,0.0,0.0,0.0,0.0,0.0,0.0,29.43577003479004,0.0,0.0,0.0,0.0,0.0,0.0,0.0,32.694087982177734,47.46946334838867,0.0,0.0,0.0
7.0,0.0,131.5690460205078,0.0,7.71806526184082,0.0,6.902507305145264,0.0,138.11122131347656,0.0,0.0,0.0,0.0,0.0,0.0,0.0,0.0,0.0,0.0,0.0,5.415131568908691,0.0,0.0,0.0,0.0,0.0,0.0,0.0,6.034246921539307,45.953392028808594,0.0,0.0,0.0
3.0,0.0,149.0345916748047,0.0,0.0,0.0,0.0,0.0,156.05563354492188,0.0,0.0,0.0,0.0,0.0,0.0,0.0,0.0,0.0,0.0,0.0,0.0,0.0,0.0,0.0,0.0,0.0,0.0,0.0,0.0,46.20939254760742,0.0,0.0,0.0
4.0,0.0,158.1363067626953,0.0,0.0,0.0,0.0,0.0,165.75982666015625,0.0,0.0,0.0,0.0,0.0,0.0,0.0,0.0,0.0,0.0,0.0,0.0,0.0,0.0,0.0,0.0,0.0,0.0,0.0,0.0,42.73306655883789,0.0,0.0,0.0
6.0,0.0,148.40432739257812,0.0,0.0,0.0,0.0,0.0,158.75167846679688,0.0,0.0,0.0,0.0,0.0,0.0,0.0,0.0,0.0,0.0,0.0,0.0,0.0,0.0,0.0,0.0,0.0,0.0,0.0,0.0,38.42745590209961,0.0,0.0,0.0
6.0,0.0,125.8679428100586,0.0,0.0,0.0,0.0,0.0,135.2569580078125,0.0,0.0,0.0,0.0,0.0,0.0,0.0,0.0,0.0,0.0,0.0,0.0,0.0,0.0,0.0,0.0,0.0,0.0,0.0,0.0,31.04907989501953,0.0,0.0,0.0
0.0,0.0,159.18057250976562,0.0,0.0,0.0,0.0,0.0,168.25186157226562,0.0,0.0,0.0,0.0,0.0,0.0,0.0,0.0,0.0,0.0,0.0,0.0,0.0,0.0,0.0,0.0,0.0,0.0,0.0,0.0,41.64105987548828,0.0,0.0,0.0
6.0,0.0,151.0464324951172,0.0,0.0,0.0,0.0,0.0,161.04312133789062,0.0,0.0,0.0,0.0,0.0,0.0,0.0,0.0,0.0,0.0,0.0,0.0,0.0,0.0,0.0,0.0,0.0,0.0,0.0,0.0,39.70683670043945,0.0,0.0,0.0
4.0,0.0,159.52207946777344,0.0,0.0,0.0,0.0,0.0,169.46990966796875,0.0,0.0,0.0,0.0,0.0,0.0,0.0,0.0,0.0,0.0,0.0,0.0,0.0,0.0,0.0,0.0,0.0,0.0,0.0,0.0,42.04736328125,0.0,0.0,0.0
5.0,0.0,151.3496551513672,0.0,0.0,0.0,0.0,0.0,160.15147399902344,0.0,0.0,0.0,0.0,0.0,0.0,0.0,0.0,0.0,0.0,0.0,0.0,0.0,0.0,0.0,0.0,0.0,0.0,0.0,0.0,38.015655517578125,0.0,0.0,0.0
5.0,0.0,145.60061645507812,0.0,0.0,0.0,0.0,0.0,154.3013916015625,0.0,0.0,0.0,0.0,0.0,0.0,0.0,0.0,0.0,0.0,0.0,0.0,0.0,0.0,0.0,0.0,0.0,0.0,0.0,0.0,35.939109802246094,0.0,0.0,0.0
3.0,0.0,119.04576873779297,0.0,0.0,0.0,0.0,0.0,127.36077117919922,0.0,0.0,0.0,0.0,0.0,0.0,0.0,0.0,0.0,0.0,0.0,0.0,0.0,0.0,0.0,0.0,0.0,0.0,0.0,0.0,28.4659366607666,0.0,0.0,0.0
3.0,0.0,121.9489974975586,0.0,0.0,0.0,0.0,0.0,128.3009490966797,0.0,0.0,0.0,0.0,0.0,0.0,0.0,0.0,0.0,0.0,0.0,0.0,0.0,0.0,0.0,0.0,0.0,0.0,0.0,0.0,27.951784133911133,0.0,0.0,0.0
6.0,0.0,139.90928649902344,0.0,10.179366111755371,0.0,9.14599895477295,0.0,145.6987762451172,0.0,0.0,0.0,0.0,0.0,0.0,0.0,0.0,0.0,0.0,0.0,7.756050109863281,0.0,0.0,0.0,0.0,0.0,0.0,0.0,8.179445266723633,48.31656265258789,0.0,0.0,0.0
3.0,0.0,153.7992706298828,0.0,0.0,0.0,0.0,0.0,164.09408569335938,0.0,0.0,0.0,0.0,0.0,0.0,0.0,0.0,0.0,0.0,0.0,0.0,0.0,0.0,0.0,0.0,0.0,0.0,0.0,0.0,40.19990921020508,0.0,0.0,0.0
1.0,0.0,141.60438537597656,0.0,5.5815606117248535,0.0,4.696377754211426,0.0,147.94000244140625,0.0,0.0,0.0,0.0,0.0,0.0,0.0,0.0,0.0,0.0,0.0,3.4864871501922607,0.0,0.0,0.0,0.0,0.0,0.0,0.0,3.5070579051971436,47.94538879394531,0.0,0.0,0.0
5.0,0.0,157.5035858154297,0.0,0.0,0.0,0.0,0.0,165.91734313964844,0.0,0.0,0.0,0.0,0.0,0.0,0.0,0.0,0.0,0.0,0.0,0.0,0.0,0.0,0.0,0.0,0.0,0.0,0.0,0.0,41.411685943603516,0.0,0.0,0.0
6.0,0.0,153.88844299316406,0.0,0.0,0.0,0.0,0.0,164.6387939453125,0.0,0.0,0.0,0.0,0.0,0.0,0.0,0.0,0.0,0.0,0.0,0.0,0.0,0.0,0.0,0.0,0.0,0.0,0.0,0.0,39.78961181640625,0.0,0.0,0.0
6.0,0.0,129.8816680908203,0.0,0.0,0.0,0.0,0.0,139.4381103515625,0.0,0.0,0.0,0.0,0.0,0.0,0.0,0.0,0.0,0.0,0.0,0.0,0.0,0.0,0.0,0.0,0.0,0.0,0.0,0.0,32.237464904785156,0.0,0.0,0.0
0.0,0.0,158.0353546142578,0.0,0.0,0.0,0.0,0.0,167.7376251220703,0.0,0.0,0.0,0.0,0.0,0.0,0.0,0.0,0.0,0.0,0.0,0.0,0.0,0.0,0.0,0.0,0.0,0.0,0.0,0.0,40.60762405395508,0.0,0.0,0.0
2.0,0.0,132.98179626464844,0.0,0.0,0.0,0.0,0.0,142.10250854492188,0.0,0.0,0.0,0.0,0.0,0.0,0.0,0.0,0.0,0.0,0.0,0.0,0.0,0.0,0.0,0.0,0.0,0.0,0.0,0.0,32.77739715576172,0.0,0.0,0.0
5.0,0.0,146.1720733642578,0.0,0.0,0.0,0.0,0.0,156.23980712890625,0.0,0.0,0.0,0.0,0.0,0.0,0.0,0.0,0.0,0.0,0.0,0.0,0.0,0.0,0.0,0.0,0.0,0.0,0.0,0.0,37.27262878417969,0.0,0.0,0.0
5.0,0.0,143.6529998779297,0.0,0.0,0.0,0.0,0.0,152.43389892578125,0.0,0.0,0.0,0.0,0.0,0.0,0.0,0.0,0.0,0.0,0.0,0.0,0.0,0.0,0.0,0.0,0.0,0.0,0.0,0.0,35.758506774902344,0.0,0.0,0.0
5.0,0.0,130.85264587402344,0.0,0.0,0.0,0.0,0.0,139.29444885253906,0.0,0.0,0.0,0.0,0.0,0.0,0.0,0.0,0.0,0.0,0.0,0.0,0.0,0.0,0.0,0.0,0.0,0.0,0.0,0.0,31.49765396118164,0.0,0.0,0.0
3.0,0.0,118.91793823242188,0.0,0.0,0.0,0.0,0.0,127.43827056884766,0.0,0.0,0.0,0.0,0.0,0.0,0.0,0.0,0.0,0.0,0.0,0.0,0.0,0.0,0.0,0.0,0.0,0.0,0.0,0.0,28.43391990661621,0.0,0.0,0.0
6.0,0.0,124.89380645751953,0.0,0.0,0.0,0.0,0.0,130.95188903808594,0.0,0.0,0.0,0.0,0.0,0.0,0.0,0.0,0.0,0.0,0.0,0.0,0.0,0.0,0.0,0.0,0.0,0.0,0.0,0.0,26.834096908569336,0.0,0.0,0.0
6.0,0.0,157.33973693847656,0.0,0.0,0.0,0.0,0.0,166.89109802246094,0.0,0.0,0.0,0.0,0.0,0.0,0.0,0.0,0.0,0.0,0.0,0.0,0.0,0.0,0.0,0.0,0.0,0.0,0.0,0.0,42.241310119628906,0.0,0.0,0.0
3.0,0.0,153.4483184814453,0.0,0.0,0.0,0.0,0.0,163.89871215820312,0.0,0.0,0.0,0.0,0.0,0.0,0.0,0.0,0.0,0.0,0.0,0.0,0.0,0.0,0.0,0.0,0.0,0.0,0.0,0.0,40.15459442138672,0.0,0.0,0.0
4.0,0.0,157.04856872558594,0.0,0.0,0.0,0.0,0.0,166.6187744140625,0.0,0.0,0.0,0.0,0.0,0.0,0.0,0.0,0.0,0.0,0.0,0.0,0.0,0.0,0.0,0.0,0.0,0.0,0.0,0.0,40.742576599121094,0.0,0.0,0.0
5.0,0.0,150.2763214111328,0.0,0.0,0.0,0.0,0.0,160.31619262695312,0.0,0.0,0.0,0.0,0.0,0.0,0.0,0.0,0.0,0.0,0.0,0.0,0.0,0.0,0.0,0.0,0.0,0.0,0.0,0.0,38.752532958984375,0.0,0.0,0.0
6.0,0.0,158.6381072998047,0.0,0.0,0.0,0.0,0.0,168.99607849121094,0.0,0.0,0.0,0.0,0.0,0.0,0.0,0.0,0.0,0.0,0.0,0.0,0.0,0.0,0.0,0.0,0.0,0.0,0.0,0.0,41.3460807800293,0.0,0.0,0.0
6.0,0.0,137.7617645263672,0.0,0.0,0.0,0.0,0.0,147.7393341064453,0.0,0.0,0.0,0.0,0.0,0.0,0.0,0.0,0.0,0.0,0.0,0.0,0.0,0.0,0.0,0.0,0.0,0.0,0.0,0.0,34.7611083984375,0.0,0.0,0.0
7.0,0.0,150.28590393066406,0.0,0.0,0.0,0.0,0.0,159.10824584960938,0.0,0.0,0.0,0.0,0.0,0.0,0.0,0.0,0.0,0.0,0.0,0.0,0.0,0.0,0.0,0.0,0.0,0.0,0.0,0.0,37.64181900024414,0.0,0.0,0.0
6.0,0.0,139.2108612060547,0.0,0.0,0.0,0.0,0.0,148.58694458007812,0.0,0.0,0.0,0.0,0.0,0.0,0.0,0.0,0.0,0.0,0.0,0.0,0.0,0.0,0.0,0.0,0.0,0.0,0.0,0.0,34.78158187866211,0.0,0.0,0.0
5.0,0.0,160.6553497314453,0.0,0.0,0.0,0.0,0.0,170.61203002929688,0.0,0.0,0.0,0.0,0.0,0.0,0.0,0.0,0.0,0.0,0.0,0.0,0.0,0.0,0.0,0.0,0.0,0.0,0.0,0.0,41.85032653808594,0.0,0.0,0.0
6.0,0.0,146.7943572998047,0.0,0.0,0.0,0.0,0.0,156.1971435546875,0.0,0.0,0.0,0.0,0.0,0.0,0.0,0.0,0.0,0.0,0.0,0.0,0.0,0.0,0.0,0.0,0.0,0.0,0.0,0.0,37.03789520263672,0.0,0.0,0.0
5.0,0.0,131.75852966308594,0.0,0.0,0.0,0.0,0.0,140.86392211914062,0.0,0.0,0.0,0.0,0.0,0.0,0.0,0.0,0.0,0.0,0.0,0.0,0.0,0.0,0.0,0.0,0.0,0.0,0.0,0.0,32.066890716552734,0.0,0.0,0.0
3.0,0.0,123.75680541992188,0.0,0.0,0.0,0.0,0.0,133.09982299804688,0.0,0.0,0.0,0.0,0.0,0.0,0.0,0.0,0.0,0.0,0.0,0.0,0.0,0.0,0.0,0.0,0.0,0.0,0.0,0.0,30.39316177368164,0.0,0.0,0.0
6.0,0.0,128.8813018798828,0.0,0.0,0.0,0.0,0.0,135.67379760742188,0.0,0.0,0.0,0.0,0.0,0.0,0.0,0.0,0.0,0.0,0.0,0.0,0.0,0.0,0.0,0.0,0.0,0.0,0.0,0.0,28.687952041625977,0.0,0.0,0.0
6.0,0.0,157.2357635498047,0.0,0.0,0.0,0.0,0.0,166.55758666992188,0.0,0.0,0.0,0.0,0.0,0.0,0.0,0.0,0.0,0.0,0.0,0.0,0.0,0.0,0.0,0.0,0.0,0.0,0.0,0.0,42.5661735534668,0.0,0.0,0.0
3.0,0.0,150.14161682128906,0.0,0.0,0.0,0.0,0.0,160.71084594726562,0.0,0.0,0.0,0.0,0.0,0.0,0.0,0.0,0.0,0.0,0.0,0.0,0.0,0.0,0.0,0.0,0.0,0.0,0.0,0.0,39.01097106933594,0.0,0.0,0.0
0.0,0.0,149.98756408691406,0.0,0.0,0.0,0.0,0.0,158.9049530029297,0.0,0.0,0.0,0.0,0.0,0.0,0.0,0.0,0.0,0.0,0.0,0.0,0.0,0.0,0.0,0.0,0.0,0.0,0.0,0.0,37.53266906738281,0.0,0.0,0.0
6.0,0.0,143.0539093017578,0.0,0.0,0.0,0.0,0.0,153.37225341796875,0.0,0.0,0.0,0.0,0.0,0.0,0.0,0.0,0.0,0.0,0.0,0.0,0.0,0.0,0.0,0.0,0.0,0.0,0.0,0.0,36.847469329833984,0.0,0.0,0.0
4.0,0.0,157.00987243652344,0.0,0.0,0.0,0.0,0.0,167.26576232910156,0.0,0.0,0.0,0.0,0.0,0.0,0.0,0.0,0.0,0.0,0.0,0.0,0.0,0.0,0.0,0.0,0.0,0.0,0.0,0.0,41.66033935546875,0.0,0.0,0.0
6.0,0.0,132.1599578857422,0.0,0.0,0.0,0.0,0.0,142.3126220703125,0.0,0.0,0.0,0.0,0.0,0.0,0.0,0.0,0.0,0.0,0.0,0.0,0.0,0.0,0.0,0.0,0.0,0.0,0.0,0.0,33.546592712402344,0.0,0.0,0.0
7.0,0.0,148.0655059814453,0.0,0.0,0.0,0.0,0.0,157.90151977539062,0.0,0.0,0.0,0.0,0.0,0.0,0.0,0.0,0.0,0.0,0.0,0.0,0.0,0.0,0.0,0.0,0.0,0.0,0.0,0.0,37.518436431884766,0.0,0.0,0.0
7.0,0.0,124.79021453857422,0.0,0.0,0.0,0.0,0.0,133.7726287841797,0.0,0.0,0.0,0.0,0.0,0.0,0.0,0.0,0.0,0.0,0.0,0.0,0.0,0.0,0.0,0.0,0.0,0.0,0.0,0.0,30.50214958190918,0.0,0.0,0.0
5.0,0.0,156.19285583496094,0.0,0.0,0.0,0.0,0.0,165.45162963867188,0.0,0.0,0.0,0.0,0.0,0.0,0.0,0.0,0.0,0.0,0.0,0.0,0.0,0.0,0.0,0.0,0.0,0.0,0.0,0.0,40.6875114440918,0.0,0.0,0.0
6.0,0.0,132.9932098388672,0.0,0.0,0.0,0.0,0.0,142.72781372070312,0.0,0.0,0.0,0.0,0.0,0.0,0.0,0.0,0.0,0.0,0.0,0.0,0.0,0.0,0.0,0.0,0.0,0.0,0.0,0.0,33.44770050048828,0.0,0.0,0.0
5.0,0.0,125.24358367919922,0.0,0.0,0.0,0.0,0.0,134.50985717773438,0.0,0.0,0.0,0.0,0.0,0.0,0.0,0.0,0.0,0.0,0.0,0.0,0.0,0.0,0.0,0.0,0.0,0.0,0.0,0.0,30.55638313293457,0.0,0.0,0.0
3.0,0.0,120.29751586914062,0.0,0.0,0.0,0.0,0.0,129.85952758789062,0.0,0.0,0.0,0.0,0.0,0.0,0.0,0.0,0.0,0.0,0.0,0.0,0.0,0.0,0.0,0.0,0.0,0.0,0.0,0.0,29.862863540649414,0.0,0.0,0.0
3.0,0.0,117.32665252685547,0.0,0.0,0.0,0.0,0.0,123.91157531738281,0.0,0.0,0.0,0.0,0.0,0.0,0.0,0.0,0.0,0.0,0.0,0.0,0.0,0.0,0.0,0.0,0.0,0.0,0.0,0.0,25.483030319213867,0.0,0.0,0.0
6.0,0.0,147.8546142578125,0.0,0.0,0.0,0.0,0.0,157.61862182617188,0.0,0.0,0.0,0.0,0.0,0.0,0.0,0.0,0.0,0.0,0.0,0.0,0.0,0.0,0.0,0.0,0.0,0.0,0.0,0.0,38.12763595581055,0.0,0.0,0.0
4.0,0.0,143.91600036621094,0.0,0.0,0.0,0.0,0.0,154.6259307861328,0.0,0.0,0.0,0.0,0.0,0.0,0.0,0.0,0.0,0.0,0.0,0.0,0.0,0.0,0.0,0.0,0.0,0.0,0.0,0.0,37.22197723388672,0.0,0.0,0.0
0.0,0.0,145.65899658203125,0.0,0.0,0.0,0.0,0.0,155.2161865234375,0.0,0.0,0.0,0.0,0.0,0.0,0.0,0.0,0.0,0.0,0.0,0.0,0.0,0.0,0.0,0.0,0.0,0.0,0.0,0.0,38.009239196777344,0.0,0.0,0.0
1.0,0.0,131.8518524169922,0.0,0.0,0.0,0.0,0.0,141.49188232421875,0.0,0.0,0.0,0.0,0.0,0.0,0.0,0.0,0.0,0.0,0.0,0.0,0.0,0.0,0.0,0.0,0.0,0.0,0.0,0.0,33.14849090576172,0.0,0.0,0.0
4.0,0.0,149.93264770507812,0.0,0.0,0.0,0.0,0.0,160.31460571289062,0.0,0.0,0.0,0.0,0.0,0.0,0.0,0.0,0.0,0.0,0.0,0.0,0.0,0.0,0.0,0.0,0.0,0.0,0.0,0.0,38.51359558105469,0.0,0.0,0.0
7.0,0.0,123.12271118164062,0.0,0.0,0.0,0.0,0.0,132.57028198242188,0.0,0.0,0.0,0.0,0.0,0.0,0.0,0.0,0.0,0.0,0.0,0.0,0.0,0.0,0.0,0.0,0.0,0.0,0.0,0.0,30.536514282226562,0.0,0.0,0.0
7.0,0.0,142.7363739013672,0.0,0.0,0.0,0.0,0.0,151.8308563232422,0.0,0.0,0.0,0.0,0.0,0.0,0.0,0.0,0.0,0.0,0.0,0.0,0.0,0.0,0.0,0.0,0.0,0.0,0.0,0.0,34.90186309814453,0.0,0.0,0.0
7.0,0.0,122.72795867919922,0.0,0.0,0.0,0.0,0.0,128.33509826660156,0.0,0.0,0.0,0.0,0.0,0.0,0.0,0.0,0.0,0.0,0.0,0.0,0.0,0.0,0.0,0.0,0.0,0.0,0.0,0.0,25.337087631225586,0.0,0.0,0.0
4.0,0.0,149.03147888183594,0.0,0.0,0.0,0.0,0.0,158.5584716796875,0.0,0.0,0.0,0.0,0.0,0.0,0.0,0.0,0.0,0.0,0.0,0.0,0.0,0.0,0.0,0.0,0.0,0.0,0.0,0.0,38.34779739379883,0.0,0.0,0.0
4.0,0.0,132.23883056640625,0.0,0.0,0.0,0.0,0.0,141.0157470703125,0.0,0.0,0.0,0.0,0.0,0.0,0.0,0.0,0.0,0.0,0.0,0.0,0.0,0.0,0.0,0.0,0.0,0.0,0.0,0.0,32.6214599609375,0.0,0.0,0.0
5.0,0.0,122.88565826416016,0.0,0.0,0.0,0.0,0.0,131.24563598632812,0.0,0.0,0.0,0.0,0.0,0.0,0.0,0.0,0.0,0.0,0.0,0.0,0.0,0.0,0.0,0.0,0.0,0.0,0.0,0.0,28.9718017578125,0.0,0.0,0.0
3.0,0.0,114.16969299316406,0.0,0.0,0.0,0.0,0.0,122.7143325805664,0.0,0.0,0.0,0.0,0.0,0.0,0.0,0.0,0.0,0.0,0.0,0.0,0.0,0.0,0.0,0.0,0.0,0.0,0.0,0.0,27.22978401184082,0.0,0.0,0.0
3.0,0.0,118.6698226928711,0.0,0.0,0.0,0.0,0.0,124.6299057006836,0.0,0.0,0.0,0.0,0.0,0.0,0.0,0.0,0.0,0.0,0.0,0.0,0.0,0.0,0.0,0.0,0.0,0.0,0.0,0.0,25.057809829711914,0.0,0.0,0.0
4.0,0.0,141.81234741210938,0.0,0.0,0.0,0.0,0.0,151.57449340820312,0.0,0.0,0.0,0.0,0.0,0.0,0.0,0.0,0.0,0.0,0.0,0.0,0.0,0.0,0.0,0.0,0.0,0.0,0.0,0.0,35.81969451904297,0.0,0.0,0.0
4.0,0.0,135.625244140625,0.0,0.0,0.0,0.0,0.0,145.78945922851562,0.0,0.0,0.0,0.0,0.0,0.0,0.0,0.0,0.0,0.0,0.0,0.0,0.0,0.0,0.0,0.0,0.0,0.0,0.0,0.0,34.34536361694336,0.0,0.0,0.0
0.0,0.0,134.6038055419922,0.0,0.0,0.0,0.0,0.0,144.19049072265625,0.0,0.0,0.0,0.0,0.0,0.0,0.0,0.0,0.0,0.0,0.0,0.0,0.0,0.0,0.0,0.0,0.0,0.0,0.0,0.0,33.989540100097656,0.0,0.0,0.0
1.0,0.0,131.52398681640625,0.0,0.0,0.0,0.0,0.0,141.799072265625,0.0,0.0,0.0,0.0,0.0,0.0,0.0,0.0,0.0,0.0,0.0,0.0,0.0,0.0,0.0,0.0,0.0,0.0,0.0,0.0,33.35923385620117,0.0,0.0,0.0
4.0,0.0,154.03733825683594,0.0,0.0,0.0,0.0,0.0,164.17942810058594,0.0,0.0,0.0,0.0,0.0,0.0,0.0,0.0,0.0,0.0,0.0,0.0,0.0,0.0,0.0,0.0,0.0,0.0,0.0,0.0,39.8760871887207,0.0,0.0,0.0
7.0,0.0,114.06774139404297,0.0,0.0,0.0,0.0,0.0,123.7228012084961,0.0,0.0,0.0,0.0,0.0,0.0,0.0,0.0,0.0,0.0,0.0,0.0,0.0,0.0,0.0,0.0,0.0,0.0,0.0,0.0,27.645158767700195,0.0,0.0,0.0
7.0,0.0,149.32164001464844,0.0,0.0,0.0,0.0,0.0,159.37850952148438,0.0,0.0,0.0,0.0,0.0,0.0,0.0,0.0,0.0,0.0,0.0,0.0,0.0,0.0,0.0,0.0,0.0,0.0,0.0,0.0,37.7848014831543,0.0,0.0,0.0
7.0,0.0,125.03050994873047,0.0,0.0,0.0,0.0,0.0,131.63868713378906,0.0,0.0,0.0,0.0,0.0,0.0,0.0,0.0,0.0,0.0,0.0,0.0,0.0,0.0,0.0,0.0,0.0,0.0,0.0,0.0,27.089632034301758,0.0,0.0,0.0
4.0,0.0,154.82957458496094,0.0,0.0,0.0,0.0,0.0,163.87060546875,0.0,0.0,0.0,0.0,0.0,0.0,0.0,0.0,0.0,0.0,0.0,0.0,0.0,0.0,0.0,0.0,0.0,0.0,0.0,0.0,41.83355712890625,0.0,0.0,0.0
3.0,0.0,117.8281021118164,0.0,0.0,0.0,0.0,0.0,126.10868835449219,0.0,0.0,0.0,0.0,0.0,0.0,0.0,0.0,0.0,0.0,0.0,0.0,0.0,0.0,0.0,0.0,0.0,0.0,0.0,0.0,27.943700790405273,0.0,0.0,0.0
5.0,0.0,131.28688049316406,0.0,0.0,0.0,0.0,0.0,140.05667114257812,0.0,0.0,0.0,0.0,0.0,0.0,0.0,0.0,0.0,0.0,0.0,0.0,0.0,0.0,0.0,0.0,0.0,0.0,0.0,0.0,32.103797912597656,0.0,0.0,0.0
3.0,0.0,120.46399688720703,0.0,0.0,0.0,0.0,0.0,129.99163818359375,0.0,0.0,0.0,0.0,0.0,0.0,0.0,0.0,0.0,0.0,0.0,0.0,0.0,0.0,0.0,0.0,0.0,0.0,0.0,0.0,29.848913192749023,0.0,0.0,0.0
5.0,0.0,118.2884521484375,0.0,0.0,0.0,0.0,0.0,125.22734069824219,0.0,0.0,0.0,0.0,0.0,0.0,0.0,0.0,0.0,0.0,0.0,0.0,0.0,0.0,0.0,0.0,0.0,0.0,0.0,0.0,26.099531173706055,0.0,0.0,0.0
4.0,0.0,153.39073181152344,0.0,0.0,0.0,0.0,0.0,162.35821533203125,0.0,0.0,0.0,0.0,0.0,0.0,0.0,0.0,0.0,0.0,0.0,0.0,0.0,0.0,0.0,0.0,0.0,0.0,0.0,0.0,42.6197395324707,0.0,0.0,0.0
6.0,0.0,132.6994171142578,0.0,0.0,0.0,0.0,0.0,142.76095581054688,0.0,0.0,0.0,0.0,0.0,0.0,0.0,0.0,0.0,0.0,0.0,0.0,0.0,0.0,0.0,0.0,0.0,0.0,0.0,0.0,33.460227966308594,0.0,0.0,0.0
0.0,0.0,134.13673400878906,0.0,0.0,0.0,0.0,0.0,143.96234130859375,0.0,0.0,0.0,0.0,0.0,0.0,0.0,0.0,0.0,0.0,0.0,0.0,0.0,0.0,0.0,0.0,0.0,0.0,0.0,0.0,33.9456672668457,0.0,0.0,0.0
1.0,0.0,135.0102996826172,0.0,0.0,0.0,0.0,0.0,145.25839233398438,0.0,0.0,0.0,0.0,0.0,0.0,0.0,0.0,0.0,0.0,0.0,0.0,0.0,0.0,0.0,0.0,0.0,0.0,0.0,0.0,34.09327697753906,0.0,0.0,0.0
6.0,0.0,160.39244079589844,0.0,0.0,0.0,0.0,0.0,170.24139404296875,0.0,0.0,0.0,0.0,0.0,0.0,0.0,0.0,0.0,0.0,0.0,0.0,0.0,0.0,0.0,0.0,0.0,0.0,0.0,0.0,41.52165985107422,0.0,0.0,0.0
7.0,0.0,111.38201904296875,0.0,0.0,0.0,0.0,0.0,119.54695892333984,0.0,0.0,0.0,0.0,0.0,0.0,0.0,0.0,0.0,0.0,0.0,0.0,0.0,0.0,0.0,0.0,0.0,0.0,0.0,0.0,25.14432716369629,0.0,0.0,0.0
7.0,0.0,154.68112182617188,0.0,0.0,0.0,0.0,0.0,164.63894653320312,0.0,0.0,0.0,0.0,0.0,0.0,0.0,0.0,0.0,0.0,0.0,0.0,0.0,0.0,0.0,0.0,0.0,0.0,0.0,0.0,38.9985466003418,0.0,0.0,0.0
7.0,0.0,127.69976806640625,0.0,0.0,0.0,0.0,0.0,135.1881103515625,0.0,0.0,0.0,0.0,0.0,0.0,0.0,0.0,0.0,0.0,0.0,0.0,0.0,0.0,0.0,0.0,0.0,0.0,0.0,0.0,28.566513061523438,0.0,0.0,0.0
5.0,0.0,152.3693389892578,0.0,0.0,0.0,0.0,0.0,160.073974609375,0.0,0.0,0.0,0.0,0.0,0.0,0.0,0.0,0.0,0.0,0.0,0.0,0.0,0.0,0.0,0.0,0.0,0.0,0.0,0.0,46.997676849365234,0.0,0.0,0.0
6.0,0.0,128.57196044921875,0.0,0.0,0.0,0.0,0.0,138.22634887695312,0.0,0.0,0.0,0.0,0.0,0.0,0.0,0.0,0.0,0.0,0.0,0.0,0.0,0.0,0.0,0.0,0.0,0.0,0.0,0.0,31.760650634765625,0.0,0.0,0.0
5.0,0.0,131.11927795410156,0.0,0.0,0.0,0.0,0.0,140.48777770996094,0.0,0.0,0.0,0.0,0.0,0.0,0.0,0.0,0.0,0.0,0.0,0.0,0.0,0.0,0.0,0.0,0.0,0.0,0.0,0.0,32.237098693847656,0.0,0.0,0.0
5.0,0.0,124.33151245117188,0.0,0.0,0.0,0.0,0.0,134.13111877441406,0.0,0.0,0.0,0.0,0.0,0.0,0.0,0.0,0.0,0.0,0.0,0.0,0.0,0.0,0.0,0.0,0.0,0.0,0.0,0.0,30.900623321533203,0.0,0.0,0.0
5.0,0.0,120.3021011352539,0.0,0.0,0.0,0.0,0.0,126.41004943847656,0.0,0.0,0.0,0.0,0.0,0.0,0.0,0.0,0.0,0.0,0.0,0.0,0.0,0.0,0.0,0.0,0.0,0.0,0.0,0.0,25.467300415039062,0.0,0.0,0.0
6.0,0.0,115.4845199584961,0.0,27.909608840942383,0.0,27.839113235473633,0.0,120.4874496459961,0.0,0.0,0.0,0.0,0.0,0.0,0.0,0.0,0.0,0.0,0.0,24.846609115600586,0.0,0.0,0.0,0.0,0.0,0.0,0.0,27.619159698486328,47.74424743652344,0.0,0.0,0.0
6.0,0.0,153.54762268066406,0.0,0.0,0.0,0.0,0.0,164.1424560546875,0.0,0.0,0.0,0.0,0.0,0.0,0.0,0.0,0.0,0.0,0.0,0.0,0.0,0.0,0.0,0.0,0.0,0.0,0.0,0.0,39.81373596191406,0.0,0.0,0.0
7.0,0.0,135.25193786621094,0.0,0.0,0.0,0.0,0.0,144.8209228515625,0.0,0.0,0.0,0.0,0.0,0.0,0.0,0.0,0.0,0.0,0.0,0.0,0.0,0.0,0.0,0.0,0.0,0.0,0.0,0.0,33.84556579589844,0.0,0.0,0.0
1.0,0.0,131.81166076660156,0.0,0.0,0.0,0.0,0.0,142.1254119873047,0.0,0.0,0.0,0.0,0.0,0.0,0.0,0.0,0.0,0.0,0.0,0.0,0.0,0.0,0.0,0.0,0.0,0.0,0.0,0.0,33.193702697753906,0.0,0.0,0.0
6.0,0.0,160.2082977294922,0.0,0.0,0.0,0.0,0.0,170.0951690673828,0.0,0.0,0.0,0.0,0.0,0.0,0.0,0.0,0.0,0.0,0.0,0.0,0.0,0.0,0.0,0.0,0.0,0.0,0.0,0.0,41.47260284423828,0.0,0.0,0.0
7.0,0.0,118.69283294677734,0.0,0.0,0.0,0.0,0.0,128.38995361328125,0.0,0.0,0.0,0.0,0.0,0.0,0.0,0.0,0.0,0.0,0.0,0.0,0.0,0.0,0.0,0.0,0.0,0.0,0.0,0.0,28.577743530273438,0.0,0.0,0.0
7.0,0.0,151.8162384033203,0.0,0.0,0.0,0.0,0.0,161.75018310546875,0.0,0.0,0.0,0.0,0.0,0.0,0.0,0.0,0.0,0.0,0.0,0.0,0.0,0.0,0.0,0.0,0.0,0.0,0.0,0.0,38.215118408203125,0.0,0.0,0.0
7.0,0.0,125.59622955322266,0.0,0.0,0.0,0.0,0.0,134.90911865234375,0.0,0.0,0.0,0.0,0.0,0.0,0.0,0.0,0.0,0.0,0.0,0.0,0.0,0.0,0.0,0.0,0.0,0.0,0.0,0.0,30.13310432434082,0.0,0.0,0.0
5.0,0.0,156.9227752685547,0.0,0.0,0.0,0.0,0.0,165.14862060546875,0.0,0.0,0.0,0.0,0.0,0.0,0.0,0.0,0.0,0.0,0.0,0.0,0.0,0.0,0.0,0.0,0.0,0.0,0.0,0.0,44.2028923034668,0.0,0.0,0.0
6.0,0.0,121.89624786376953,0.0,0.0,0.0,0.0,0.0,130.6500701904297,0.0,0.0,0.0,0.0,0.0,0.0,0.0,0.0,0.0,0.0,0.0,0.0,0.0,0.0,0.0,0.0,0.0,0.0,0.0,0.0,29.026447296142578,0.0,0.0,0.0
5.0,0.0,128.30731201171875,0.0,0.0,0.0,0.0,0.0,137.0230255126953,0.0,0.0,0.0,0.0,0.0,0.0,0.0,0.0,0.0,0.0,0.0,0.0,0.0,0.0,0.0,0.0,0.0,0.0,0.0,0.0,30.63583755493164,0.0,0.0,0.0
1.0,0.0,117.39311981201172,0.0,0.0,0.0,0.0,0.0,126.37688446044922,0.0,0.0,0.0,0.0,0.0,0.0,0.0,0.0,0.0,0.0,0.0,0.0,0.0,0.0,0.0,0.0,0.0,0.0,0.0,0.0,28.2338809967041,0.0,0.0,0.0
3.0,0.0,124.03646850585938,0.0,0.0,0.0,0.0,0.0,131.21395874023438,0.0,0.0,0.0,0.0,0.0,0.0,0.0,0.0,0.0,0.0,0.0,0.0,0.0,0.0,0.0,0.0,0.0,0.0,0.0,0.0,27.620071411132812,0.0,0.0,0.0
6.0,0.0,149.22549438476562,0.0,0.0,0.0,0.0,0.0,159.34304809570312,0.0,0.0,0.0,0.0,0.0,0.0,0.0,0.0,0.0,0.0,0.0,0.0,0.0,0.0,0.0,0.0,0.0,0.0,0.0,0.0,38.669944763183594,0.0,0.0,0.0
6.0,0.0,140.44970703125,0.0,0.0,0.0,0.0,0.0,150.20272827148438,0.0,0.0,0.0,0.0,0.0,0.0,0.0,0.0,0.0,0.0,0.0,0.0,0.0,0.0,0.0,0.0,0.0,0.0,0.0,0.0,35.24827194213867,0.0,0.0,0.0
7.0,0.0,128.32151794433594,0.0,0.0,0.0,0.0,0.0,135.00355529785156,0.0,0.0,0.0,0.0,0.0,0.0,0.0,0.0,0.0,0.0,0.0,0.0,0.0,0.0,0.0,0.0,0.0,0.0,0.0,0.0,27.937692642211914,0.0,0.0,0.0
1.0,0.0,124.95771789550781,0.0,0.0,0.0,0.0,0.0,134.5679931640625,0.0,0.0,0.0,0.0,0.0,0.0,0.0,0.0,0.0,0.0,0.0,0.0,0.0,0.0,0.0,0.0,0.0,0.0,0.0,0.0,30.812589645385742,0.0,0.0,0.0
3.0,0.0,153.8325958251953,0.0,0.0,0.0,0.0,0.0,164.46762084960938,0.0,0.0,0.0,0.0,0.0,0.0,0.0,0.0,0.0,0.0,0.0,0.0,0.0,0.0,0.0,0.0,0.0,0.0,0.0,0.0,40.21706008911133,0.0,0.0,0.0
7.0,0.0,110.26911163330078,0.0,0.0,0.0,0.0,0.0,118.55291748046875,0.0,0.0,0.0,0.0,0.0,0.0,0.0,0.0,0.0,0.0,0.0,0.0,0.0,0.0,0.0,0.0,0.0,0.0,0.0,0.0,24.69013786315918,0.0,0.0,0.0
7.0,0.0,145.7669677734375,0.0,0.0,0.0,0.0,0.0,154.94097900390625,0.0,0.0,0.0,0.0,0.0,0.0,0.0,0.0,0.0,0.0,0.0,0.0,0.0,0.0,0.0,0.0,0.0,0.0,0.0,0.0,35.60771942138672,0.0,0.0,0.0
7.0,0.0,125.51529693603516,0.0,0.0,0.0,0.0,0.0,132.90882873535156,0.0,0.0,0.0,0.0,0.0,0.0,0.0,0.0,0.0,0.0,0.0,0.0,0.0,0.0,0.0,0.0,0.0,0.0,0.0,0.0,27.708515167236328,0.0,0.0,0.0
5.0,0.0,155.3090057373047,0.0,0.0,0.0,0.0,0.0,164.07421875,0.0,0.0,0.0,0.0,0.0,0.0,0.0,0.0,0.0,0.0,0.0,0.0,0.0,0.0,0.0,0.0,0.0,0.0,0.0,0.0,43.94373321533203,0.0,0.0,0.0
6.0,0.0,120.55084991455078,0.0,0.0,0.0,0.0,0.0,129.22088623046875,0.0,0.0,0.0,0.0,0.0,0.0,0.0,0.0,0.0,0.0,0.0,0.0,0.0,0.0,0.0,0.0,0.0,0.0,0.0,0.0,28.481618881225586,0.0,0.0,0.0
5.0,0.0,131.1582794189453,0.0,0.0,0.0,0.0,0.0,140.862548828125,0.0,0.0,0.0,0.0,0.0,0.0,0.0,0.0,0.0,0.0,0.0,0.0,0.0,0.0,0.0,0.0,0.0,0.0,0.0,0.0,32.206661224365234,0.0,0.0,0.0
1.0,0.0,114.37861633300781,0.0,0.0,0.0,0.0,0.0,123.19632720947266,0.0,0.0,0.0,0.0,0.0,0.0,0.0,0.0,0.0,0.0,0.0,0.0,0.0,0.0,0.0,0.0,0.0,0.0,0.0,0.0,27.197111129760742,0.0,0.0,0.0
4.0,0.0,121.86932373046875,0.0,0.0,0.0,0.0,0.0,128.400634765625,0.0,0.0,0.0,0.0,0.0,0.0,0.0,0.0,0.0,0.0,0.0,0.0,0.0,0.0,0.0,0.0,0.0,0.0,0.0,0.0,26.245573043823242,0.0,0.0,0.0
6.0,0.0,150.06658935546875,0.0,0.0,0.0,0.0,0.0,160.66583251953125,0.0,0.0,0.0,0.0,0.0,0.0,0.0,0.0,0.0,0.0,0.0,0.0,0.0,0.0,0.0,0.0,0.0,0.0,0.0,0.0,39.443359375,0.0,0.0,0.0
6.0,0.0,137.04867553710938,0.0,0.0,0.0,0.0,0.0,147.61972045898438,0.0,0.0,0.0,0.0,0.0,0.0,0.0,0.0,0.0,0.0,0.0,0.0,0.0,0.0,0.0,0.0,0.0,0.0,0.0,0.0,34.65416717529297,0.0,0.0,0.0
7.0,0.0,125.51751708984375,0.0,0.0,0.0,0.0,0.0,131.53196716308594,0.0,0.0,0.0,0.0,0.0,0.0,0.0,0.0,0.0,0.0,0.0,0.0,0.0,0.0,0.0,0.0,0.0,0.0,0.0,0.0,26.198545455932617,0.0,0.0,0.0
1.0,0.0,126.37564849853516,0.0,0.0,0.0,0.0,0.0,136.04901123046875,0.0,0.0,0.0,0.0,0.0,0.0,0.0,0.0,0.0,0.0,0.0,0.0,0.0,0.0,0.0,0.0,0.0,0.0,0.0,0.0,31.142993927001953,0.0,0.0,0.0
3.0,0.0,153.97608947753906,0.0,0.0,0.0,0.0,0.0,164.60560607910156,0.0,0.0,0.0,0.0,0.0,0.0,0.0,0.0,0.0,0.0,0.0,0.0,0.0,0.0,0.0,0.0,0.0,0.0,0.0,0.0,40.19571304321289,0.0,0.0,0.0
7.0,0.0,113.2469711303711,0.0,0.0,0.0,0.0,0.0,121.63765716552734,0.0,0.0,0.0,0.0,0.0,0.0,0.0,0.0,0.0,0.0,0.0,0.0,0.0,0.0,0.0,0.0,0.0,0.0,0.0,0.0,25.642959594726562,0.0,0.0,0.0
7.0,0.0,145.3916473388672,0.0,0.0,0.0,0.0,0.0,154.56723022460938,0.0,0.0,0.0,0.0,0.0,0.0,0.0,0.0,0.0,0.0,0.0,0.0,0.0,0.0,0.0,0.0,0.0,0.0,0.0,0.0,35.49534606933594,0.0,0.0,0.0
7.0,0.0,125.2997817993164,0.0,0.0,0.0,0.0,0.0,132.68637084960938,0.0,0.0,0.0,0.0,0.0,0.0,0.0,0.0,0.0,0.0,0.0,0.0,0.0,0.0,0.0,0.0,0.0,0.0,0.0,0.0,27.604190826416016,0.0,0.0,0.0
5.0,0.0,155.83990478515625,0.0,0.0,0.0,0.0,0.0,165.35986328125,0.0,0.0,0.0,0.0,0.0,0.0,0.0,0.0,0.0,0.0,0.0,0.0,0.0,0.0,0.0,0.0,0.0,0.0,0.0,0.0,41.28583908081055,0.0,0.0,0.0
7.0,0.0,118.11595916748047,0.0,0.0,0.0,0.0,0.0,126.1147232055664,0.0,0.0,0.0,0.0,0.0,0.0,0.0,0.0,0.0,0.0,0.0,0.0,0.0,0.0,0.0,0.0,0.0,0.0,0.0,0.0,26.825634002685547,0.0,0.0,0.0
4.0,0.0,140.97891235351562,0.0,0.0,0.0,0.0,0.0,150.8970947265625,0.0,0.0,0.0,0.0,0.0,0.0,0.0,0.0,0.0,0.0,0.0,0.0,0.0,0.0,0.0,0.0,0.0,0.0,0.0,0.0,35.415924072265625,0.0,0.0,0.0
1.0,0.0,119.09259796142578,0.0,0.0,0.0,0.0,0.0,127.80829620361328,0.0,0.0,0.0,0.0,0.0,0.0,0.0,0.0,0.0,0.0,0.0,0.0,0.0,0.0,0.0,0.0,0.0,0.0,0.0,0.0,28.43337059020996,0.0,0.0,0.0
4.0,0.0,121.53107452392578,0.0,0.0,0.0,0.0,0.0,128.02928161621094,0.0,0.0,0.0,0.0,0.0,0.0,0.0,0.0,0.0,0.0,0.0,0.0,0.0,0.0,0.0,0.0,0.0,0.0,0.0,0.0,26.1368350982666,0.0,0.0,0.0
6.0,0.0,140.89137268066406,0.0,0.0,0.0,0.0,0.0,151.2519073486328,0.0,0.0,0.0,0.0,0.0,0.0,0.0,0.0,0.0,0.0,0.0,0.0,0.0,0.0,0.0,0.0,0.0,0.0,0.0,0.0,35.5672607421875,0.0,0.0,0.0
6.0,0.0,135.5851593017578,0.0,0.0,0.0,0.0,0.0,146.1707000732422,0.0,0.0,0.0,0.0,0.0,0.0,0.0,0.0,0.0,0.0,0.0,0.0,0.0,0.0,0.0,0.0,0.0,0.0,0.0,0.0,34.24606704711914,0.0,0.0,0.0
7.0,0.0,121.02605438232422,0.0,0.0,0.0,0.0,0.0,128.57077026367188,0.0,0.0,0.0,0.0,0.0,0.0,0.0,0.0,0.0,0.0,0.0,0.0,0.0,0.0,0.0,0.0,0.0,0.0,0.0,0.0,26.54588508605957,0.0,0.0,0.0
1.0,0.0,126.72489166259766,0.0,0.0,0.0,0.0,0.0,136.3256072998047,0.0,0.0,0.0,0.0,0.0,0.0,0.0,0.0,0.0,0.0,0.0,0.0,0.0,0.0,0.0,0.0,0.0,0.0,0.0,0.0,31.13893699645996,0.0,0.0,0.0
3.0,0.0,159.12356567382812,0.0,0.0,0.0,0.0,0.0,169.86260986328125,0.0,0.0,0.0,0.0,0.0,0.0,0.0,0.0,0.0,0.0,0.0,0.0,0.0,0.0,0.0,0.0,0.0,0.0,0.0,0.0,41.583370208740234,0.0,0.0,0.0
7.0,0.0,114.26624298095703,0.0,0.0,0.0,0.0,0.0,123.45953369140625,0.0,0.0,0.0,0.0,0.0,0.0,0.0,0.0,0.0,0.0,0.0,0.0,0.0,0.0,0.0,0.0,0.0,0.0,0.0,0.0,26.634559631347656,0.0,0.0,0.0
7.0,0.0,151.30506896972656,0.0,0.0,0.0,0.0,0.0,159.45834350585938,0.0,0.0,0.0,0.0,0.0,0.0,0.0,0.0,0.0,0.0,0.0,0.0,0.0,0.0,0.0,0.0,0.0,0.0,0.0,0.0,35.79189682006836,0.0,0.0,0.0
7.0,0.0,127.91058349609375,0.0,0.0,0.0,0.0,0.0,136.1244354248047,0.0,0.0,0.0,0.0,0.0,0.0,0.0,0.0,0.0,0.0,0.0,0.0,0.0,0.0,0.0,0.0,0.0,0.0,0.0,0.0,29.23537254333496,0.0,0.0,0.0
5.0,0.0,154.7375030517578,0.0,0.0,0.0,0.0,0.0,163.43930053710938,0.0,0.0,0.0,0.0,0.0,0.0,0.0,0.0,0.0,0.0,0.0,0.0,0.0,0.0,0.0,0.0,0.0,0.0,0.0,0.0,44.19003677368164,0.0,0.0,0.0
7.0,0.0,126.36358642578125,0.0,0.0,0.0,0.0,0.0,136.15988159179688,0.0,0.0,0.0,0.0,0.0,0.0,0.0,0.0,0.0,0.0,0.0,0.0,0.0,0.0,0.0,0.0,0.0,0.0,0.0,0.0,30.88035011291504,0.0,0.0,0.0
5.0,0.0,128.5609893798828,0.0,0.0,0.0,0.0,0.0,138.55386352539062,0.0,0.0,0.0,0.0,0.0,0.0,0.0,0.0,0.0,0.0,0.0,0.0,0.0,0.0,0.0,0.0,0.0,0.0,0.0,0.0,32.01427459716797,0.0,0.0,0.0
5.0,0.0,122.44084930419922,0.0,0.0,0.0,0.0,0.0,132.25062561035156,0.0,0.0,0.0,0.0,0.0,0.0,0.0,0.0,0.0,0.0,0.0,0.0,0.0,0.0,0.0,0.0,0.0,0.0,0.0,0.0,30.126604080200195,0.0,0.0,0.0
5.0,0.0,121.23717498779297,0.0,0.0,0.0,0.0,0.0,127.49028778076172,0.0,0.0,0.0,0.0,0.0,0.0,0.0,0.0,0.0,0.0,0.0,0.0,0.0,0.0,0.0,0.0,0.0,0.0,0.0,0.0,25.801639556884766,0.0,0.0,0.0
6.0,0.0,144.8128204345703,0.0,0.0,0.0,0.0,0.0,155.7615203857422,0.0,0.0,0.0,0.0,0.0,0.0,0.0,0.0,0.0,0.0,0.0,0.0,0.0,0.0,0.0,0.0,0.0,0.0,0.0,0.0,37.22169494628906,0.0,0.0,0.0
6.0,0.0,142.3366241455078,0.0,0.0,0.0,0.0,0.0,153.01663208007812,0.0,0.0,0.0,0.0,0.0,0.0,0.0,0.0,0.0,0.0,0.0,0.0,0.0,0.0,0.0,0.0,0.0,0.0,0.0,0.0,36.297698974609375,0.0,0.0,0.0
7.0,0.0,116.4592056274414,0.0,0.0,0.0,0.0,0.0,124.87194061279297,0.0,0.0,0.0,0.0,0.0,0.0,0.0,0.0,0.0,0.0,0.0,0.0,0.0,0.0,0.0,0.0,0.0,0.0,0.0,0.0,26.498144149780273,0.0,0.0,0.0
1.0,0.0,125.73992156982422,0.0,0.0,0.0,0.0,0.0,135.3421630859375,0.0,0.0,0.0,0.0,0.0,0.0,0.0,0.0,0.0,0.0,0.0,0.0,0.0,0.0,0.0,0.0,0.0,0.0,0.0,0.0,30.83932113647461,0.0,0.0,0.0
3.0,0.0,158.2749786376953,0.0,0.0,0.0,0.0,0.0,169.14605712890625,0.0,0.0,0.0,0.0,0.0,0.0,0.0,0.0,0.0,0.0,0.0,0.0,0.0,0.0,0.0,0.0,0.0,0.0,0.0,0.0,41.290096282958984,0.0,0.0,0.0
6.0,0.0,122.63922882080078,0.0,0.0,0.0,0.0,0.0,129.4359588623047,0.0,0.0,0.0,0.0,0.0,0.0,0.0,0.0,0.0,0.0,0.0,0.0,0.0,0.0,0.0,0.0,0.0,0.0,0.0,0.0,26.279926300048828,0.0,0.0,0.0
7.0,0.0,156.73788452148438,0.0,0.0,0.0,0.0,0.0,164.27259826660156,0.0,0.0,0.0,0.0,0.0,0.0,0.0,0.0,0.0,0.0,0.0,0.0,0.0,0.0,0.0,0.0,0.0,0.0,0.0,0.0,36.63533020019531,0.0,0.0,0.0
7.0,0.0,129.82696533203125,0.0,0.0,0.0,0.0,0.0,136.4554443359375,0.0,0.0,0.0,0.0,0.0,0.0,0.0,0.0,0.0,0.0,0.0,0.0,0.0,0.0,0.0,0.0,0.0,0.0,0.0,0.0,27.966611862182617,0.0,0.0,0.0
5.0,0.0,153.26275634765625,0.0,0.0,0.0,0.0,0.0,163.350341796875,0.0,0.0,0.0,0.0,0.0,0.0,0.0,0.0,0.0,0.0,0.0,0.0,0.0,0.0,0.0,0.0,0.0,0.0,0.0,0.0,39.79237365722656,0.0,0.0,0.0
7.0,0.0,121.07183074951172,0.0,0.0,0.0,0.0,0.0,127.6284408569336,0.0,0.0,0.0,0.0,0.0,0.0,0.0,0.0,0.0,0.0,0.0,0.0,0.0,0.0,0.0,0.0,0.0,0.0,0.0,0.0,25.950302124023438,0.0,0.0,0.0
5.0,0.0,141.59095764160156,0.0,0.0,0.0,0.0,0.0,151.54022216796875,0.0,0.0,0.0,0.0,0.0,0.0,0.0,0.0,0.0,0.0,0.0,0.0,0.0,0.0,0.0,0.0,0.0,0.0,0.0,0.0,35.497093200683594,0.0,0.0,0.0
7.0,0.0,116.59650421142578,0.0,0.0,0.0,0.0,0.0,125.56562042236328,0.0,0.0,0.0,0.0,0.0,0.0,0.0,0.0,0.0,0.0,0.0,0.0,0.0,0.0,0.0,0.0,0.0,0.0,0.0,0.0,27.81417465209961,0.0,0.0,0.0
5.0,0.0,119.70201873779297,0.0,0.0,0.0,0.0,0.0,125.8757553100586,0.0,0.0,0.0,0.0,0.0,0.0,0.0,0.0,0.0,0.0,0.0,0.0,0.0,0.0,0.0,0.0,0.0,0.0,0.0,0.0,25.211702346801758,0.0,0.0,0.0
6.0,0.0,134.88746643066406,0.0,0.0,0.0,0.0,0.0,145.12631225585938,0.0,0.0,0.0,0.0,0.0,0.0,0.0,0.0,0.0,0.0,0.0,0.0,0.0,0.0,0.0,0.0,0.0,0.0,0.0,0.0,33.680904388427734,0.0,0.0,0.0
6.0,0.0,134.7033233642578,0.0,0.0,0.0,0.0,0.0,144.91844177246094,0.0,0.0,0.0,0.0,0.0,0.0,0.0,0.0,0.0,0.0,0.0,0.0,0.0,0.0,0.0,0.0,0.0,0.0,0.0,0.0,33.784080505371094,0.0,0.0,0.0
7.0,0.0,119.04571533203125,0.0,0.0,0.0,0.0,0.0,128.26609802246094,0.0,0.0,0.0,0.0,0.0,0.0,0.0,0.0,0.0,0.0,0.0,0.0,0.0,0.0,0.0,0.0,0.0,0.0,0.0,0.0,27.963916778564453,0.0,0.0,0.0
1.0,0.0,130.6947784423828,0.0,0.0,0.0,0.0,0.0,141.0382080078125,0.0,0.0,0.0,0.0,0.0,0.0,0.0,0.0,0.0,0.0,0.0,0.0,0.0,0.0,0.0,0.0,0.0,0.0,0.0,0.0,32.64314651489258,0.0,0.0,0.0
3.0,0.0,154.01014709472656,0.0,0.0,0.0,0.0,0.0,164.56256103515625,0.0,0.0,0.0,0.0,0.0,0.0,0.0,0.0,0.0,0.0,0.0,0.0,0.0,0.0,0.0,0.0,0.0,0.0,0.0,0.0,39.552467346191406,0.0,0.0,0.0
6.0,0.0,121.6778793334961,0.0,0.0,0.0,0.0,0.0,127.99267578125,0.0,0.0,0.0,0.0,0.0,0.0,0.0,0.0,0.0,0.0,0.0,0.0,0.0,0.0,0.0,0.0,0.0,0.0,0.0,0.0,25.855552673339844,0.0,0.0,0.0
7.0,0.0,143.5361328125,0.0,0.0,0.0,0.0,0.0,152.64251708984375,0.0,0.0,0.0,0.0,0.0,0.0,0.0,0.0,0.0,0.0,0.0,0.0,0.0,0.0,0.0,0.0,0.0,0.0,0.0,0.0,34.748451232910156,0.0,0.0,0.0
7.0,0.0,126.58409881591797,0.0,0.0,0.0,0.0,0.0,132.37998962402344,0.0,0.0,0.0,0.0,0.0,0.0,0.0,0.0,0.0,0.0,0.0,0.0,0.0,0.0,0.0,0.0,0.0,0.0,0.0,0.0,26.13907241821289,0.0,0.0,0.0
5.0,0.0,155.4151153564453,0.0,0.0,0.0,0.0,0.0,165.4775390625,0.0,0.0,0.0,0.0,0.0,0.0,0.0,0.0,0.0,0.0,0.0,0.0,0.0,0.0,0.0,0.0,0.0,0.0,0.0,0.0,41.42488479614258,0.0,0.0,0.0
7.0,0.0,117.87308502197266,0.0,0.0,0.0,0.0,0.0,124.66141510009766,0.0,0.0,0.0,0.0,0.0,0.0,0.0,0.0,0.0,0.0,0.0,0.0,0.0,0.0,0.0,0.0,0.0,0.0,0.0,0.0,24.92633628845215,0.0,0.0,0.0
5.0,0.0,138.9066619873047,0.0,0.0,0.0,0.0,0.0,149.3502197265625,0.0,0.0,0.0,0.0,0.0,0.0,0.0,0.0,0.0,0.0,0.0,0.0,0.0,0.0,0.0,0.0,0.0,0.0,0.0,0.0,35.09368133544922,0.0,0.0,0.0
7.0,0.0,115.14823150634766,0.0,0.0,0.0,0.0,0.0,121.96099090576172,0.0,0.0,0.0,0.0,0.0,0.0,0.0,0.0,0.0,0.0,0.0,0.0,0.0,0.0,0.0,0.0,0.0,0.0,0.0,0.0,24.44498062133789,0.0,0.0,0.0
6.0,0.0,121.87519836425781,0.0,0.0,0.0,0.0,0.0,128.76556396484375,0.0,0.0,0.0,0.0,0.0,0.0,0.0,0.0,0.0,0.0,0.0,0.0,0.0,0.0,0.0,0.0,0.0,0.0,0.0,0.0,26.589448928833008,0.0,0.0,0.0
6.0,0.0,142.44993591308594,0.0,0.0,0.0,0.0,0.0,153.342529296875,0.0,0.0,0.0,0.0,0.0,0.0,0.0,0.0,0.0,0.0,0.0,0.0,0.0,0.0,0.0,0.0,0.0,0.0,0.0,0.0,36.19546127319336,0.0,0.0,0.0
6.0,0.0,132.87966918945312,0.0,0.0,0.0,0.0,0.0,143.10035705566406,0.0,0.0,0.0,0.0,0.0,0.0,0.0,0.0,0.0,0.0,0.0,0.0,0.0,0.0,0.0,0.0,0.0,0.0,0.0,0.0,33.27509307861328,0.0,0.0,0.0
7.0,0.0,122.82968139648438,0.0,0.0,0.0,0.0,0.0,130.44644165039062,0.0,0.0,0.0,0.0,0.0,0.0,0.0,0.0,0.0,0.0,0.0,0.0,0.0,0.0,0.0,0.0,0.0,0.0,0.0,0.0,27.190393447875977,0.0,0.0,0.0
1.0,0.0,129.7480010986328,0.0,0.0,0.0,0.0,0.0,140.10189819335938,0.0,0.0,0.0,0.0,0.0,0.0,0.0,0.0,0.0,0.0,0.0,0.0,0.0,0.0,0.0,0.0,0.0,0.0,0.0,0.0,32.38193893432617,0.0,0.0,0.0
3.0,0.0,159.21731567382812,0.0,0.0,0.0,0.0,0.0,169.80555725097656,0.0,0.0,0.0,0.0,0.0,0.0,0.0,0.0,0.0,0.0,0.0,0.0,0.0,0.0,0.0,0.0,0.0,0.0,0.0,0.0,42.064903259277344,0.0,0.0,0.0
6.0,0.0,122.24007415771484,0.0,0.0,0.0,0.0,0.0,129.40957641601562,0.0,0.0,0.0,0.0,0.0,0.0,0.0,0.0,0.0,0.0,0.0,0.0,0.0,0.0,0.0,0.0,0.0,0.0,0.0,0.0,27.09372901916504,0.0,0.0,0.0
7.0,0.0,147.1637725830078,0.0,0.0,0.0,0.0,0.0,157.17233276367188,0.0,0.0,0.0,0.0,0.0,0.0,0.0,0.0,0.0,0.0,0.0,0.0,0.0,0.0,0.0,0.0,0.0,0.0,0.0,0.0,36.777610778808594,0.0,0.0,0.0
7.0,0.0,129.5318603515625,0.0,0.0,0.0,0.0,0.0,136.20462036132812,0.0,0.0,0.0,0.0,0.0,0.0,0.0,0.0,0.0,0.0,0.0,0.0,0.0,0.0,0.0,0.0,0.0,0.0,0.0,0.0,27.863916397094727,0.0,0.0,0.0
5.0,0.0,154.76234436035156,0.0,0.0,0.0,0.0,0.0,164.97947692871094,0.0,0.0,0.0,0.0,0.0,0.0,0.0,0.0,0.0,0.0,0.0,0.0,0.0,0.0,0.0,0.0,0.0,0.0,0.0,0.0,40.95832824707031,0.0,0.0,0.0
7.0,0.0,117.7406234741211,0.0,0.0,0.0,0.0,0.0,124.49845123291016,0.0,0.0,0.0,0.0,0.0,0.0,0.0,0.0,0.0,0.0,0.0,0.0,0.0,0.0,0.0,0.0,0.0,0.0,0.0,0.0,25.0510311126709,0.0,0.0,0.0
5.0,0.0,126.71552276611328,0.0,0.0,0.0,0.0,0.0,136.14926147460938,0.0,0.0,0.0,0.0,0.0,0.0,0.0,0.0,0.0,0.0,0.0,0.0,0.0,0.0,0.0,0.0,0.0,0.0,0.0,0.0,30.737594604492188,0.0,0.0,0.0
7.0,0.0,114.60628509521484,0.0,0.0,0.0,0.0,0.0,121.41885375976562,0.0,0.0,0.0,0.0,0.0,0.0,0.0,0.0,0.0,0.0,0.0,0.0,0.0,0.0,0.0,0.0,0.0,0.0,0.0,0.0,24.288965225219727,0.0,0.0,0.0
6.0,0.0,121.44369506835938,0.0,0.0,0.0,0.0,0.0,128.3496856689453,0.0,0.0,0.0,0.0,0.0,0.0,0.0,0.0,0.0,0.0,0.0,0.0,0.0,0.0,0.0,0.0,0.0,0.0,0.0,0.0,26.470813751220703,0.0,0.0,0.0
6.0,0.0,143.16835021972656,0.0,0.0,0.0,0.0,0.0,154.11602783203125,0.0,0.0,0.0,0.0,0.0,0.0,0.0,0.0,0.0,0.0,0.0,0.0,0.0,0.0,0.0,0.0,0.0,0.0,0.0,0.0,36.38407897949219,0.0,0.0,0.0
6.0,0.0,138.17129516601562,0.0,0.0,0.0,0.0,0.0,148.93948364257812,0.0,0.0,0.0,0.0,0.0,0.0,0.0,0.0,0.0,0.0,0.0,0.0,0.0,0.0,0.0,0.0,0.0,0.0,0.0,0.0,34.97263717651367,0.0,0.0,0.0
7.0,0.0,128.30374145507812,0.0,0.0,0.0,0.0,0.0,135.01278686523438,0.0,0.0,0.0,0.0,0.0,0.0,0.0,0.0,0.0,0.0,0.0,0.0,0.0,0.0,0.0,0.0,0.0,0.0,0.0,0.0,27.471521377563477,0.0,0.0,0.0
1.0,0.0,123.03770446777344,0.0,0.0,0.0,0.0,0.0,132.376953125,0.0,0.0,0.0,0.0,0.0,0.0,0.0,0.0,0.0,0.0,0.0,0.0,0.0,0.0,0.0,0.0,0.0,0.0,0.0,0.0,29.85053825378418,0.0,0.0,0.0
3.0,0.0,160.87295532226562,0.0,0.0,0.0,0.0,0.0,170.6541748046875,0.0,0.0,0.0,0.0,0.0,0.0,0.0,0.0,0.0,0.0,0.0,0.0,0.0,0.0,0.0,0.0,0.0,0.0,0.0,0.0,41.91968536376953,0.0,0.0,0.0
1.0,0.0,119.9066390991211,0.0,0.0,0.0,0.0,0.0,126.95831298828125,0.0,0.0,0.0,0.0,0.0,0.0,0.0,0.0,0.0,0.0,0.0,0.0,0.0,0.0,0.0,0.0,0.0,0.0,0.0,0.0,26.573713302612305,0.0,0.0,0.0
7.0,0.0,143.5237579345703,0.0,0.0,0.0,0.0,0.0,152.68870544433594,0.0,0.0,0.0,0.0,0.0,0.0,0.0,0.0,0.0,0.0,0.0,0.0,0.0,0.0,0.0,0.0,0.0,0.0,0.0,0.0,34.85321044921875,0.0,0.0,0.0
7.0,0.0,126.9426040649414,0.0,0.0,0.0,0.0,0.0,132.7407684326172,0.0,0.0,0.0,0.0,0.0,0.0,0.0,0.0,0.0,0.0,0.0,0.0,0.0,0.0,0.0,0.0,0.0,0.0,0.0,0.0,26.247119903564453,0.0,0.0,0.0
5.0,0.0,148.1205291748047,0.0,0.0,0.0,0.0,0.0,158.56820678710938,0.0,0.0,0.0,0.0,0.0,0.0,0.0,0.0,0.0,0.0,0.0,0.0,0.0,0.0,0.0,0.0,0.0,0.0,0.0,0.0,37.69786834716797,0.0,0.0,0.0
7.0,0.0,107.5219955444336,0.0,0.0,0.0,0.0,0.0,116.04588317871094,0.0,0.0,0.0,0.0,0.0,0.0,0.0,0.0,0.0,0.0,0.0,0.0,0.0,0.0,0.0,0.0,0.0,0.0,0.0,0.0,24.080324172973633,0.0,0.0,0.0
5.0,0.0,128.52706909179688,0.0,0.0,0.0,0.0,0.0,138.25856018066406,0.0,0.0,0.0,0.0,0.0,0.0,0.0,0.0,0.0,0.0,0.0,0.0,0.0,0.0,0.0,0.0,0.0,0.0,0.0,0.0,31.574033737182617,0.0,0.0,0.0
7.0,0.0,105.54191589355469,0.0,0.0,0.0,0.0,0.0,113.24018859863281,0.0,0.0,0.0,0.0,0.0,0.0,0.0,0.0,0.0,0.0,0.0,0.0,0.0,0.0,0.0,0.0,0.0,0.0,0.0,0.0,22.927825927734375,0.0,0.0,0.0
6.0,0.0,120.81368255615234,0.0,0.0,0.0,0.0,0.0,127.73526000976562,0.0,0.0,0.0,0.0,0.0,0.0,0.0,0.0,0.0,0.0,0.0,0.0,0.0,0.0,0.0,0.0,0.0,0.0,0.0,0.0,26.304983139038086,0.0,0.0,0.0
6.0,0.0,142.9247283935547,0.0,0.0,0.0,0.0,0.0,153.9091796875,0.0,0.0,0.0,0.0,0.0,0.0,0.0,0.0,0.0,0.0,0.0,0.0,0.0,0.0,0.0,0.0,0.0,0.0,0.0,0.0,36.31561279296875,0.0,0.0,0.0
6.0,0.0,132.22531127929688,0.0,0.0,0.0,0.0,0.0,142.42800903320312,0.0,0.0,0.0,0.0,0.0,0.0,0.0,0.0,0.0,0.0,0.0,0.0,0.0,0.0,0.0,0.0,0.0,0.0,0.0,0.0,33.02448272705078,0.0,0.0,0.0
7.0,0.0,122.89269256591797,0.0,0.0,0.0,0.0,0.0,128.70668029785156,0.0,0.0,0.0,0.0,0.0,0.0,0.0,0.0,0.0,0.0,0.0,0.0,0.0,0.0,0.0,0.0,0.0,0.0,0.0,0.0,25.112470626831055,0.0,0.0,0.0
1.0,0.0,127.52698516845703,0.0,0.0,0.0,0.0,0.0,137.7060546875,0.0,0.0,0.0,0.0,0.0,0.0,0.0,0.0,0.0,0.0,0.0,0.0,0.0,0.0,0.0,0.0,0.0,0.0,0.0,0.0,31.66704559326172,0.0,0.0,0.0
3.0,0.0,158.3772735595703,0.0,0.0,0.0,0.0,0.0,167.5424041748047,0.0,0.0,0.0,0.0,0.0,0.0,0.0,0.0,0.0,0.0,0.0,0.0,0.0,0.0,0.0,0.0,0.0,0.0,0.0,0.0,44.019142150878906,0.0,0.0,0.0
1.0,0.0,113.63726043701172,0.0,0.0,0.0,0.0,0.0,120.64322662353516,0.0,0.0,0.0,0.0,0.0,0.0,0.0,0.0,0.0,0.0,0.0,0.0,0.0,0.0,0.0,0.0,0.0,0.0,0.0,0.0,24.9644832611084,0.0,0.0,0.0
7.0,0.0,146.54299926757812,0.0,0.0,0.0,0.0,0.0,153.85511779785156,0.0,0.0,0.0,0.0,0.0,0.0,0.0,0.0,0.0,0.0,0.0,0.0,0.0,0.0,0.0,0.0,0.0,0.0,0.0,0.0,33.69934844970703,0.0,0.0,0.0
7.0,0.0,119.4188461303711,0.0,0.0,0.0,0.0,0.0,125.08931732177734,0.0,0.0,0.0,0.0,0.0,0.0,0.0,0.0,0.0,0.0,0.0,0.0,0.0,0.0,0.0,0.0,0.0,0.0,0.0,0.0,24.341556549072266,0.0,0.0,0.0
5.0,0.0,146.3101043701172,0.0,0.0,0.0,0.0,0.0,156.73101806640625,0.0,0.0,0.0,0.0,0.0,0.0,0.0,0.0,0.0,0.0,0.0,0.0,0.0,0.0,0.0,0.0,0.0,0.0,0.0,0.0,37.087982177734375,0.0,0.0,0.0
7.0,0.0,118.38140106201172,0.0,0.0,0.0,0.0,0.0,124.73538970947266,0.0,0.0,0.0,0.0,0.0,0.0,0.0,0.0,0.0,0.0,0.0,0.0,0.0,0.0,0.0,0.0,0.0,0.0,0.0,0.0,24.629255294799805,0.0,0.0,0.0
5.0,0.0,123.6115951538086,0.0,0.0,0.0,0.0,0.0,132.6298065185547,0.0,0.0,0.0,0.0,0.0,0.0,0.0,0.0,0.0,0.0,0.0,0.0,0.0,0.0,0.0,0.0,0.0,0.0,0.0,0.0,29.30980110168457,0.0,0.0,0.0
7.0,0.0,116.97309875488281,0.0,0.0,0.0,0.0,0.0,124.6729965209961,0.0,0.0,0.0,0.0,0.0,0.0,0.0,0.0,0.0,0.0,0.0,0.0,0.0,0.0,0.0,0.0,0.0,0.0,0.0,0.0,25.34747886657715,0.0,0.0,0.0
6.0,0.0,120.14582061767578,0.0,0.0,0.0,0.0,0.0,127.0893783569336,0.0,0.0,0.0,0.0,0.0,0.0,0.0,0.0,0.0,0.0,0.0,0.0,0.0,0.0,0.0,0.0,0.0,0.0,0.0,0.0,26.133333206176758,0.0,0.0,0.0
6.0,0.0,135.77110290527344,0.0,0.0,0.0,0.0,0.0,146.51268005371094,0.0,0.0,0.0,0.0,0.0,0.0,0.0,0.0,0.0,0.0,0.0,0.0,0.0,0.0,0.0,0.0,0.0,0.0,0.0,0.0,33.916324615478516,0.0,0.0,0.0
4.0,0.0,131.00094604492188,0.0,0.0,0.0,0.0,0.0,141.20712280273438,0.0,0.0,0.0,0.0,0.0,0.0,0.0,0.0,0.0,0.0,0.0,0.0,0.0,0.0,0.0,0.0,0.0,0.0,0.0,0.0,32.68999481201172,0.0,0.0,0.0
7.0,0.0,117.100830078125,0.0,0.0,0.0,0.0,0.0,122.78141021728516,0.0,0.0,0.0,0.0,0.0,0.0,0.0,0.0,0.0,0.0,0.0,0.0,0.0,0.0,0.0,0.0,0.0,0.0,0.0,0.0,23.63145637512207,0.0,0.0,0.0
1.0,0.0,133.6836700439453,0.0,0.0,0.0,0.0,0.0,143.1975860595703,0.0,0.0,0.0,0.0,0.0,0.0,0.0,0.0,0.0,0.0,0.0,0.0,0.0,0.0,0.0,0.0,0.0,0.0,0.0,0.0,33.123207092285156,0.0,0.0,0.0
3.0,0.0,157.6501007080078,0.0,0.0,0.0,0.0,0.0,166.86077880859375,0.0,0.0,0.0,0.0,0.0,0.0,0.0,0.0,0.0,0.0,0.0,0.0,0.0,0.0,0.0,0.0,0.0,0.0,0.0,0.0,43.73759460449219,0.0,0.0,0.0
1.0,0.0,112.70488739013672,0.0,0.0,0.0,0.0,0.0,119.0506362915039,0.0,0.0,0.0,0.0,0.0,0.0,0.0,0.0,0.0,0.0,0.0,0.0,0.0,0.0,0.0,0.0,0.0,0.0,0.0,0.0,23.820871353149414,0.0,0.0,0.0
7.0,0.0,145.8383331298828,0.0,0.0,0.0,0.0,0.0,153.1533203125,0.0,0.0,0.0,0.0,0.0,0.0,0.0,0.0,0.0,0.0,0.0,0.0,0.0,0.0,0.0,0.0,0.0,0.0,0.0,0.0,33.50397491455078,0.0,0.0,0.0
7.0,0.0,118.96427917480469,0.0,0.0,0.0,0.0,0.0,124.63876342773438,0.0,0.0,0.0,0.0,0.0,0.0,0.0,0.0,0.0,0.0,0.0,0.0,0.0,0.0,0.0,0.0,0.0,0.0,0.0,0.0,24.224206924438477,0.0,0.0,0.0
3.0,0.0,138.65162658691406,0.0,0.0,0.0,0.0,0.0,148.5128936767578,0.0,0.0,0.0,0.0,0.0,0.0,0.0,0.0,0.0,0.0,0.0,0.0,0.0,0.0,0.0,0.0,0.0,0.0,0.0,0.0,34.63691329956055,0.0,0.0,0.0
7.0,0.0,105.25626373291016,0.0,0.0,0.0,0.0,0.0,113.14978790283203,0.0,0.0,0.0,0.0,0.0,0.0,0.0,0.0,0.0,0.0,0.0,0.0,0.0,0.0,0.0,0.0,0.0,0.0,0.0,0.0,22.787324905395508,0.0,0.0,0.0
5.0,0.0,118.38933563232422,0.0,0.0,0.0,0.0,0.0,126.42560577392578,0.0,0.0,0.0,0.0,0.0,0.0,0.0,0.0,0.0,0.0,0.0,0.0,0.0,0.0,0.0,0.0,0.0,0.0,0.0,0.0,26.789810180664062,0.0,0.0,0.0
3.0,0.0,120.74390411376953,0.0,0.0,0.0,0.0,0.0,126.65685272216797,0.0,0.0,0.0,0.0,0.0,0.0,0.0,0.0,0.0,0.0,0.0,0.0,0.0,0.0,0.0,0.0,0.0,0.0,0.0,0.0,24.731428146362305,0.0,0.0,0.0
6.0,0.0,117.1935043334961,0.0,0.0,0.0,0.0,0.0,123.42703247070312,0.0,0.0,0.0,0.0,0.0,0.0,0.0,0.0,0.0,0.0,0.0,0.0,0.0,0.0,0.0,0.0,0.0,0.0,0.0,0.0,24.553239822387695,0.0,0.0,0.0
6.0,0.0,127.8612289428711,0.0,0.0,0.0,0.0,0.0,137.82827758789062,0.0,0.0,0.0,0.0,0.0,0.0,0.0,0.0,0.0,0.0,0.0,0.0,0.0,0.0,0.0,0.0,0.0,0.0,0.0,0.0,31.315610885620117,0.0,0.0,0.0
1.0,0.0,132.70875549316406,0.0,0.0,0.0,0.0,0.0,142.96771240234375,0.0,0.0,0.0,0.0,0.0,0.0,0.0,0.0,0.0,0.0,0.0,0.0,0.0,0.0,0.0,0.0,0.0,0.0,0.0,0.0,33.16572189331055,0.0,0.0,0.0
7.0,0.0,116.6556625366211,0.0,0.0,0.0,0.0,0.0,122.33378601074219,0.0,0.0,0.0,0.0,0.0,0.0,0.0,0.0,0.0,0.0,0.0,0.0,0.0,0.0,0.0,0.0,0.0,0.0,0.0,0.0,23.5133113861084,0.0,0.0,0.0
1.0,0.0,125.51659393310547,0.0,0.0,0.0,0.0,0.0,135.57717895507812,0.0,0.0,0.0,0.0,0.0,0.0,0.0,0.0,0.0,0.0,0.0,0.0,0.0,0.0,0.0,0.0,0.0,0.0,0.0,0.0,31.170446395874023,0.0,0.0,0.0
6.0,0.0,160.31504821777344,0.0,0.0,0.0,0.0,0.0,170.4566650390625,0.0,0.0,0.0,0.0,0.0,0.0,0.0,0.0,0.0,0.0,0.0,0.0,0.0,0.0,0.0,0.0,0.0,0.0,0.0,0.0,41.577880859375,0.0,0.0,0.0
4.0,0.0,115.77479553222656,0.0,0.0,0.0,0.0,0.0,122.08837127685547,0.0,0.0,0.0,0.0,0.0,0.0,0.0,0.0,0.0,0.0,0.0,0.0,0.0,0.0,0.0,0.0,0.0,0.0,0.0,0.0,24.33827018737793,0.0,0.0,0.0
7.0,0.0,149.16685485839844,0.0,0.0,0.0,0.0,0.0,155.6025390625,0.0,0.0,0.0,0.0,0.0,0.0,0.0,0.0,0.0,0.0,0.0,0.0,0.0,0.0,0.0,0.0,0.0,0.0,0.0,0.0,33.12773895263672,0.0,0.0,0.0
7.0,0.0,115.6446762084961,0.0,0.0,0.0,0.0,0.0,123.91010284423828,0.0,0.0,0.0,0.0,0.0,0.0,0.0,0.0,0.0,0.0,0.0,0.0,0.0,0.0,0.0,0.0,0.0,0.0,0.0,0.0,26.048070907592773,0.0,0.0,0.0
3.0,0.0,146.60630798339844,0.0,0.0,0.0,0.0,0.0,157.15533447265625,0.0,0.0,0.0,0.0,0.0,0.0,0.0,0.0,0.0,0.0,0.0,0.0,0.0,0.0,0.0,0.0,0.0,0.0,0.0,0.0,37.26289749145508,0.0,0.0,0.0
7.0,0.0,110.24181365966797,0.0,0.0,0.0,0.0,0.0,119.08770751953125,0.0,0.0,0.0,0.0,0.0,0.0,0.0,0.0,0.0,0.0,0.0,0.0,0.0,0.0,0.0,0.0,0.0,0.0,0.0,0.0,24.90899085998535,0.0,0.0,0.0
5.0,0.0,124.25243377685547,0.0,0.0,0.0,0.0,0.0,133.35098266601562,0.0,0.0,0.0,0.0,0.0,0.0,0.0,0.0,0.0,0.0,0.0,0.0,0.0,0.0,0.0,0.0,0.0,0.0,0.0,0.0,29.497323989868164,0.0,0.0,0.0
3.0,0.0,116.99552154541016,0.0,0.0,0.0,0.0,0.0,122.99873352050781,0.0,0.0,0.0,0.0,0.0,0.0,0.0,0.0,0.0,0.0,0.0,0.0,0.0,0.0,0.0,0.0,0.0,0.0,0.0,0.0,24.43230628967285,0.0,0.0,0.0
6.0,0.0,119.32389068603516,0.0,0.0,0.0,0.0,0.0,126.34697723388672,0.0,0.0,0.0,0.0,0.0,0.0,0.0,0.0,0.0,0.0,0.0,0.0,0.0,0.0,0.0,0.0,0.0,0.0,0.0,0.0,25.996858596801758,0.0,0.0,0.0
6.0,0.0,133.89378356933594,0.0,0.0,0.0,0.0,0.0,144.6521453857422,0.0,0.0,0.0,0.0,0.0,0.0,0.0,0.0,0.0,0.0,0.0,0.0,0.0,0.0,0.0,0.0,0.0,0.0,0.0,0.0,33.446022033691406,0.0,0.0,0.0
1.0,0.0,127.84270477294922,0.0,0.0,0.0,0.0,0.0,138.08694458007812,0.0,0.0,0.0,0.0,0.0,0.0,0.0,0.0,0.0,0.0,0.0,0.0,0.0,0.0,0.0,0.0,0.0,0.0,0.0,0.0,31.80031394958496,0.0,0.0,0.0
7.0,0.0,111.0531997680664,0.0,0.0,0.0,0.0,0.0,119.23314666748047,0.0,0.0,0.0,0.0,0.0,0.0,0.0,0.0,0.0,0.0,0.0,0.0,0.0,0.0,0.0,0.0,0.0,0.0,0.0,0.0,24.521530151367188,0.0,0.0,0.0
6.0,0.0,129.8389129638672,0.0,0.0,0.0,0.0,0.0,140.2154083251953,0.0,0.0,0.0,0.0,0.0,0.0,0.0,0.0,0.0,0.0,0.0,0.0,0.0,0.0,0.0,0.0,0.0,0.0,0.0,0.0,32.428077697753906,0.0,0.0,0.0
6.0,0.0,154.7514190673828,0.0,0.0,0.0,0.0,0.0,165.27854919433594,0.0,0.0,0.0,0.0,0.0,0.0,0.0,0.0,0.0,0.0,0.0,0.0,0.0,0.0,0.0,0.0,0.0,0.0,0.0,0.0,41.07025146484375,0.0,0.0,0.0
5.0,0.0,119.32784271240234,0.0,0.0,0.0,0.0,0.0,126.57101440429688,0.0,0.0,0.0,0.0,0.0,0.0,0.0,0.0,0.0,0.0,0.0,0.0,0.0,0.0,0.0,0.0,0.0,0.0,0.0,0.0,26.301668167114258,0.0,0.0,0.0
6.0,0.0,154.31759643554688,0.0,0.0,0.0,0.0,0.0,162.0238800048828,0.0,0.0,0.0,0.0,0.0,0.0,0.0,0.0,0.0,0.0,0.0,0.0,0.0,0.0,0.0,0.0,0.0,0.0,0.0,0.0,36.19355773925781,0.0,0.0,0.0
7.0,0.0,121.99423217773438,0.0,0.0,0.0,0.0,0.0,131.34857177734375,0.0,0.0,0.0,0.0,0.0,0.0,0.0,0.0,0.0,0.0,0.0,0.0,0.0,0.0,0.0,0.0,0.0,0.0,0.0,0.0,29.013914108276367,0.0,0.0,0.0
3.0,0.0,148.5885772705078,0.0,0.0,0.0,0.0,0.0,159.19244384765625,0.0,0.0,0.0,0.0,0.0,0.0,0.0,0.0,0.0,0.0,0.0,0.0,0.0,0.0,0.0,0.0,0.0,0.0,0.0,0.0,37.99846267700195,0.0,0.0,0.0
7.0,0.0,114.9003677368164,0.0,0.0,0.0,0.0,0.0,124.0086898803711,0.0,0.0,0.0,0.0,0.0,0.0,0.0,0.0,0.0,0.0,0.0,0.0,0.0,0.0,0.0,0.0,0.0,0.0,0.0,0.0,26.581735610961914,0.0,0.0,0.0
5.0,0.0,127.9400405883789,0.0,0.0,0.0,0.0,0.0,137.13540649414062,0.0,0.0,0.0,0.0,0.0,0.0,0.0,0.0,0.0,0.0,0.0,0.0,0.0,0.0,0.0,0.0,0.0,0.0,0.0,0.0,30.763662338256836,0.0,0.0,0.0
2.0,0.0,121.0369644165039,0.0,0.0,0.0,0.0,0.0,128.95358276367188,0.0,0.0,0.0,0.0,0.0,0.0,0.0,0.0,0.0,0.0,0.0,0.0,0.0,0.0,0.0,0.0,0.0,0.0,0.0,0.0,27.483707427978516,0.0,0.0,0.0
2.0,0.0,119.23865509033203,0.0,0.0,0.0,0.0,0.0,126.27100372314453,0.0,0.0,0.0,0.0,0.0,0.0,0.0,0.0,0.0,0.0,0.0,0.0,0.0,0.0,0.0,0.0,0.0,0.0,0.0,0.0,26.03542137145996,0.0,0.0,0.0
6.0,0.0,139.1623992919922,0.0,0.0,0.0,0.0,0.0,149.88674926757812,0.0,0.0,0.0,0.0,0.0,0.0,0.0,0.0,0.0,0.0,0.0,0.0,0.0,0.0,0.0,0.0,0.0,0.0,0.0,0.0,34.97658157348633,0.0,0.0,0.0
4.0,0.0,130.4589385986328,0.0,0.0,0.0,0.0,0.0,141.27728271484375,0.0,0.0,0.0,0.0,0.0,0.0,0.0,0.0,0.0,0.0,0.0,0.0,0.0,0.0,0.0,0.0,0.0,0.0,0.0,0.0,32.82095718383789,0.0,0.0,0.0
7.0,0.0,114.80061340332031,0.0,0.0,0.0,0.0,0.0,123.9428939819336,0.0,0.0,0.0,0.0,0.0,0.0,0.0,0.0,0.0,0.0,0.0,0.0,0.0,0.0,0.0,0.0,0.0,0.0,0.0,0.0,26.52943992614746,0.0,0.0,0.0
6.0,0.0,124.86687469482422,0.0,0.0,0.0,0.0,0.0,134.5393524169922,0.0,0.0,0.0,0.0,0.0,0.0,0.0,0.0,0.0,0.0,0.0,0.0,0.0,0.0,0.0,0.0,0.0,0.0,0.0,0.0,30.649951934814453,0.0,0.0,0.0
6.0,0.0,158.28024291992188,0.0,0.0,0.0,0.0,0.0,168.43922424316406,0.0,0.0,0.0,0.0,0.0,0.0,0.0,0.0,0.0,0.0,0.0,0.0,0.0,0.0,0.0,0.0,0.0,0.0,0.0,0.0,40.98933410644531,0.0,0.0,0.0
5.0,0.0,117.17792510986328,0.0,0.0,0.0,0.0,0.0,123.61939239501953,0.0,0.0,0.0,0.0,0.0,0.0,0.0,0.0,0.0,0.0,0.0,0.0,0.0,0.0,0.0,0.0,0.0,0.0,0.0,0.0,24.80410385131836,0.0,0.0,0.0
6.0,0.0,157.34852600097656,0.0,0.0,0.0,0.0,0.0,164.7918701171875,0.0,0.0,0.0,0.0,0.0,0.0,0.0,0.0,0.0,0.0,0.0,0.0,0.0,0.0,0.0,0.0,0.0,0.0,0.0,0.0,37.124183654785156,0.0,0.0,0.0
7.0,0.0,114.54840850830078,0.0,0.0,0.0,0.0,0.0,122.7973403930664,0.0,0.0,0.0,0.0,0.0,0.0,0.0,0.0,0.0,0.0,0.0,0.0,0.0,0.0,0.0,0.0,0.0,0.0,0.0,0.0,25.771448135375977,0.0,0.0,0.0
3.0,0.0,141.14346313476562,0.0,0.0,0.0,0.0,0.0,151.07969665527344,0.0,0.0,0.0,0.0,0.0,0.0,0.0,0.0,0.0,0.0,0.0,0.0,0.0,0.0,0.0,0.0,0.0,0.0,0.0,0.0,35.395606994628906,0.0,0.0,0.0
7.0,0.0,111.08857727050781,0.0,0.0,0.0,0.0,0.0,119.29418182373047,0.0,0.0,0.0,0.0,0.0,0.0,0.0,0.0,0.0,0.0,0.0,0.0,0.0,0.0,0.0,0.0,0.0,0.0,0.0,0.0,24.63167381286621,0.0,0.0,0.0
5.0,0.0,122.36322021484375,0.0,0.0,0.0,0.0,0.0,130.64480590820312,0.0,0.0,0.0,0.0,0.0,0.0,0.0,0.0,0.0,0.0,0.0,0.0,0.0,0.0,0.0,0.0,0.0,0.0,0.0,0.0,28.180742263793945,0.0,0.0,0.0
4.0,0.0,110.70406341552734,0.0,0.0,0.0,0.0,0.0,117.59810638427734,0.0,0.0,0.0,0.0,0.0,0.0,0.0,0.0,0.0,0.0,0.0,0.0,0.0,0.0,0.0,0.0,0.0,0.0,0.0,0.0,23.902565002441406,0.0,0.0,0.0
6.0,0.0,116.1302719116211,0.0,0.0,0.0,0.0,0.0,122.4773178100586,0.0,0.0,0.0,0.0,0.0,0.0,0.0,0.0,0.0,0.0,0.0,0.0,0.0,0.0,0.0,0.0,0.0,0.0,0.0,0.0,24.453645706176758,0.0,0.0,0.0
6.0,0.0,129.64920043945312,0.0,0.0,0.0,0.0,0.0,139.74945068359375,0.0,0.0,0.0,0.0,0.0,0.0,0.0,0.0,0.0,0.0,0.0,0.0,0.0,0.0,0.0,0.0,0.0,0.0,0.0,0.0,32.030967712402344,0.0,0.0,0.0
4.0,0.0,132.0005340576172,0.0,0.0,0.0,0.0,0.0,142.34579467773438,0.0,0.0,0.0,0.0,0.0,0.0,0.0,0.0,0.0,0.0,0.0,0.0,0.0,0.0,0.0,0.0,0.0,0.0,0.0,0.0,33.02355194091797,0.0,0.0,0.0
7.0,0.0,109.95577239990234,0.0,0.0,0.0,0.0,0.0,118.10079956054688,0.0,0.0,0.0,0.0,0.0,0.0,0.0,0.0,0.0,0.0,0.0,0.0,0.0,0.0,0.0,0.0,0.0,0.0,0.0,0.0,24.227815628051758,0.0,0.0,0.0
6.0,0.0,124.04002380371094,0.0,0.0,0.0,0.0,0.0,133.71218872070312,0.0,0.0,0.0,0.0,0.0,0.0,0.0,0.0,0.0,0.0,0.0,0.0,0.0,0.0,0.0,0.0,0.0,0.0,0.0,0.0,30.407007217407227,0.0,0.0,0.0
6.0,0.0,158.34938049316406,0.0,0.0,0.0,0.0,0.0,168.7317352294922,0.0,0.0,0.0,0.0,0.0,0.0,0.0,0.0,0.0,0.0,0.0,0.0,0.0,0.0,0.0,0.0,0.0,0.0,0.0,0.0,41.163021087646484,0.0,0.0,0.0
5.0,0.0,117.7936782836914,0.0,0.0,0.0,0.0,0.0,124.33338928222656,0.0,0.0,0.0,0.0,0.0,0.0,0.0,0.0,0.0,0.0,0.0,0.0,0.0,0.0,0.0,0.0,0.0,0.0,0.0,0.0,25.065004348754883,0.0,0.0,0.0
6.0,0.0,156.75892639160156,0.0,0.0,0.0,0.0,0.0,164.22073364257812,0.0,0.0,0.0,0.0,0.0,0.0,0.0,0.0,0.0,0.0,0.0,0.0,0.0,0.0,0.0,0.0,0.0,0.0,0.0,0.0,36.96516418457031,0.0,0.0,0.0
7.0,0.0,113.77874755859375,0.0,0.0,0.0,0.0,0.0,121.98059844970703,0.0,0.0,0.0,0.0,0.0,0.0,0.0,0.0,0.0,0.0,0.0,0.0,0.0,0.0,0.0,0.0,0.0,0.0,0.0,0.0,25.473581314086914,0.0,0.0,0.0
3.0,0.0,147.4734344482422,0.0,0.0,0.0,0.0,0.0,158.0516357421875,0.0,0.0,0.0,0.0,0.0,0.0,0.0,0.0,0.0,0.0,0.0,0.0,0.0,0.0,0.0,0.0,0.0,0.0,0.0,0.0,37.56632995605469,0.0,0.0,0.0
7.0,0.0,118.64513397216797,0.0,0.0,0.0,0.0,0.0,127.9419937133789,0.0,0.0,0.0,0.0,0.0,0.0,0.0,0.0,0.0,0.0,0.0,0.0,0.0,0.0,0.0,0.0,0.0,0.0,0.0,0.0,27.845911026000977,0.0,0.0,0.0
5.0,0.0,122.57679748535156,0.0,0.0,0.0,0.0,0.0,131.570068359375,0.0,0.0,0.0,0.0,0.0,0.0,0.0,0.0,0.0,0.0,0.0,0.0,0.0,0.0,0.0,0.0,0.0,0.0,0.0,0.0,28.98141098022461,0.0,0.0,0.0
4.0,0.0,112.32445526123047,0.0,0.0,0.0,0.0,0.0,120.16473388671875,0.0,0.0,0.0,0.0,0.0,0.0,0.0,0.0,0.0,0.0,0.0,0.0,0.0,0.0,0.0,0.0,0.0,0.0,0.0,0.0,25.47974967956543,0.0,0.0,0.0
6.0,0.0,117.7928237915039,0.0,0.0,0.0,0.0,0.0,124.8364486694336,0.0,0.0,0.0,0.0,0.0,0.0,0.0,0.0,0.0,0.0,0.0,0.0,0.0,0.0,0.0,0.0,0.0,0.0,0.0,0.0,25.591968536376953,0.0,0.0,0.0
6.0,0.0,137.56495666503906,0.0,0.0,0.0,0.0,0.0,148.34591674804688,0.0,0.0,0.0,0.0,0.0,0.0,0.0,0.0,0.0,0.0,0.0,0.0,0.0,0.0,0.0,0.0,0.0,0.0,0.0,0.0,34.55537033081055,0.0,0.0,0.0
4.0,0.0,129.2919464111328,0.0,0.0,0.0,0.0,0.0,139.59413146972656,0.0,0.0,0.0,0.0,0.0,0.0,0.0,0.0,0.0,0.0,0.0,0.0,0.0,0.0,0.0,0.0,0.0,0.0,0.0,0.0,32.28013610839844,0.0,0.0,0.0
7.0,0.0,109.37269592285156,0.0,0.0,0.0,0.0,0.0,117.47747802734375,0.0,0.0,0.0,0.0,0.0,0.0,0.0,0.0,0.0,0.0,0.0,0.0,0.0,0.0,0.0,0.0,0.0,0.0,0.0,0.0,23.985689163208008,0.0,0.0,0.0
6.0,0.0,123.68347930908203,0.0,0.0,0.0,0.0,0.0,133.91201782226562,0.0,0.0,0.0,0.0,0.0,0.0,0.0,0.0,0.0,0.0,0.0,0.0,0.0,0.0,0.0,0.0,0.0,0.0,0.0,0.0,30.54240608215332,0.0,0.0,0.0
6.0,0.0,161.14242553710938,0.0,0.0,0.0,0.0,0.0,171.33322143554688,0.0,0.0,0.0,0.0,0.0,0.0,0.0,0.0,0.0,0.0,0.0,0.0,0.0,0.0,0.0,0.0,0.0,0.0,0.0,0.0,43.56947326660156,0.0,0.0,0.0
5.0,0.0,117.38595581054688,0.0,0.0,0.0,0.0,0.0,123.93878936767578,0.0,0.0,0.0,0.0,0.0,0.0,0.0,0.0,0.0,0.0,0.0,0.0,0.0,0.0,0.0,0.0,0.0,0.0,0.0,0.0,24.954275131225586,0.0,0.0,0.0
6.0,0.0,160.0926055908203,0.0,0.0,0.0,0.0,0.0,168.35919189453125,0.0,0.0,0.0,0.0,0.0,0.0,0.0,0.0,0.0,0.0,0.0,0.0,0.0,0.0,0.0,0.0,0.0,0.0,0.0,0.0,38.82823944091797,0.0,0.0,0.0
7.0,0.0,123.45166015625,0.0,0.0,0.0,0.0,0.0,129.33416748046875,0.0,0.0,0.0,0.0,0.0,0.0,0.0,0.0,0.0,0.0,0.0,0.0,0.0,0.0,0.0,0.0,0.0,0.0,0.0,0.0,25.42613410949707,0.0,0.0,0.0
3.0,0.0,146.5243377685547,0.0,0.0,0.0,0.0,0.0,157.11964416503906,0.0,0.0,0.0,0.0,0.0,0.0,0.0,0.0,0.0,0.0,0.0,0.0,0.0,0.0,0.0,0.0,0.0,0.0,0.0,0.0,37.33119583129883,0.0,0.0,0.0
7.0,0.0,118.76697540283203,0.0,0.0,0.0,0.0,0.0,128.11477661132812,0.0,0.0,0.0,0.0,0.0,0.0,0.0,0.0,0.0,0.0,0.0,0.0,0.0,0.0,0.0,0.0,0.0,0.0,0.0,0.0,27.970067977905273,0.0,0.0,0.0
5.0,0.0,122.15901184082031,0.0,0.0,0.0,0.0,0.0,131.1809539794922,0.0,0.0,0.0,0.0,0.0,0.0,0.0,0.0,0.0,0.0,0.0,0.0,0.0,0.0,0.0,0.0,0.0,0.0,0.0,0.0,28.874900817871094,0.0,0.0,0.0
4.0,0.0,111.90278625488281,0.0,0.0,0.0,0.0,0.0,119.75211334228516,0.0,0.0,0.0,0.0,0.0,0.0,0.0,0.0,0.0,0.0,0.0,0.0,0.0,0.0,0.0,0.0,0.0,0.0,0.0,0.0,25.357738494873047,0.0,0.0,0.0
6.0,0.0,117.45500183105469,0.0,0.0,0.0,0.0,0.0,124.52861785888672,0.0,0.0,0.0,0.0,0.0,0.0,0.0,0.0,0.0,0.0,0.0,0.0,0.0,0.0,0.0,0.0,0.0,0.0,0.0,0.0,25.52535057067871,0.0,0.0,0.0
6.0,0.0,134.72312927246094,0.0,0.0,0.0,0.0,0.0,145.59408569335938,0.0,0.0,0.0,0.0,0.0,0.0,0.0,0.0,0.0,0.0,0.0,0.0,0.0,0.0,0.0,0.0,0.0,0.0,0.0,0.0,33.786075592041016,0.0,0.0,0.0
4.0,0.0,128.97103881835938,0.0,0.0,0.0,0.0,0.0,139.28192138671875,0.0,0.0,0.0,0.0,0.0,0.0,0.0,0.0,0.0,0.0,0.0,0.0,0.0,0.0,0.0,0.0,0.0,0.0,0.0,0.0,32.187774658203125,0.0,0.0,0.0
7.0,0.0,120.55865478515625,0.0,0.0,0.0,0.0,0.0,126.4258041381836,0.0,0.0,0.0,0.0,0.0,0.0,0.0,0.0,0.0,0.0,0.0,0.0,0.0,0.0,0.0,0.0,0.0,0.0,0.0,0.0,24.554468154907227,0.0,0.0,0.0
6.0,0.0,124.27819061279297,0.0,0.0,0.0,0.0,0.0,134.54043579101562,0.0,0.0,0.0,0.0,0.0,0.0,0.0,0.0,0.0,0.0,0.0,0.0,0.0,0.0,0.0,0.0,0.0,0.0,0.0,0.0,30.693233489990234,0.0,0.0,0.0
6.0,0.0,160.72511291503906,0.0,0.0,0.0,0.0,0.0,170.9954833984375,0.0,0.0,0.0,0.0,0.0,0.0,0.0,0.0,0.0,0.0,0.0,0.0,0.0,0.0,0.0,0.0,0.0,0.0,0.0,0.0,43.37968063354492,0.0,0.0,0.0
5.0,0.0,119.8740234375,0.0,0.0,0.0,0.0,0.0,127.31395721435547,0.0,0.0,0.0,0.0,0.0,0.0,0.0,0.0,0.0,0.0,0.0,0.0,0.0,0.0,0.0,0.0,0.0,0.0,0.0,0.0,26.57105255126953,0.0,0.0,0.0
6.0,0.0,154.6874237060547,0.0,0.0,0.0,0.0,0.0,162.12591552734375,0.0,0.0,0.0,0.0,0.0,0.0,0.0,0.0,0.0,0.0,0.0,0.0,0.0,0.0,0.0,0.0,0.0,0.0,0.0,0.0,36.41783142089844,0.0,0.0,0.0
7.0,0.0,123.19989013671875,0.0,0.0,0.0,0.0,0.0,132.56019592285156,0.0,0.0,0.0,0.0,0.0,0.0,0.0,0.0,0.0,0.0,0.0,0.0,0.0,0.0,0.0,0.0,0.0,0.0,0.0,0.0,29.259458541870117,0.0,0.0,0.0
3.0,0.0,145.7515411376953,0.0,0.0,0.0,0.0,0.0,156.37045288085938,0.0,0.0,0.0,0.0,0.0,0.0,0.0,0.0,0.0,0.0,0.0,0.0,0.0,0.0,0.0,0.0,0.0,0.0,0.0,0.0,37.093624114990234,0.0,0.0,0.0
7.0,0.0,117.74442291259766,0.0,0.0,0.0,0.0,0.0,127.10254669189453,0.0,0.0,0.0,0.0,0.0,0.0,0.0,0.0,0.0,0.0,0.0,0.0,0.0,0.0,0.0,0.0,0.0,0.0,0.0,0.0,27.757516860961914,0.0,0.0,0.0
5.0,0.0,121.82746124267578,0.0,0.0,0.0,0.0,0.0,130.87014770507812,0.0,0.0,0.0,0.0,0.0,0.0,0.0,0.0,0.0,0.0,0.0,0.0,0.0,0.0,0.0,0.0,0.0,0.0,0.0,0.0,28.769750595092773,0.0,0.0,0.0
4.0,0.0,111.51695251464844,0.0,0.0,0.0,0.0,0.0,119.36865234375,0.0,0.0,0.0,0.0,0.0,0.0,0.0,0.0,0.0,0.0,0.0,0.0,0.0,0.0,0.0,0.0,0.0,0.0,0.0,0.0,25.236570358276367,0.0,0.0,0.0
6.0,0.0,117.24443817138672,0.0,0.0,0.0,0.0,0.0,124.3417739868164,0.0,0.0,0.0,0.0,0.0,0.0,0.0,0.0,0.0,0.0,0.0,0.0,0.0,0.0,0.0,0.0,0.0,0.0,0.0,0.0,25.468976974487305,0.0,0.0,0.0
6.0,0.0,134.44015502929688,0.0,0.0,0.0,0.0,0.0,145.34133911132812,0.0,0.0,0.0,0.0,0.0,0.0,0.0,0.0,0.0,0.0,0.0,0.0,0.0,0.0,0.0,0.0,0.0,0.0,0.0,0.0,33.68421936035156,0.0,0.0,0.0
4.0,0.0,124.84207916259766,0.0,0.0,0.0,0.0,0.0,134.950927734375,0.0,0.0,0.0,0.0,0.0,0.0,0.0,0.0,0.0,0.0,0.0,0.0,0.0,0.0,0.0,0.0,0.0,0.0,0.0,0.0,30.807823181152344,0.0,0.0,0.0
3.0,0.0,123.01815795898438,0.0,0.0,0.0,0.0,0.0,129.71153259277344,0.0,0.0,0.0,0.0,0.0,0.0,0.0,0.0,0.0,0.0,0.0,0.0,0.0,0.0,0.0,0.0,0.0,0.0,0.0,0.0,26.01688575744629,0.0,0.0,0.0
6.0,0.0,121.0982437133789,0.0,0.0,0.0,0.0,0.0,131.22433471679688,0.0,0.0,0.0,0.0,0.0,0.0,0.0,0.0,0.0,0.0,0.0,0.0,0.0,0.0,0.0,0.0,0.0,0.0,0.0,0.0,29.752750396728516,0.0,0.0,0.0
6.0,0.0,160.56118774414062,0.0,0.0,0.0,0.0,0.0,170.919677734375,0.0,0.0,0.0,0.0,0.0,0.0,0.0,0.0,0.0,0.0,0.0,0.0,0.0,0.0,0.0,0.0,0.0,0.0,0.0,0.0,43.25370407104492,0.0,0.0,0.0
5.0,0.0,119.51737976074219,0.0,0.0,0.0,0.0,0.0,126.98949432373047,0.0,0.0,0.0,0.0,0.0,0.0,0.0,0.0,0.0,0.0,0.0,0.0,0.0,0.0,0.0,0.0,0.0,0.0,0.0,0.0,26.489091873168945,0.0,0.0,0.0
6.0,0.0,153.90884399414062,0.0,0.0,0.0,0.0,0.0,161.34051513671875,0.0,0.0,0.0,0.0,0.0,0.0,0.0,0.0,0.0,0.0,0.0,0.0,0.0,0.0,0.0,0.0,0.0,0.0,0.0,0.0,36.193634033203125,0.0,0.0,0.0
6.0,0.0,125.75406646728516,0.0,0.0,0.0,0.0,0.0,135.21377563476562,0.0,0.0,0.0,0.0,0.0,0.0,0.0,0.0,0.0,0.0,0.0,0.0,0.0,0.0,0.0,0.0,0.0,0.0,0.0,0.0,30.09819984436035,0.0,0.0,0.0
3.0,0.0,146.33358764648438,0.0,0.0,0.0,0.0,0.0,157.01950073242188,0.0,0.0,0.0,0.0,0.0,0.0,0.0,0.0,0.0,0.0,0.0,0.0,0.0,0.0,0.0,0.0,0.0,0.0,0.0,0.0,37.24248504638672,0.0,0.0,0.0
7.0,0.0,120.34844207763672,0.0,0.0,0.0,0.0,0.0,128.22079467773438,0.0,0.0,0.0,0.0,0.0,0.0,0.0,0.0,0.0,0.0,0.0,0.0,0.0,0.0,0.0,0.0,0.0,0.0,0.0,0.0,26.939067840576172,0.0,0.0,0.0
5.0,0.0,120.68846893310547,0.0,0.0,0.0,0.0,0.0,129.80258178710938,0.0,0.0,0.0,0.0,0.0,0.0,0.0,0.0,0.0,0.0,0.0,0.0,0.0,0.0,0.0,0.0,0.0,0.0,0.0,0.0,28.47431755065918,0.0,0.0,0.0
5.0,0.0,111.2087173461914,0.0,0.0,0.0,0.0,0.0,119.0685043334961,0.0,0.0,0.0,0.0,0.0,0.0,0.0,0.0,0.0,0.0,0.0,0.0,0.0,0.0,0.0,0.0,0.0,0.0,0.0,0.0,25.13564682006836,0.0,0.0,0.0
5.0,0.0,117.0499267578125,0.0,0.0,0.0,0.0,0.0,124.17314910888672,0.0,0.0,0.0,0.0,0.0,0.0,0.0,0.0,0.0,0.0,0.0,0.0,0.0,0.0,0.0,0.0,0.0,0.0,0.0,0.0,25.421802520751953,0.0,0.0,0.0
6.0,0.0,134.96778869628906,0.0,0.0,0.0,0.0,0.0,145.93109130859375,0.0,0.0,0.0,0.0,0.0,0.0,0.0,0.0,0.0,0.0,0.0,0.0,0.0,0.0,0.0,0.0,0.0,0.0,0.0,0.0,33.81719207763672,0.0,0.0,0.0
4.0,0.0,132.84356689453125,0.0,0.0,0.0,0.0,0.0,143.7103271484375,0.0,0.0,0.0,0.0,0.0,0.0,0.0,0.0,0.0,0.0,0.0,0.0,0.0,0.0,0.0,0.0,0.0,0.0,0.0,0.0,33.40327072143555,0.0,0.0,0.0
3.0,0.0,124.2784652709961,0.0,0.0,0.0,0.0,0.0,131.50537109375,0.0,0.0,0.0,0.0,0.0,0.0,0.0,0.0,0.0,0.0,0.0,0.0,0.0,0.0,0.0,0.0,0.0,0.0,0.0,0.0,27.449058532714844,0.0,0.0,0.0
6.0,0.0,116.1812515258789,0.0,0.0,0.0,0.0,0.0,126.25200653076172,0.0,0.0,0.0,0.0,0.0,0.0,0.0,0.0,0.0,0.0,0.0,0.0,0.0,0.0,0.0,0.0,0.0,0.0,0.0,0.0,28.50737953186035,0.0,0.0,0.0
6.0,0.0,153.6050567626953,0.0,0.0,0.0,0.0,0.0,164.287109375,0.0,0.0,0.0,0.0,0.0,0.0,0.0,0.0,0.0,0.0,0.0,0.0,0.0,0.0,0.0,0.0,0.0,0.0,0.0,0.0,41.07206726074219,0.0,0.0,0.0
5.0,0.0,114.03946685791016,0.0,0.0,0.0,0.0,0.0,121.48436737060547,0.0,0.0,0.0,0.0,0.0,0.0,0.0,0.0,0.0,0.0,0.0,0.0,0.0,0.0,0.0,0.0,0.0,0.0,0.0,0.0,24.98219108581543,0.0,0.0,0.0
6.0,0.0,150.81341552734375,0.0,0.0,0.0,0.0,0.0,159.06118774414062,0.0,0.0,0.0,0.0,0.0,0.0,0.0,0.0,0.0,0.0,0.0,0.0,0.0,0.0,0.0,0.0,0.0,0.0,0.0,0.0,36.42765808105469,0.0,0.0,0.0
6.0,0.0,124.92194366455078,0.0,0.0,0.0,0.0,0.0,135.62474060058594,0.0,0.0,0.0,0.0,0.0,0.0,0.0,0.0,0.0,0.0,0.0,0.0,0.0,0.0,0.0,0.0,0.0,0.0,0.0,0.0,31.05221939086914,0.0,0.0,0.0
3.0,0.0,131.58177185058594,0.0,0.0,0.0,0.0,0.0,142.3310546875,0.0,0.0,0.0,0.0,0.0,0.0,0.0,0.0,0.0,0.0,0.0,0.0,0.0,0.0,0.0,0.0,0.0,0.0,0.0,0.0,33.2720832824707,0.0,0.0,0.0
7.0,0.0,118.5588607788086,0.0,0.0,0.0,0.0,0.0,125.46446990966797,0.0,0.0,0.0,0.0,0.0,0.0,0.0,0.0,0.0,0.0,0.0,0.0,0.0,0.0,0.0,0.0,0.0,0.0,0.0,0.0,25.4288272857666,0.0,0.0,0.0
5.0,0.0,113.13427734375,0.0,0.0,0.0,0.0,0.0,122.1857681274414,0.0,0.0,0.0,0.0,0.0,0.0,0.0,0.0,0.0,0.0,0.0,0.0,0.0,0.0,0.0,0.0,0.0,0.0,0.0,0.0,26.506406784057617,0.0,0.0,0.0
5.0,0.0,108.82156372070312,0.0,0.0,0.0,0.0,0.0,116.82756805419922,0.0,0.0,0.0,0.0,0.0,0.0,0.0,0.0,0.0,0.0,0.0,0.0,0.0,0.0,0.0,0.0,0.0,0.0,0.0,0.0,24.82182502746582,0.0,0.0,0.0
7.0,0.0,109.45980072021484,0.0,0.0,0.0,0.0,0.0,116.5572738647461,0.0,0.0,0.0,0.0,0.0,0.0,0.0,0.0,0.0,0.0,0.0,0.0,0.0,0.0,0.0,0.0,0.0,0.0,0.0,0.0,23.625892639160156,0.0,0.0,0.0
6.0,0.0,131.3365936279297,0.0,0.0,0.0,0.0,0.0,142.362060546875,0.0,0.0,0.0,0.0,0.0,0.0,0.0,0.0,0.0,0.0,0.0,0.0,0.0,0.0,0.0,0.0,0.0,0.0,0.0,0.0,33.071800231933594,0.0,0.0,0.0
4.0,0.0,127.11750030517578,0.0,0.0,0.0,0.0,0.0,138.0667724609375,0.0,0.0,0.0,0.0,0.0,0.0,0.0,0.0,0.0,0.0,0.0,0.0,0.0,0.0,0.0,0.0,0.0,0.0,0.0,0.0,32.08558654785156,0.0,0.0,0.0
2.0,0.0,115.06072998046875,0.0,0.0,0.0,0.0,0.0,122.22137451171875,0.0,0.0,0.0,0.0,0.0,0.0,0.0,0.0,0.0,0.0,0.0,0.0,0.0,0.0,0.0,0.0,0.0,0.0,0.0,0.0,25.10798454284668,0.0,0.0,0.0
6.0,0.0,121.87760162353516,0.0,0.0,0.0,0.0,0.0,132.05386352539062,0.0,0.0,0.0,0.0,0.0,0.0,0.0,0.0,0.0,0.0,0.0,0.0,0.0,0.0,0.0,0.0,0.0,0.0,0.0,0.0,29.98101234436035,0.0,0.0,0.0
6.0,0.0,159.5384063720703,0.0,0.0,0.0,0.0,0.0,169.62330627441406,0.0,0.0,0.0,0.0,0.0,0.0,0.0,0.0,0.0,0.0,0.0,0.0,0.0,0.0,0.0,0.0,0.0,0.0,0.0,0.0,42.96137237548828,0.0,0.0,0.0
5.0,0.0,119.1634521484375,0.0,0.0,0.0,0.0,0.0,126.59758758544922,0.0,0.0,0.0,0.0,0.0,0.0,0.0,0.0,0.0,0.0,0.0,0.0,0.0,0.0,0.0,0.0,0.0,0.0,0.0,0.0,26.319660186767578,0.0,0.0,0.0
6.0,0.0,153.3340606689453,0.0,0.0,0.0,0.0,0.0,160.4015655517578,0.0,0.0,0.0,0.0,0.0,0.0,0.0,0.0,0.0,0.0,0.0,0.0,0.0,0.0,0.0,0.0,0.0,0.0,0.0,0.0,35.399253845214844,0.0,0.0,0.0
6.0,0.0,133.02146911621094,0.0,0.0,0.0,0.0,0.0,143.86138916015625,0.0,0.0,0.0,0.0,0.0,0.0,0.0,0.0,0.0,0.0,0.0,0.0,0.0,0.0,0.0,0.0,0.0,0.0,0.0,0.0,33.33848571777344,0.0,0.0,0.0
3.0,0.0,141.7635498046875,0.0,0.0,0.0,0.0,0.0,152.48487854003906,0.0,0.0,0.0,0.0,0.0,0.0,0.0,0.0,0.0,0.0,0.0,0.0,0.0,0.0,0.0,0.0,0.0,0.0,0.0,0.0,35.85075378417969,0.0,0.0,0.0
7.0,0.0,125.8258056640625,0.0,0.0,0.0,0.0,0.0,132.80648803710938,0.0,0.0,0.0,0.0,0.0,0.0,0.0,0.0,0.0,0.0,0.0,0.0,0.0,0.0,0.0,0.0,0.0,0.0,0.0,0.0,27.216381072998047,0.0,0.0,0.0
5.0,0.0,120.2665786743164,0.0,0.0,0.0,0.0,0.0,129.38931274414062,0.0,0.0,0.0,0.0,0.0,0.0,0.0,0.0,0.0,0.0,0.0,0.0,0.0,0.0,0.0,0.0,0.0,0.0,0.0,0.0,28.299087524414062,0.0,0.0,0.0
5.0,0.0,116.31633758544922,0.0,0.0,0.0,0.0,0.0,123.54749298095703,0.0,0.0,0.0,0.0,0.0,0.0,0.0,0.0,0.0,0.0,0.0,0.0,0.0,0.0,0.0,0.0,0.0,0.0,0.0,0.0,25.649858474731445,0.0,0.0,0.0
2.0,0.0,114.3986587524414,0.0,0.0,0.0,0.0,0.0,120.5904312133789,0.0,0.0,0.0,0.0,0.0,0.0,0.0,0.0,0.0,0.0,0.0,0.0,0.0,0.0,0.0,0.0,0.0,0.0,0.0,0.0,23.23482322692871,0.0,0.0,0.0
6.0,0.0,133.51315307617188,0.0,0.0,0.0,0.0,0.0,144.44677734375,0.0,0.0,0.0,0.0,0.0,0.0,0.0,0.0,0.0,0.0,0.0,0.0,0.0,0.0,0.0,0.0,0.0,0.0,0.0,0.0,33.456214904785156,0.0,0.0,0.0
4.0,0.0,143.42897033691406,0.0,0.0,0.0,0.0,0.0,154.4178466796875,0.0,0.0,0.0,0.0,0.0,0.0,0.0,0.0,0.0,0.0,0.0,0.0,0.0,0.0,0.0,0.0,0.0,0.0,0.0,0.0,36.447532653808594,0.0,0.0,0.0
5.0,0.0,124.7545166015625,0.0,0.0,0.0,0.0,0.0,132.53863525390625,0.0,0.0,0.0,0.0,0.0,0.0,0.0,0.0,0.0,0.0,0.0,0.0,0.0,0.0,0.0,0.0,0.0,0.0,0.0,0.0,28.39679527282715,0.0,0.0,0.0
6.0,0.0,120.41040802001953,0.0,0.0,0.0,0.0,0.0,130.53396606445312,0.0,0.0,0.0,0.0,0.0,0.0,0.0,0.0,0.0,0.0,0.0,0.0,0.0,0.0,0.0,0.0,0.0,0.0,0.0,0.0,29.48712921142578,0.0,0.0,0.0
6.0,0.0,157.1259307861328,0.0,0.0,0.0,0.0,0.0,167.19430541992188,0.0,0.0,0.0,0.0,0.0,0.0,0.0,0.0,0.0,0.0,0.0,0.0,0.0,0.0,0.0,0.0,0.0,0.0,0.0,0.0,42.42103576660156,0.0,0.0,0.0
5.0,0.0,118.54501342773438,0.0,0.0,0.0,0.0,0.0,126.01469421386719,0.0,0.0,0.0,0.0,0.0,0.0,0.0,0.0,0.0,0.0,0.0,0.0,0.0,0.0,0.0,0.0,0.0,0.0,0.0,0.0,26.147974014282227,0.0,0.0,0.0
6.0,0.0,156.7694854736328,0.0,0.0,0.0,0.0,0.0,165.06744384765625,0.0,0.0,0.0,0.0,0.0,0.0,0.0,0.0,0.0,0.0,0.0,0.0,0.0,0.0,0.0,0.0,0.0,0.0,0.0,0.0,37.83122253417969,0.0,0.0,0.0
7.0,0.0,114.5584945678711,0.0,0.0,0.0,0.0,0.0,124.04048919677734,0.0,0.0,0.0,0.0,0.0,0.0,0.0,0.0,0.0,0.0,0.0,0.0,0.0,0.0,0.0,0.0,0.0,0.0,0.0,0.0,27.01920509338379,0.0,0.0,0.0
3.0,0.0,142.42503356933594,0.0,0.0,0.0,0.0,0.0,153.21844482421875,0.0,0.0,0.0,0.0,0.0,0.0,0.0,0.0,0.0,0.0,0.0,0.0,0.0,0.0,0.0,0.0,0.0,0.0,0.0,0.0,36.029396057128906,0.0,0.0,0.0
7.0,0.0,124.50422668457031,0.0,0.0,0.0,0.0,0.0,131.49853515625,0.0,0.0,0.0,0.0,0.0,0.0,0.0,0.0,0.0,0.0,0.0,0.0,0.0,0.0,0.0,0.0,0.0,0.0,0.0,0.0,26.824792861938477,0.0,0.0,0.0
5.0,0.0,119.53034210205078,0.0,0.0,0.0,0.0,0.0,128.66583251953125,0.0,0.0,0.0,0.0,0.0,0.0,0.0,0.0,0.0,0.0,0.0,0.0,0.0,0.0,0.0,0.0,0.0,0.0,0.0,0.0,28.0734920501709,0.0,0.0,0.0
5.0,0.0,119.90978240966797,0.0,0.0,0.0,0.0,0.0,126.23963165283203,0.0,0.0,0.0,0.0,0.0,0.0,0.0,0.0,0.0,0.0,0.0,0.0,0.0,0.0,0.0,0.0,0.0,0.0,0.0,0.0,25.14889144897461,0.0,0.0,0.0
6.0,0.0,114.71088409423828,0.0,0.0,0.0,0.0,0.0,121.67636108398438,0.0,0.0,0.0,0.0,0.0,0.0,0.0,0.0,0.0,0.0,0.0,0.0,0.0,0.0,0.0,0.0,0.0,0.0,0.0,0.0,24.552038192749023,0.0,0.0,0.0
6.0,0.0,131.99099731445312,0.0,0.0,0.0,0.0,0.0,142.96124267578125,0.0,0.0,0.0,0.0,0.0,0.0,0.0,0.0,0.0,0.0,0.0,0.0,0.0,0.0,0.0,0.0,0.0,0.0,0.0,0.0,33.02699661254883,0.0,0.0,0.0
4.0,0.0,144.1625213623047,0.0,0.0,0.0,0.0,0.0,155.2222900390625,0.0,0.0,0.0,0.0,0.0,0.0,0.0,0.0,0.0,0.0,0.0,0.0,0.0,0.0,0.0,0.0,0.0,0.0,0.0,0.0,36.65280532836914,0.0,0.0,0.0
5.0,0.0,120.31490325927734,0.0,0.0,0.0,0.0,0.0,127.2202377319336,0.0,0.0,0.0,0.0,0.0,0.0,0.0,0.0,0.0,0.0,0.0,0.0,0.0,0.0,0.0,0.0,0.0,0.0,0.0,0.0,26.056015014648438,0.0,0.0,0.0
6.0,0.0,128.21022033691406,0.0,0.0,0.0,0.0,0.0,138.71673583984375,0.0,0.0,0.0,0.0,0.0,0.0,0.0,0.0,0.0,0.0,0.0,0.0,0.0,0.0,0.0,0.0,0.0,0.0,0.0,0.0,32.07723617553711,0.0,0.0,0.0
6.0,0.0,157.45912170410156,0.0,0.0,0.0,0.0,0.0,166.7425079345703,0.0,0.0,0.0,0.0,0.0,0.0,0.0,0.0,0.0,0.0,0.0,0.0,0.0,0.0,0.0,0.0,0.0,0.0,0.0,0.0,42.610198974609375,0.0,0.0,0.0
5.0,0.0,121.2574462890625,0.0,0.0,0.0,0.0,0.0,129.21737670898438,0.0,0.0,0.0,0.0,0.0,0.0,0.0,0.0,0.0,0.0,0.0,0.0,0.0,0.0,0.0,0.0,0.0,0.0,0.0,0.0,27.660362243652344,0.0,0.0,0.0
6.0,0.0,161.0360565185547,0.0,0.0,0.0,0.0,0.0,169.58279418945312,0.0,0.0,0.0,0.0,0.0,0.0,0.0,0.0,0.0,0.0,0.0,0.0,0.0,0.0,0.0,0.0,0.0,0.0,0.0,0.0,39.66352844238281,0.0,0.0,0.0
7.0,0.0,122.15731811523438,0.0,0.0,0.0,0.0,0.0,131.75631713867188,0.0,0.0,0.0,0.0,0.0,0.0,0.0,0.0,0.0,0.0,0.0,0.0,0.0,0.0,0.0,0.0,0.0,0.0,0.0,0.0,29.174440383911133,0.0,0.0,0.0
3.0,0.0,148.78750610351562,0.0,0.0,0.0,0.0,0.0,159.74090576171875,0.0,0.0,0.0,0.0,0.0,0.0,0.0,0.0,0.0,0.0,0.0,0.0,0.0,0.0,0.0,0.0,0.0,0.0,0.0,0.0,38.49799346923828,0.0,0.0,0.0
7.0,0.0,129.20594787597656,0.0,0.0,0.0,0.0,0.0,136.6669921875,0.0,0.0,0.0,0.0,0.0,0.0,0.0,0.0,0.0,0.0,0.0,0.0,0.0,0.0,0.0,0.0,0.0,0.0,0.0,0.0,28.9027099609375,0.0,0.0,0.0
5.0,0.0,125.08810424804688,0.0,0.0,0.0,0.0,0.0,134.6508331298828,0.0,0.0,0.0,0.0,0.0,0.0,0.0,0.0,0.0,0.0,0.0,0.0,0.0,0.0,0.0,0.0,0.0,0.0,0.0,0.0,30.280344009399414,0.0,0.0,0.0
0.0,0.0,127.1703109741211,0.0,0.0,0.0,0.0,0.0,135.62863159179688,0.0,0.0,0.0,0.0,0.0,0.0,0.0,0.0,0.0,0.0,0.0,0.0,0.0,0.0,0.0,0.0,0.0,0.0,0.0,0.0,30.08807945251465,0.0,0.0,0.0
2.0,0.0,116.66646575927734,0.0,0.0,0.0,0.0,0.0,124.04375457763672,0.0,0.0,0.0,0.0,0.0,0.0,0.0,0.0,0.0,0.0,0.0,0.0,0.0,0.0,0.0,0.0,0.0,0.0,0.0,0.0,25.83914566040039,0.0,0.0,0.0
6.0,0.0,141.6653594970703,0.0,0.0,0.0,0.0,0.0,152.74411010742188,0.0,0.0,0.0,0.0,0.0,0.0,0.0,0.0,0.0,0.0,0.0,0.0,0.0,0.0,0.0,0.0,0.0,0.0,0.0,0.0,35.8784065246582,0.0,0.0,0.0
4.0,0.0,152.66709899902344,0.0,0.0,0.0,0.0,0.0,163.73129272460938,0.0,0.0,0.0,0.0,0.0,0.0,0.0,0.0,0.0,0.0,0.0,0.0,0.0,0.0,0.0,0.0,0.0,0.0,0.0,0.0,39.88690948486328,0.0,0.0,0.0
5.0,0.0,127.05276489257812,0.0,0.0,0.0,0.0,0.0,135.29165649414062,0.0,0.0,0.0,0.0,0.0,0.0,0.0,0.0,0.0,0.0,0.0,0.0,0.0,0.0,0.0,0.0,0.0,0.0,0.0,0.0,29.603700637817383,0.0,0.0,0.0
6.0,0.0,123.35721588134766,0.0,0.0,0.0,0.0,0.0,133.8682861328125,0.0,0.0,0.0,0.0,0.0,0.0,0.0,0.0,0.0,0.0,0.0,0.0,0.0,0.0,0.0,0.0,0.0,0.0,0.0,0.0,30.939420700073242,0.0,0.0,0.0
6.0,0.0,151.20144653320312,0.0,0.0,0.0,0.0,0.0,161.7455596923828,0.0,0.0,0.0,0.0,0.0,0.0,0.0,0.0,0.0,0.0,0.0,0.0,0.0,0.0,0.0,0.0,0.0,0.0,0.0,0.0,39.74517822265625,0.0,0.0,0.0
5.0,0.0,121.65973663330078,0.0,0.0,0.0,0.0,0.0,129.60845947265625,0.0,0.0,0.0,0.0,0.0,0.0,0.0,0.0,0.0,0.0,0.0,0.0,0.0,0.0,0.0,0.0,0.0,0.0,0.0,0.0,27.753673553466797,0.0,0.0,0.0
6.0,0.0,154.79994201660156,0.0,0.0,0.0,0.0,0.0,163.2635498046875,0.0,0.0,0.0,0.0,0.0,0.0,0.0,0.0,0.0,0.0,0.0,0.0,0.0,0.0,0.0,0.0,0.0,0.0,0.0,0.0,37.724483489990234,0.0,0.0,0.0
6.0,0.0,129.91783142089844,0.0,0.0,0.0,0.0,0.0,139.79718017578125,0.0,0.0,0.0,0.0,0.0,0.0,0.0,0.0,0.0,0.0,0.0,0.0,0.0,0.0,0.0,0.0,0.0,0.0,0.0,0.0,31.707054138183594,0.0,0.0,0.0
3.0,0.0,137.2886505126953,0.0,0.0,0.0,0.0,0.0,148.12791442871094,0.0,0.0,0.0,0.0,0.0,0.0,0.0,0.0,0.0,0.0,0.0,0.0,0.0,0.0,0.0,0.0,0.0,0.0,0.0,0.0,34.99919128417969,0.0,0.0,0.0
7.0,0.0,117.64582061767578,0.0,0.0,0.0,0.0,0.0,124.95073699951172,0.0,0.0,0.0,0.0,0.0,0.0,0.0,0.0,0.0,0.0,0.0,0.0,0.0,0.0,0.0,0.0,0.0,0.0,0.0,0.0,25.771665573120117,0.0,0.0,0.0
5.0,0.0,121.77090454101562,0.0,0.0,0.0,0.0,0.0,131.3819580078125,0.0,0.0,0.0,0.0,0.0,0.0,0.0,0.0,0.0,0.0,0.0,0.0,0.0,0.0,0.0,0.0,0.0,0.0,0.0,0.0,29.46718406677246,0.0,0.0,0.0
0.0,0.0,117.8165054321289,0.0,0.0,0.0,0.0,0.0,125.9866943359375,0.0,0.0,0.0,0.0,0.0,0.0,0.0,0.0,0.0,0.0,0.0,0.0,0.0,0.0,0.0,0.0,0.0,0.0,0.0,0.0,27.720857620239258,0.0,0.0,0.0
6.0,0.0,113.19437408447266,0.0,0.0,0.0,0.0,0.0,120.59937286376953,0.0,0.0,0.0,0.0,0.0,0.0,0.0,0.0,0.0,0.0,0.0,0.0,0.0,0.0,0.0,0.0,0.0,0.0,0.0,0.0,24.904035568237305,0.0,0.0,0.0
6.0,0.0,138.94374084472656,0.0,0.0,0.0,0.0,0.0,150.15126037597656,0.0,0.0,0.0,0.0,0.0,0.0,0.0,0.0,0.0,0.0,0.0,0.0,0.0,0.0,0.0,0.0,0.0,0.0,0.0,0.0,35.30336380004883,0.0,0.0,0.0
4.0,0.0,129.4981231689453,0.0,0.0,0.0,0.0,0.0,139.89967346191406,0.0,0.0,0.0,0.0,0.0,0.0,0.0,0.0,0.0,0.0,0.0,0.0,0.0,0.0,0.0,0.0,0.0,0.0,0.0,0.0,32.52519226074219,0.0,0.0,0.0
3.0,0.0,122.5151596069336,0.0,0.0,0.0,0.0,0.0,129.79168701171875,0.0,0.0,0.0,0.0,0.0,0.0,0.0,0.0,0.0,0.0,0.0,0.0,0.0,0.0,0.0,0.0,0.0,0.0,0.0,0.0,27.236976623535156,0.0,0.0,0.0
6.0,0.0,124.2159194946289,0.0,0.0,0.0,0.0,0.0,134.7356719970703,0.0,0.0,0.0,0.0,0.0,0.0,0.0,0.0,0.0,0.0,0.0,0.0,0.0,0.0,0.0,0.0,0.0,0.0,0.0,0.0,31.17253303527832,0.0,0.0,0.0
6.0,0.0,154.70431518554688,0.0,0.0,0.0,0.0,0.0,164.872314453125,0.0,0.0,0.0,0.0,0.0,0.0,0.0,0.0,0.0,0.0,0.0,0.0,0.0,0.0,0.0,0.0,0.0,0.0,0.0,0.0,42.549400329589844,0.0,0.0,0.0
5.0,0.0,116.74771881103516,0.0,0.0,0.0,0.0,0.0,124.60311126708984,0.0,0.0,0.0,0.0,0.0,0.0,0.0,0.0,0.0,0.0,0.0,0.0,0.0,0.0,0.0,0.0,0.0,0.0,0.0,0.0,26.532207489013672,0.0,0.0,0.0
6.0,0.0,148.3518829345703,0.0,0.0,0.0,0.0,0.0,156.74961853027344,0.0,0.0,0.0,0.0,0.0,0.0,0.0,0.0,0.0,0.0,0.0,0.0,0.0,0.0,0.0,0.0,0.0,0.0,0.0,0.0,35.93204116821289,0.0,0.0,0.0
6.0,0.0,129.1388397216797,0.0,0.0,0.0,0.0,0.0,140.0469970703125,0.0,0.0,0.0,0.0,0.0,0.0,0.0,0.0,0.0,0.0,0.0,0.0,0.0,0.0,0.0,0.0,0.0,0.0,0.0,0.0,32.48691177368164,0.0,0.0,0.0
3.0,0.0,137.5986785888672,0.0,0.0,0.0,0.0,0.0,148.448486328125,0.0,0.0,0.0,0.0,0.0,0.0,0.0,0.0,0.0,0.0,0.0,0.0,0.0,0.0,0.0,0.0,0.0,0.0,0.0,0.0,35.0622444152832,0.0,0.0,0.0
7.0,0.0,117.60570526123047,0.0,0.0,0.0,0.0,0.0,124.84589385986328,0.0,0.0,0.0,0.0,0.0,0.0,0.0,0.0,0.0,0.0,0.0,0.0,0.0,0.0,0.0,0.0,0.0,0.0,0.0,0.0,25.6712589263916,0.0,0.0,0.0
5.0,0.0,122.33245849609375,0.0,0.0,0.0,0.0,0.0,131.94961547851562,0.0,0.0,0.0,0.0,0.0,0.0,0.0,0.0,0.0,0.0,0.0,0.0,0.0,0.0,0.0,0.0,0.0,0.0,0.0,0.0,29.63459014892578,0.0,0.0,0.0
0.0,0.0,117.22260284423828,0.0,0.0,0.0,0.0,0.0,124.71671295166016,0.0,0.0,0.0,0.0,0.0,0.0,0.0,0.0,0.0,0.0,0.0,0.0,0.0,0.0,0.0,0.0,0.0,0.0,0.0,0.0,26.534013748168945,0.0,0.0,0.0
6.0,0.0,112.16661834716797,0.0,0.0,0.0,0.0,0.0,119.44454193115234,0.0,0.0,0.0,0.0,0.0,0.0,0.0,0.0,0.0,0.0,0.0,0.0,0.0,0.0,0.0,0.0,0.0,0.0,0.0,0.0,24.562820434570312,0.0,0.0,0.0
6.0,0.0,138.6781005859375,0.0,0.0,0.0,0.0,0.0,149.8697052001953,0.0,0.0,0.0,0.0,0.0,0.0,0.0,0.0,0.0,0.0,0.0,0.0,0.0,0.0,0.0,0.0,0.0,0.0,0.0,0.0,35.24989318847656,0.0,0.0,0.0
4.0,0.0,136.52735900878906,0.0,0.0,0.0,0.0,0.0,147.43844604492188,0.0,0.0,0.0,0.0,0.0,0.0,0.0,0.0,0.0,0.0,0.0,0.0,0.0,0.0,0.0,0.0,0.0,0.0,0.0,0.0,34.83491516113281,0.0,0.0,0.0
7.0,0.0,113.71538543701172,0.0,0.0,0.0,0.0,0.0,120.66758728027344,0.0,0.0,0.0,0.0,0.0,0.0,0.0,0.0,0.0,0.0,0.0,0.0,0.0,0.0,0.0,0.0,0.0,0.0,0.0,0.0,24.735502243041992,0.0,0.0,0.0
6.0,0.0,128.75621032714844,0.0,0.0,0.0,0.0,0.0,139.34225463867188,0.0,0.0,0.0,0.0,0.0,0.0,0.0,0.0,0.0,0.0,0.0,0.0,0.0,0.0,0.0,0.0,0.0,0.0,0.0,0.0,32.44305419921875,0.0,0.0,0.0
6.0,0.0,154.4391632080078,0.0,0.0,0.0,0.0,0.0,164.44308471679688,0.0,0.0,0.0,0.0,0.0,0.0,0.0,0.0,0.0,0.0,0.0,0.0,0.0,0.0,0.0,0.0,0.0,0.0,0.0,0.0,42.754600524902344,0.0,0.0,0.0
5.0,0.0,117.74797821044922,0.0,0.0,0.0,0.0,0.0,125.62755584716797,0.0,0.0,0.0,0.0,0.0,0.0,0.0,0.0,0.0,0.0,0.0,0.0,0.0,0.0,0.0,0.0,0.0,0.0,0.0,0.0,26.82404136657715,0.0,0.0,0.0
6.0,0.0,148.5496368408203,0.0,0.0,0.0,0.0,0.0,156.928955078125,0.0,0.0,0.0,0.0,0.0,0.0,0.0,0.0,0.0,0.0,0.0,0.0,0.0,0.0,0.0,0.0,0.0,0.0,0.0,0.0,36.037513732910156,0.0,0.0,0.0
6.0,0.0,128.77220153808594,0.0,0.0,0.0,0.0,0.0,139.6520538330078,0.0,0.0,0.0,0.0,0.0,0.0,0.0,0.0,0.0,0.0,0.0,0.0,0.0,0.0,0.0,0.0,0.0,0.0,0.0,0.0,32.38542556762695,0.0,0.0,0.0
3.0,0.0,143.5050506591797,0.0,0.0,0.0,0.0,0.0,154.44947814941406,0.0,0.0,0.0,0.0,0.0,0.0,0.0,0.0,0.0,0.0,0.0,0.0,0.0,0.0,0.0,0.0,0.0,0.0,0.0,0.0,36.804664611816406,0.0,0.0,0.0
7.0,0.0,116.74909973144531,0.0,0.0,0.0,0.0,0.0,123.87548828125,0.0,0.0,0.0,0.0,0.0,0.0,0.0,0.0,0.0,0.0,0.0,0.0,0.0,0.0,0.0,0.0,0.0,0.0,0.0,0.0,25.155187606811523,0.0,0.0,0.0
5.0,0.0,122.2195816040039,0.0,0.0,0.0,0.0,0.0,131.82855224609375,0.0,0.0,0.0,0.0,0.0,0.0,0.0,0.0,0.0,0.0,0.0,0.0,0.0,0.0,0.0,0.0,0.0,0.0,0.0,0.0,29.718276977539062,0.0,0.0,0.0
0.0,0.0,120.84951782226562,0.0,0.0,0.0,0.0,0.0,128.35580444335938,0.0,0.0,0.0,0.0,0.0,0.0,0.0,0.0,0.0,0.0,0.0,0.0,0.0,0.0,0.0,0.0,0.0,0.0,0.0,0.0,27.146039962768555,0.0,0.0,0.0
5.0,0.0,111.137939453125,0.0,0.0,0.0,0.0,0.0,118.3365249633789,0.0,0.0,0.0,0.0,0.0,0.0,0.0,0.0,0.0,0.0,0.0,0.0,0.0,0.0,0.0,0.0,0.0,0.0,0.0,0.0,24.302637100219727,0.0,0.0,0.0
4.0,0.0,133.4817657470703,0.0,0.0,0.0,0.0,0.0,144.54953002929688,0.0,0.0,0.0,0.0,0.0,0.0,0.0,0.0,0.0,0.0,0.0,0.0,0.0,0.0,0.0,0.0,0.0,0.0,0.0,0.0,33.872493743896484,0.0,0.0,0.0
4.0,0.0,136.5760955810547,0.0,0.0,0.0,0.0,0.0,147.49085998535156,0.0,0.0,0.0,0.0,0.0,0.0,0.0,0.0,0.0,0.0,0.0,0.0,0.0,0.0,0.0,0.0,0.0,0.0,0.0,0.0,34.85144805908203,0.0,0.0,0.0
7.0,0.0,115.68218994140625,0.0,0.0,0.0,0.0,0.0,123.06414031982422,0.0,0.0,0.0,0.0,0.0,0.0,0.0,0.0,0.0,0.0,0.0,0.0,0.0,0.0,0.0,0.0,0.0,0.0,0.0,0.0,25.176912307739258,0.0,0.0,0.0
4.0,0.0,126.42644500732422,0.0,0.0,0.0,0.0,0.0,136.95428466796875,0.0,0.0,0.0,0.0,0.0,0.0,0.0,0.0,0.0,0.0,0.0,0.0,0.0,0.0,0.0,0.0,0.0,0.0,0.0,0.0,31.88067054748535,0.0,0.0,0.0
6.0,0.0,152.2706756591797,0.0,0.0,0.0,0.0,0.0,162.78036499023438,0.0,0.0,0.0,0.0,0.0,0.0,0.0,0.0,0.0,0.0,0.0,0.0,0.0,0.0,0.0,0.0,0.0,0.0,0.0,0.0,40.07721710205078,0.0,0.0,0.0
5.0,0.0,118.03547668457031,0.0,0.0,0.0,0.0,0.0,125.90230560302734,0.0,0.0,0.0,0.0,0.0,0.0,0.0,0.0,0.0,0.0,0.0,0.0,0.0,0.0,0.0,0.0,0.0,0.0,0.0,0.0,26.889562606811523,0.0,0.0,0.0
6.0,0.0,148.68862915039062,0.0,0.0,0.0,0.0,0.0,157.0743408203125,0.0,0.0,0.0,0.0,0.0,0.0,0.0,0.0,0.0,0.0,0.0,0.0,0.0,0.0,0.0,0.0,0.0,0.0,0.0,0.0,36.06658172607422,0.0,0.0,0.0
6.0,0.0,127.74311065673828,0.0,0.0,0.0,0.0,0.0,138.61917114257812,0.0,0.0,0.0,0.0,0.0,0.0,0.0,0.0,0.0,0.0,0.0,0.0,0.0,0.0,0.0,0.0,0.0,0.0,0.0,0.0,32.11982345581055,0.0,0.0,0.0
3.0,0.0,144.70973205566406,0.0,0.0,0.0,0.0,0.0,155.67062377929688,0.0,0.0,0.0,0.0,0.0,0.0,0.0,0.0,0.0,0.0,0.0,0.0,0.0,0.0,0.0,0.0,0.0,0.0,0.0,0.0,37.15696716308594,0.0,0.0,0.0
7.0,0.0,114.51290893554688,0.0,0.0,0.0,0.0,0.0,120.70323944091797,0.0,0.0,0.0,0.0,0.0,0.0,0.0,0.0,0.0,0.0,0.0,0.0,0.0,0.0,0.0,0.0,0.0,0.0,0.0,0.0,23.701932907104492,0.0,0.0,0.0
5.0,0.0,122.1482925415039,0.0,0.0,0.0,0.0,0.0,131.74636840820312,0.0,0.0,0.0,0.0,0.0,0.0,0.0,0.0,0.0,0.0,0.0,0.0,0.0,0.0,0.0,0.0,0.0,0.0,0.0,0.0,29.720266342163086,0.0,0.0,0.0
0.0,0.0,121.20153045654297,0.0,0.0,0.0,0.0,0.0,128.69981384277344,0.0,0.0,0.0,0.0,0.0,0.0,0.0,0.0,0.0,0.0,0.0,0.0,0.0,0.0,0.0,0.0,0.0,0.0,0.0,0.0,27.232707977294922,0.0,0.0,0.0
5.0,0.0,112.95793914794922,0.0,0.0,0.0,0.0,0.0,120.2657699584961,0.0,0.0,0.0,0.0,0.0,0.0,0.0,0.0,0.0,0.0,0.0,0.0,0.0,0.0,0.0,0.0,0.0,0.0,0.0,0.0,24.814960479736328,0.0,0.0,0.0
4.0,0.0,136.03224182128906,0.0,0.0,0.0,0.0,0.0,147.21746826171875,0.0,0.0,0.0,0.0,0.0,0.0,0.0,0.0,0.0,0.0,0.0,0.0,0.0,0.0,0.0,0.0,0.0,0.0,0.0,0.0,34.54832077026367,0.0,0.0,0.0
6.0,0.0,128.7352752685547,0.0,0.0,0.0,0.0,0.0,139.08987426757812,0.0,0.0,0.0,0.0,0.0,0.0,0.0,0.0,0.0,0.0,0.0,0.0,0.0,0.0,0.0,0.0,0.0,0.0,0.0,0.0,32.359127044677734,0.0,0.0,0.0
7.0,0.0,113.5719223022461,0.0,0.0,0.0,0.0,0.0,120.06163787841797,0.0,0.0,0.0,0.0,0.0,0.0,0.0,0.0,0.0,0.0,0.0,0.0,0.0,0.0,0.0,0.0,0.0,0.0,0.0,0.0,23.673038482666016,0.0,0.0,0.0
4.0,0.0,128.1696014404297,0.0,0.0,0.0,0.0,0.0,138.7655029296875,0.0,0.0,0.0,0.0,0.0,0.0,0.0,0.0,0.0,0.0,0.0,0.0,0.0,0.0,0.0,0.0,0.0,0.0,0.0,0.0,32.326515197753906,0.0,0.0,0.0
6.0,0.0,154.92922973632812,0.0,0.0,0.0,0.0,0.0,164.97341918945312,0.0,0.0,0.0,0.0,0.0,0.0,0.0,0.0,0.0,0.0,0.0,0.0,0.0,0.0,0.0,0.0,0.0,0.0,0.0,0.0,42.79326629638672,0.0,0.0,0.0
3.0,0.0,117.53606414794922,0.0,0.0,0.0,0.0,0.0,125.36891174316406,0.0,0.0,0.0,0.0,0.0,0.0,0.0,0.0,0.0,0.0,0.0,0.0,0.0,0.0,0.0,0.0,0.0,0.0,0.0,0.0,26.716529846191406,0.0,0.0,0.0
6.0,0.0,149.28831481933594,0.0,0.0,0.0,0.0,0.0,157.67633056640625,0.0,0.0,0.0,0.0,0.0,0.0,0.0,0.0,0.0,0.0,0.0,0.0,0.0,0.0,0.0,0.0,0.0,0.0,0.0,0.0,36.2143440246582,0.0,0.0,0.0
6.0,0.0,127.1072998046875,0.0,0.0,0.0,0.0,0.0,137.9722900390625,0.0,0.0,0.0,0.0,0.0,0.0,0.0,0.0,0.0,0.0,0.0,0.0,0.0,0.0,0.0,0.0,0.0,0.0,0.0,0.0,31.943988800048828,0.0,0.0,0.0
3.0,0.0,144.1306915283203,0.0,0.0,0.0,0.0,0.0,155.07122802734375,0.0,0.0,0.0,0.0,0.0,0.0,0.0,0.0,0.0,0.0,0.0,0.0,0.0,0.0,0.0,0.0,0.0,0.0,0.0,0.0,37.05586242675781,0.0,0.0,0.0
7.0,0.0,116.36688232421875,0.0,0.0,0.0,0.0,0.0,123.39473724365234,0.0,0.0,0.0,0.0,0.0,0.0,0.0,0.0,0.0,0.0,0.0,0.0,0.0,0.0,0.0,0.0,0.0,0.0,0.0,0.0,25.067197799682617,0.0,0.0,0.0
4.0,0.0,122.11856842041016,0.0,0.0,0.0,0.0,0.0,131.70819091796875,0.0,0.0,0.0,0.0,0.0,0.0,0.0,0.0,0.0,0.0,0.0,0.0,0.0,0.0,0.0,0.0,0.0,0.0,0.0,0.0,29.70493507385254,0.0,0.0,0.0
0.0,0.0,121.5895767211914,0.0,0.0,0.0,0.0,0.0,129.08599853515625,0.0,0.0,0.0,0.0,0.0,0.0,0.0,0.0,0.0,0.0,0.0,0.0,0.0,0.0,0.0,0.0,0.0,0.0,0.0,0.0,27.332355499267578,0.0,0.0,0.0
5.0,0.0,113.20115661621094,0.0,0.0,0.0,0.0,0.0,120.5010986328125,0.0,0.0,0.0,0.0,0.0,0.0,0.0,0.0,0.0,0.0,0.0,0.0,0.0,0.0,0.0,0.0,0.0,0.0,0.0,0.0,24.863168716430664,0.0,0.0,0.0
4.0,0.0,136.7192840576172,0.0,0.0,0.0,0.0,0.0,147.9083709716797,0.0,0.0,0.0,0.0,0.0,0.0,0.0,0.0,0.0,0.0,0.0,0.0,0.0,0.0,0.0,0.0,0.0,0.0,0.0,0.0,34.74074935913086,0.0,0.0,0.0
4.0,0.0,136.7738494873047,0.0,0.0,0.0,0.0,0.0,147.66671752929688,0.0,0.0,0.0,0.0,0.0,0.0,0.0,0.0,0.0,0.0,0.0,0.0,0.0,0.0,0.0,0.0,0.0,0.0,0.0,0.0,34.8859977722168,0.0,0.0,0.0
7.0,0.0,115.90613555908203,0.0,0.0,0.0,0.0,0.0,123.20183563232422,0.0,0.0,0.0,0.0,0.0,0.0,0.0,0.0,0.0,0.0,0.0,0.0,0.0,0.0,0.0,0.0,0.0,0.0,0.0,0.0,25.118301391601562,0.0,0.0,0.0
4.0,0.0,128.32460021972656,0.0,0.0,0.0,0.0,0.0,138.90621948242188,0.0,0.0,0.0,0.0,0.0,0.0,0.0,0.0,0.0,0.0,0.0,0.0,0.0,0.0,0.0,0.0,0.0,0.0,0.0,0.0,32.369354248046875,0.0,0.0,0.0
6.0,0.0,151.87156677246094,0.0,0.0,0.0,0.0,0.0,162.3328399658203,0.0,0.0,0.0,0.0,0.0,0.0,0.0,0.0,0.0,0.0,0.0,0.0,0.0,0.0,0.0,0.0,0.0,0.0,0.0,0.0,39.9262809753418,0.0,0.0,0.0
3.0,0.0,114.66893768310547,0.0,0.0,0.0,0.0,0.0,122.4347152709961,0.0,0.0,0.0,0.0,0.0,0.0,0.0,0.0,0.0,0.0,0.0,0.0,0.0,0.0,0.0,0.0,0.0,0.0,0.0,0.0,25.940404891967773,0.0,0.0,0.0
6.0,0.0,155.21946716308594,0.0,0.0,0.0,0.0,0.0,163.7997589111328,0.0,0.0,0.0,0.0,0.0,0.0,0.0,0.0,0.0,0.0,0.0,0.0,0.0,0.0,0.0,0.0,0.0,0.0,0.0,0.0,38.22142028808594,0.0,0.0,0.0
7.0,0.0,121.16381072998047,0.0,0.0,0.0,0.0,0.0,131.7684326171875,0.0,0.0,0.0,0.0,0.0,0.0,0.0,0.0,0.0,0.0,0.0,0.0,0.0,0.0,0.0,0.0,0.0,0.0,0.0,0.0,30.01844024658203,0.0,0.0,0.0
3.0,0.0,145.5596923828125,0.0,0.0,0.0,0.0,0.0,156.60098266601562,0.0,0.0,0.0,0.0,0.0,0.0,0.0,0.0,0.0,0.0,0.0,0.0,0.0,0.0,0.0,0.0,0.0,0.0,0.0,0.0,37.606109619140625,0.0,0.0,0.0
7.0,0.0,114.78085327148438,0.0,0.0,0.0,0.0,0.0,120.8913803100586,0.0,0.0,0.0,0.0,0.0,0.0,0.0,0.0,0.0,0.0,0.0,0.0,0.0,0.0,0.0,0.0,0.0,0.0,0.0,0.0,23.683237075805664,0.0,0.0,0.0
3.0,0.0,121.12663269042969,0.0,0.0,0.0,0.0,0.0,130.71014404296875,0.0,0.0,0.0,0.0,0.0,0.0,0.0,0.0,0.0,0.0,0.0,0.0,0.0,0.0,0.0,0.0,0.0,0.0,0.0,0.0,29.47703742980957,0.0,0.0,0.0
0.0,0.0,119.7259750366211,0.0,0.0,0.0,0.0,0.0,126.35309600830078,0.0,0.0,0.0,0.0,0.0,0.0,0.0,0.0,0.0,0.0,0.0,0.0,0.0,0.0,0.0,0.0,0.0,0.0,0.0,0.0,25.85284423828125,0.0,0.0,0.0
5.0,0.0,113.26671600341797,0.0,0.0,0.0,0.0,0.0,120.54158782958984,0.0,0.0,0.0,0.0,0.0,0.0,0.0,0.0,0.0,0.0,0.0,0.0,0.0,0.0,0.0,0.0,0.0,0.0,0.0,0.0,24.85972023010254,0.0,0.0,0.0
4.0,0.0,139.65309143066406,0.0,0.0,0.0,0.0,0.0,150.89202880859375,0.0,0.0,0.0,0.0,0.0,0.0,0.0,0.0,0.0,0.0,0.0,0.0,0.0,0.0,0.0,0.0,0.0,0.0,0.0,0.0,35.56657028198242,0.0,0.0,0.0
4.0,0.0,135.41842651367188,0.0,0.0,0.0,0.0,0.0,145.90237426757812,0.0,0.0,0.0,0.0,0.0,0.0,0.0,0.0,0.0,0.0,0.0,0.0,0.0,0.0,0.0,0.0,0.0,0.0,0.0,0.0,34.23899841308594,0.0,0.0,0.0
3.0,0.0,115.04444885253906,0.0,0.0,0.0,0.0,0.0,122.30255889892578,0.0,0.0,0.0,0.0,0.0,0.0,0.0,0.0,0.0,0.0,0.0,0.0,0.0,0.0,0.0,0.0,0.0,0.0,0.0,0.0,24.84465980529785,0.0,0.0,0.0
4.0,0.0,135.8047637939453,0.0,0.0,0.0,0.0,0.0,146.38694763183594,0.0,0.0,0.0,0.0,0.0,0.0,0.0,0.0,0.0,0.0,0.0,0.0,0.0,0.0,0.0,0.0,0.0,0.0,0.0,0.0,34.200252532958984,0.0,0.0,0.0
6.0,0.0,157.27969360351562,0.0,0.0,0.0,0.0,0.0,166.52256774902344,0.0,0.0,0.0,0.0,0.0,0.0,0.0,0.0,0.0,0.0,0.0,0.0,0.0,0.0,0.0,0.0,0.0,0.0,0.0,0.0,44.813682556152344,0.0,0.0,0.0
3.0,0.0,120.11261749267578,0.0,0.0,0.0,0.0,0.0,127.86038970947266,0.0,0.0,0.0,0.0,0.0,0.0,0.0,0.0,0.0,0.0,0.0,0.0,0.0,0.0,0.0,0.0,0.0,0.0,0.0,0.0,27.14044189453125,0.0,0.0,0.0
6.0,0.0,157.83534240722656,0.0,0.0,0.0,0.0,0.0,166.25430297851562,0.0,0.0,0.0,0.0,0.0,0.0,0.0,0.0,0.0,0.0,0.0,0.0,0.0,0.0,0.0,0.0,0.0,0.0,0.0,0.0,38.333709716796875,0.0,0.0,0.0
6.0,0.0,130.28094482421875,0.0,0.0,0.0,0.0,0.0,140.08401489257812,0.0,0.0,0.0,0.0,0.0,0.0,0.0,0.0,0.0,0.0,0.0,0.0,0.0,0.0,0.0,0.0,0.0,0.0,0.0,0.0,31.740755081176758,0.0,0.0,0.0
3.0,0.0,149.70045471191406,0.0,0.0,0.0,0.0,0.0,160.65370178222656,0.0,0.0,0.0,0.0,0.0,0.0,0.0,0.0,0.0,0.0,0.0,0.0,0.0,0.0,0.0,0.0,0.0,0.0,0.0,0.0,38.700199127197266,0.0,0.0,0.0
7.0,0.0,122.91864013671875,0.0,0.0,0.0,0.0,0.0,129.92529296875,0.0,0.0,0.0,0.0,0.0,0.0,0.0,0.0,0.0,0.0,0.0,0.0,0.0,0.0,0.0,0.0,0.0,0.0,0.0,0.0,26.59123420715332,0.0,0.0,0.0
3.0,0.0,128.88047790527344,0.0,0.0,0.0,0.0,0.0,138.54574584960938,0.0,0.0,0.0,0.0,0.0,0.0,0.0,0.0,0.0,0.0,0.0,0.0,0.0,0.0,0.0,0.0,0.0,0.0,0.0,0.0,31.562002182006836,0.0,0.0,0.0
0.0,0.0,127.79707336425781,0.0,0.0,0.0,0.0,0.0,135.31448364257812,0.0,0.0,0.0,0.0,0.0,0.0,0.0,0.0,0.0,0.0,0.0,0.0,0.0,0.0,0.0,0.0,0.0,0.0,0.0,0.0,28.885147094726562,0.0,0.0,0.0
5.0,0.0,120.16131591796875,0.0,0.0,0.0,0.0,0.0,127.56499481201172,0.0,0.0,0.0,0.0,0.0,0.0,0.0,0.0,0.0,0.0,0.0,0.0,0.0,0.0,0.0,0.0,0.0,0.0,0.0,0.0,26.690217971801758,0.0,0.0,0.0
4.0,0.0,149.5419921875,0.0,0.0,0.0,0.0,0.0,160.88357543945312,0.0,0.0,0.0,0.0,0.0,0.0,0.0,0.0,0.0,0.0,0.0,0.0,0.0,0.0,0.0,0.0,0.0,0.0,0.0,0.0,38.58723449707031,0.0,0.0,0.0
6.0,0.0,146.35580444335938,0.0,0.0,0.0,0.0,0.0,157.23092651367188,0.0,0.0,0.0,0.0,0.0,0.0,0.0,0.0,0.0,0.0,0.0,0.0,0.0,0.0,0.0,0.0,0.0,0.0,0.0,0.0,37.45751190185547,0.0,0.0,0.0
3.0,0.0,123.10009002685547,0.0,0.0,0.0,0.0,0.0,131.03726196289062,0.0,0.0,0.0,0.0,0.0,0.0,0.0,0.0,0.0,0.0,0.0,0.0,0.0,0.0,0.0,0.0,0.0,0.0,0.0,0.0,28.132829666137695,0.0,0.0,0.0
4.0,0.0,128.56106567382812,0.0,0.0,0.0,0.0,0.0,139.14328002929688,0.0,0.0,0.0,0.0,0.0,0.0,0.0,0.0,0.0,0.0,0.0,0.0,0.0,0.0,0.0,0.0,0.0,0.0,0.0,0.0,32.42049026489258,0.0,0.0,0.0
6.0,0.0,155.76036071777344,0.0,0.0,0.0,0.0,0.0,165.7162322998047,0.0,0.0,0.0,0.0,0.0,0.0,0.0,0.0,0.0,0.0,0.0,0.0,0.0,0.0,0.0,0.0,0.0,0.0,0.0,0.0,43.06318664550781,0.0,0.0,0.0
5.0,0.0,116.05593872070312,0.0,0.0,0.0,0.0,0.0,123.84406280517578,0.0,0.0,0.0,0.0,0.0,0.0,0.0,0.0,0.0,0.0,0.0,0.0,0.0,0.0,0.0,0.0,0.0,0.0,0.0,0.0,26.318374633789062,0.0,0.0,0.0
6.0,0.0,157.64271545410156,0.0,0.0,0.0,0.0,0.0,166.216796875,0.0,0.0,0.0,0.0,0.0,0.0,0.0,0.0,0.0,0.0,0.0,0.0,0.0,0.0,0.0,0.0,0.0,0.0,0.0,0.0,38.71855926513672,0.0,0.0,0.0
6.0,0.0,129.17100524902344,0.0,0.0,0.0,0.0,0.0,140.03414916992188,0.0,0.0,0.0,0.0,0.0,0.0,0.0,0.0,0.0,0.0,0.0,0.0,0.0,0.0,0.0,0.0,0.0,0.0,0.0,0.0,32.49496078491211,0.0,0.0,0.0
3.0,0.0,141.94754028320312,0.0,0.0,0.0,0.0,0.0,152.8045654296875,0.0,0.0,0.0,0.0,0.0,0.0,0.0,0.0,0.0,0.0,0.0,0.0,0.0,0.0,0.0,0.0,0.0,0.0,0.0,0.0,36.353946685791016,0.0,0.0,0.0
7.0,0.0,116.7699203491211,0.0,0.0,0.0,0.0,0.0,123.73815155029297,0.0,0.0,0.0,0.0,0.0,0.0,0.0,0.0,0.0,0.0,0.0,0.0,0.0,0.0,0.0,0.0,0.0,0.0,0.0,0.0,25.0908203125,0.0,0.0,0.0
3.0,0.0,122.09252166748047,0.0,0.0,0.0,0.0,0.0,131.67431640625,0.0,0.0,0.0,0.0,0.0,0.0,0.0,0.0,0.0,0.0,0.0,0.0,0.0,0.0,0.0,0.0,0.0,0.0,0.0,0.0,29.691280364990234,0.0,0.0,0.0
0.0,0.0,122.55030059814453,0.0,0.0,0.0,0.0,0.0,130.00857543945312,0.0,0.0,0.0,0.0,0.0,0.0,0.0,0.0,0.0,0.0,0.0,0.0,0.0,0.0,0.0,0.0,0.0,0.0,0.0,0.0,27.5327091217041,0.0,0.0,0.0
7.0,0.0,113.20478057861328,0.0,0.0,0.0,0.0,0.0,120.4112319946289,0.0,0.0,0.0,0.0,0.0,0.0,0.0,0.0,0.0,0.0,0.0,0.0,0.0,0.0,0.0,0.0,0.0,0.0,0.0,0.0,24.733095169067383,0.0,0.0,0.0
4.0,0.0,143.33445739746094,0.0,0.0,0.0,0.0,0.0,154.59072875976562,0.0,0.0,0.0,0.0,0.0,0.0,0.0,0.0,0.0,0.0,0.0,0.0,0.0,0.0,0.0,0.0,0.0,0.0,0.0,0.0,36.71925735473633,0.0,0.0,0.0
6.0,0.0,138.8490753173828,0.0,0.0,0.0,0.0,0.0,149.72872924804688,0.0,0.0,0.0,0.0,0.0,0.0,0.0,0.0,0.0,0.0,0.0,0.0,0.0,0.0,0.0,0.0,0.0,0.0,0.0,0.0,35.444217681884766,0.0,0.0,0.0
6.0,0.0,116.82291412353516,0.0,0.0,0.0,0.0,0.0,124.60421752929688,0.0,0.0,0.0,0.0,0.0,0.0,0.0,0.0,0.0,0.0,0.0,0.0,0.0,0.0,0.0,0.0,0.0,0.0,0.0,0.0,26.43579864501953,0.0,0.0,0.0
4.0,0.0,128.81719970703125,0.0,0.0,0.0,0.0,0.0,139.3974609375,0.0,0.0,0.0,0.0,0.0,0.0,0.0,0.0,0.0,0.0,0.0,0.0,0.0,0.0,0.0,0.0,0.0,0.0,0.0,0.0,32.48597717285156,0.0,0.0,0.0
6.0,0.0,155.84788513183594,0.0,0.0,0.0,0.0,0.0,165.76651000976562,0.0,0.0,0.0,0.0,0.0,0.0,0.0,0.0,0.0,0.0,0.0,0.0,0.0,0.0,0.0,0.0,0.0,0.0,0.0,0.0,43.13795471191406,0.0,0.0,0.0
5.0,0.0,118.6880111694336,0.0,0.0,0.0,0.0,0.0,126.46852111816406,0.0,0.0,0.0,0.0,0.0,0.0,0.0,0.0,0.0,0.0,0.0,0.0,0.0,0.0,0.0,0.0,0.0,0.0,0.0,0.0,26.94297218322754,0.0,0.0,0.0
6.0,0.0,157.70066833496094,0.0,0.0,0.0,0.0,0.0,166.26063537597656,0.0,0.0,0.0,0.0,0.0,0.0,0.0,0.0,0.0,0.0,0.0,0.0,0.0,0.0,0.0,0.0,0.0,0.0,0.0,0.0,38.740745544433594,0.0,0.0,0.0
6.0,0.0,129.39801025390625,0.0,0.0,0.0,0.0,0.0,140.28680419921875,0.0,0.0,0.0,0.0,0.0,0.0,0.0,0.0,0.0,0.0,0.0,0.0,0.0,0.0,0.0,0.0,0.0,0.0,0.0,0.0,32.508453369140625,0.0,0.0,0.0
3.0,0.0,142.32379150390625,0.0,0.0,0.0,0.0,0.0,153.18408203125,0.0,0.0,0.0,0.0,0.0,0.0,0.0,0.0,0.0,0.0,0.0,0.0,0.0,0.0,0.0,0.0,0.0,0.0,0.0,0.0,36.43052673339844,0.0,0.0,0.0
7.0,0.0,116.93485260009766,0.0,0.0,0.0,0.0,0.0,123.88208770751953,0.0,0.0,0.0,0.0,0.0,0.0,0.0,0.0,0.0,0.0,0.0,0.0,0.0,0.0,0.0,0.0,0.0,0.0,0.0,0.0,25.090574264526367,0.0,0.0,0.0
3.0,0.0,122.41960906982422,0.0,0.0,0.0,0.0,0.0,131.99227905273438,0.0,0.0,0.0,0.0,0.0,0.0,0.0,0.0,0.0,0.0,0.0,0.0,0.0,0.0,0.0,0.0,0.0,0.0,0.0,0.0,29.76466178894043,0.0,0.0,0.0
0.0,0.0,122.99358367919922,0.0,0.0,0.0,0.0,0.0,130.4367218017578,0.0,0.0,0.0,0.0,0.0,0.0,0.0,0.0,0.0,0.0,0.0,0.0,0.0,0.0,0.0,0.0,0.0,0.0,0.0,0.0,27.61471176147461,0.0,0.0,0.0
7.0,0.0,112.52056121826172,0.0,0.0,0.0,0.0,0.0,118.97638702392578,0.0,0.0,0.0,0.0,0.0,0.0,0.0,0.0,0.0,0.0,0.0,0.0,0.0,0.0,0.0,0.0,0.0,0.0,0.0,0.0,23.266326904296875,0.0,0.0,0.0
4.0,0.0,143.65782165527344,0.0,0.0,0.0,0.0,0.0,154.91159057617188,0.0,0.0,0.0,0.0,0.0,0.0,0.0,0.0,0.0,0.0,0.0,0.0,0.0,0.0,0.0,0.0,0.0,0.0,0.0,0.0,36.8001823425293,0.0,0.0,0.0
6.0,0.0,138.7130584716797,0.0,0.0,0.0,0.0,0.0,149.5916748046875,0.0,0.0,0.0,0.0,0.0,0.0,0.0,0.0,0.0,0.0,0.0,0.0,0.0,0.0,0.0,0.0,0.0,0.0,0.0,0.0,35.39597702026367,0.0,0.0,0.0
3.0,0.0,117.5893325805664,0.0,0.0,0.0,0.0,0.0,125.34609985351562,0.0,0.0,0.0,0.0,0.0,0.0,0.0,0.0,0.0,0.0,0.0,0.0,0.0,0.0,0.0,0.0,0.0,0.0,0.0,0.0,26.63857078552246,0.0,0.0,0.0
