0.5,0.5,0.5,0.5,0.5,0.5,0.20369,0.8,0.1,0.0,0.5,0.0,0.0,0.36,0.0,0.97153,0.0,0.9,0.9,1.0,1.0,0.5,0.0,0.0001,0.00111,0.0,1.0,1.0,1.0,0.0,1.0,1.0,0.5,0.1,1.0,1.0,0.5,0.5,0.5,1.0,1.0,0.5,0.5,0.5,0.0,0.0,1.0,1.0,1.0,0.5,0.5,1.0,0.2,1.0,1.0,1.0,1.0,1.0,0.5
0.5,0.5,0.5,0.5,0.5,0.5,0.20714,0.8,0.13333,0.0,0.5,0.0,0.0,0.64,0.0,0.94033,0.0,1.0,1.0,1.0,1.0,0.5,0.0,0.0001,0.00111,0.0,0.97426,0.84991,0.5,0.0,0.98267,0.75,0.5,0.1,1.0,1.0,0.5,0.5,0.5,1.0,1.0,0.5,0.5,0.5,0.0,0.0,1.0,1.0,1.0,0.5,0.5,0.9,0.4,0.5,1.0,1.0,1.0,0.5,0.5
0.5,0.5,0.5,0.5,0.5,0.5,0.2188,0.8,0.1,0.0,0.5,0.0,0.0,0.72,0.0,0.87253,0.0,1.0,1.0,1.0,1.0,0.5,0.0,0.0001,0.00111,0.0,1.0,1.0,1.0,0.0,1.0,1.0,0.5,0.1,1.0,1.0,0.5,0.5,0.5,1.0,1.0,0.5,0.5,0.5,0.0,0.0,1.0,1.0,1.0,0.5,0.5,1.0,0.2,1.0,1.0,1.0,1.0,1.0,0.5
0.5,0.5,0.5,0.5,0.5,0.5,0.2,0.6,0.1,0.0,0.5,0.0,0.0,0.2,0.0,0.0,1.0,1.0,1.0,1.0,1.0,0.5,0.0,0.0001,0.00111,0.0,1.0,1.0,1.0,0.0,1.0,1.0,0.5,0.1,1.0,1.0,0.5,0.5,0.5,1.0,1.0,0.5,0.5,0.5,0.0,0.0,1.0,1.0,1.0,0.5,0.5,1.0,0.2,1.0,1.0,1.0,1.0,1.0,0.5
0.5,0.5,0.5,0.5,0.5,0.5,0.2746,1.0,0.1,0.0,0.5,0.0,0.0,0.64,0.04,0.89897,0.0,0.8,1.0,0.6,1.0,0.5,0.0,0.72858,1.0,0.25,1.0,1.0,1.0,0.0,1.0,1.0,0.5,0.1,0.8,0.83475,1.0,0.5,1.0,1.0,1.0,0.5,0.5,0.5,0.0,0.0,1.0,1.0,1.0,0.5,0.5,1.0,0.2,1.0,1.0,1.0,1.0,1.0,0.5
0.5,0.5,0.5,0.5,0.5,0.5,0.21384,1.0,0.13333,0.0,0.5,0.0,0.0,0.32,0.0,0.99773,0.0,0.9,1.0,1.0,1.0,0.5,0.0,0.0001,0.00111,0.0,1.0,1.0,1.0,0.0,1.0,1.0,0.5,0.1,1.0,1.0,0.5,0.5,0.5,1.0,1.0,0.5,0.5,0.5,0.0,0.0,1.0,1.0,1.0,0.5,0.5,1.0,0.2,1.0,1.0,1.0,1.0,1.0,0.5
0.5,0.5,0.5,0.5,0.5,0.5,0.21666,1.0,0.1,0.0,0.5,0.0,0.0,0.6,0.0,0.79438,0.0,0.8,1.0,1.0,1.0,0.5,0.0,0.0001,0.00111,0.0,1.0,1.0,1.0,0.0,1.0,1.0,0.5,0.1,1.0,1.0,0.5,0.5,0.5,1.0,1.0,0.5,0.5,0.5,0.0,0.0,1.0,1.0,1.0,0.5,0.5,1.0,0.2,1.0,1.0,1.0,1.0,1.0,0.5
0.5,0.5,0.5,0.5,0.5,0.5,0.20419,0.5,0.1,0.0,0.5,0.0,0.0,0.32,0.04,0.48997,0.0,0.8,1.0,1.0,1.0,0.5,0.0,0.0001,0.00111,0.0,1.0,1.0,1.0,0.0,1.0,1.0,0.5,0.1,1.0,1.0,0.5,0.5,0.5,1.0,1.0,0.5,0.5,0.5,0.0,0.0,1.0,1.0,1.0,0.5,0.5,1.0,0.2,1.0,1.0,1.0,1.0,1.0,0.5
0.5,0.5,0.5,0.5,0.5,0.5,0.20323,0.6,0.13333,0.0,0.5,0.0,0.0,0.64,0.04,0.72194,0.0,1.0,1.0,1.0,1.0,0.5,0.0,0.59251,1.0,0.25,0.94631,0.78937,0.5,0.0,0.94862,0.25,0.5,0.1,1.0,1.0,0.5,0.5,0.5,1.0,1.0,0.5,0.5,0.5,0.0,0.0,1.0,1.0,1.0,0.5,0.5,0.9,0.4,0.5,0.0,1.0,1.0,1.0,0.5
0.5,0.5,0.5,0.5,0.5,0.5,0.20586,0.8,0.1,0.0,0.5,0.0,0.0,0.6,0.04,0.42818,0.0,0.7,1.0,1.0,1.0,0.5,0.0,0.0001,0.00111,0.0,1.0,1.0,1.0,0.0,1.0,1.0,0.5,0.1,1.0,1.0,0.5,0.5,0.5,1.0,1.0,0.5,0.5,0.5,0.0,0.0,1.0,1.0,1.0,0.5,0.5,1.0,0.2,1.0,1.0,1.0,1.0,1.0,0.5
0.5,0.5,0.5,0.5,0.5,0.5,0.2,0.6,0.1,0.0,0.5,0.0,0.0,0.2,0.0,0.0,1.0,1.0,1.0,1.0,1.0,0.5,0.0,0.0001,0.00111,0.0,1.0,1.0,1.0,0.0,1.0,1.0,0.5,0.1,1.0,1.0,0.5,0.5,0.5,1.0,1.0,0.5,0.5,0.5,0.0,0.0,1.0,1.0,1.0,0.5,0.5,1.0,0.2,1.0,1.0,1.0,1.0,1.0,0.5
0.5,0.5,0.5,0.5,0.5,0.5,0.24193,0.8,0.1,0.0,0.5,0.0,0.0,0.48,0.12,0.94054,0.0,0.6,1.0,1.0,1.0,0.5,0.0,0.0001,0.00111,0.0,1.0,1.0,1.0,0.0,1.0,1.0,0.5,0.1,0.8,0.84563,1.0,0.5,1.0,1.0,1.0,0.5,0.5,0.5,0.0,0.0,1.0,1.0,1.0,0.5,0.5,1.0,0.2,1.0,1.0,1.0,1.0,1.0,0.5
0.5,0.5,0.5,0.5,0.5,0.5,0.20564,0.6,0.1,0.0,0.5,0.0,0.0,0.28,0.04,0.50482,0.0,1.0,0.9,1.0,1.0,0.5,0.0,0.0001,0.00111,0.0,1.0,1.0,1.0,0.0,1.0,1.0,0.5,0.1,1.0,1.0,0.5,0.5,0.5,1.0,1.0,0.5,0.5,0.5,0.0,0.0,1.0,1.0,1.0,0.5,0.5,1.0,0.2,1.0,1.0,1.0,1.0,1.0,0.5
0.5,0.5,0.5,0.5,0.5,0.5,0.21686,1.0,0.1,0.0,0.5,0.0,0.0,0.32,0.0,0.96484,0.0,1.0,1.0,1.0,1.0,0.5,0.0,0.0001,0.00111,0.0,1.0,1.0,1.0,0.0,1.0,1.0,0.5,0.1,1.0,1.0,0.5,0.5,0.5,1.0,1.0,0.5,0.5,0.5,0.0,0.0,1.0,1.0,1.0,0.5,0.5,1.0,0.2,1.0,1.0,1.0,1.0,1.0,0.5
0.0,0.5,1.0,0.5,1.0,0.5,0.21767,1.0,0.13333,0.0,0.5,0.0,1.0,0.28,0.0,0.94396,0.0,1.0,1.0,1.0,1.0,1.0,0.0,0.0001,0.00111,0.0,1.0,1.0,1.0,0.0,1.0,1.0,1.0,0.1,1.0,1.0,0.5,0.5,0.5,1.0,1.0,0.5,0.5,0.5,0.0,0.0,1.0,1.0,1.0,0.5,0.5,1.0,0.2,1.0,1.0,1.0,1.0,1.0,1.0
0.5,0.5,0.5,0.5,0.5,0.5,0.21116,0.8,0.1,0.0,0.5,0.0,0.0,0.32,0.0,0.93744,0.0,1.0,1.0,1.0,1.0,0.5,0.0,0.0001,0.00111,0.0,1.0,1.0,1.0,0.0,1.0,1.0,0.5,0.1,1.0,1.0,0.5,0.5,0.5,1.0,1.0,0.5,0.5,0.5,0.0,0.0,1.0,1.0,1.0,0.5,0.5,1.0,0.2,1.0,1.0,1.0,1.0,1.0,0.5
0.0,0.0,0.0,0.0,0.8,0.8,0.19107,0.8,0.63333,0.0,0.5,0.0,0.0,0.28,0.0,0.99367,0.0,1.0,1.0,1.0,1.0,0.9,0.0,0.0001,0.00111,0.0,1.0,1.0,1.0,0.0,1.0,0.75,1.0,0.1,1.0,1.0,0.5,0.5,0.5,1.0,1.0,0.5,0.5,0.5,0.0,0.0,1.0,1.0,1.0,0.5,0.5,1.0,0.2,1.0,1.0,1.0,1.0,1.0,1.0
0.5,0.5,0.5,0.5,0.5,0.5,0.19507,0.6,0.13333,0.0,0.5,0.0,0.0,0.72,0.0,1.0,0.0,1.0,1.0,1.0,1.0,0.5,1.0,0.72761,1.0,0.5,0.99902,0.9883,0.5,0.0,1.0,0.75,0.5,0.1,1.0,1.0,0.5,0.5,0.5,1.0,1.0,0.5,0.5,0.5,0.0,0.0,1.0,1.0,1.0,0.5,0.5,0.9,0.4,0.5,0.0,1.0,1.0,0.5,0.5
0.0,0.5,0.0,0.5,0.2,0.5,0.17911,0.2,0.16667,0.0,0.5,0.0,1.0,0.72,0.0,0.0,1.0,1.0,1.0,1.0,1.0,1.0,1.0,0.73244,1.0,0.5,0.93122,0.87356,0.0,0.0,1.0,1.0,1.0,0.1,1.0,1.0,0.5,0.5,0.5,1.0,1.0,0.5,0.5,0.5,0.0,0.0,1.0,1.0,1.0,0.5,0.5,0.9,0.4,0.5,0.0,1.0,1.0,0.5,1.0
0.5,0.5,0.5,0.5,0.5,0.5,0.24433,0.8,0.1,0.0,0.5,0.0,0.0,0.64,0.0,0.94174,0.0,0.4,1.0,1.0,1.0,0.5,1.0,0.67212,1.0,0.25,1.0,1.0,1.0,0.0,1.0,1.0,0.5,0.1,1.0,1.0,0.5,0.5,0.5,1.0,1.0,0.5,0.5,0.5,0.0,0.0,1.0,1.0,1.0,0.5,0.5,0.9,0.4,1.0,1.0,1.0,1.0,0.0,0.5
0.5,0.5,0.5,0.5,0.5,0.5,0.2,0.6,0.1,0.0,0.5,0.0,0.0,0.2,0.0,0.0,1.0,1.0,1.0,1.0,1.0,0.5,0.0,0.0001,0.00111,0.0,1.0,1.0,1.0,0.0,1.0,1.0,0.5,0.1,1.0,1.0,0.5,0.5,0.5,1.0,1.0,0.5,0.5,0.5,0.0,0.0,1.0,1.0,1.0,0.5,0.5,1.0,0.2,1.0,1.0,1.0,1.0,1.0,0.5
0.5,0.5,0.5,0.5,0.5,0.5,0.25091,1.0,0.1,0.0,0.5,0.0,0.0,0.36,0.28,0.95427,0.0,1.0,1.0,0.6,1.0,0.5,0.0,0.0001,0.00111,0.0,1.0,1.0,1.0,0.0,1.0,1.0,0.5,0.1,0.2,0.25091,1.0,0.5,1.0,1.0,1.0,0.5,0.5,0.5,0.0,0.0,1.0,1.0,1.0,0.5,0.5,1.0,0.2,1.0,1.0,1.0,1.0,1.0,0.5
0.5,0.5,0.5,0.5,0.5,0.5,0.2,0.6,0.1,0.0,0.5,0.0,0.0,0.2,0.0,0.0,1.0,1.0,1.0,1.0,1.0,0.5,0.0,0.0001,0.00111,0.0,1.0,1.0,1.0,0.0,1.0,1.0,0.5,0.1,1.0,1.0,0.5,0.5,0.5,1.0,1.0,0.5,0.5,0.5,0.0,0.0,1.0,1.0,1.0,0.5,0.5,1.0,0.2,1.0,1.0,1.0,1.0,1.0,0.5
0.0,0.0,0.0,0.0,0.6,0.6,0.2,0.6,0.53333,0.0,0.5,0.0,0.0,0.2,0.0,0.0,1.0,1.0,1.0,1.0,1.0,1.0,0.0,0.0001,0.00111,0.0,1.0,1.0,1.0,0.0,1.0,1.0,1.0,0.1,1.0,1.0,0.5,0.5,0.5,1.0,1.0,0.5,0.5,0.5,0.0,0.0,1.0,1.0,1.0,0.5,0.5,1.0,0.2,1.0,1.0,1.0,1.0,1.0,1.0
0.5,0.5,0.5,0.5,0.5,0.5,0.23524,1.0,0.1,0.0,0.5,0.0,0.0,0.48,0.0,0.0,0.91695,1.0,0.7,1.0,1.0,0.5,0.0,0.0001,0.00111,0.0,1.0,1.0,1.0,0.0,0.95473,0.75,0.5,0.1,1.0,1.0,0.5,0.5,0.5,1.0,1.0,0.5,0.5,0.5,0.0,0.0,1.0,1.0,1.0,0.5,0.5,0.9,0.4,0.5,1.0,1.0,1.0,0.5,0.5
0.5,0.5,0.5,0.5,0.5,0.5,0.22064,1.0,0.1,0.0,0.5,0.0,0.0,0.4,0.04,0.4785,0.0,1.0,1.0,1.0,1.0,0.5,0.0,0.0001,0.00111,0.0,1.0,1.0,1.0,0.0,1.0,1.0,0.5,0.1,1.0,1.0,0.5,0.5,0.5,1.0,1.0,0.5,0.5,0.5,0.0,0.0,1.0,1.0,1.0,0.5,0.5,1.0,0.2,1.0,1.0,1.0,1.0,1.0,0.5
0.0,1.0,1.0,1.0,1.0,1.0,0.42287,0.8,0.56667,0.0,0.5,0.0,0.0,0.16,0.12,0.0,0.99807,1.0,1.0,1.0,1.0,0.8,0.0,0.0001,0.00111,0.0,1.0,1.0,1.0,0.0,1.0,0.75,1.0,0.1,1.0,1.0,0.5,0.5,0.5,1.0,1.0,0.5,0.5,0.5,0.0,0.0,1.0,1.0,1.0,0.5,0.5,1.0,0.2,1.0,1.0,1.0,1.0,1.0,1.0
0.5,0.5,0.5,0.5,0.5,0.5,0.29434,1.0,0.1,0.0,0.5,0.0,0.0,0.56,0.04,0.37608,0.0,0.4,0.4,1.0,1.0,0.5,0.0,0.64918,1.0,0.25,1.0,1.0,1.0,0.0,1.0,1.0,0.5,0.1,1.0,1.0,0.5,0.5,0.5,1.0,1.0,0.5,0.5,0.5,0.0,0.0,1.0,1.0,1.0,0.5,0.5,0.9,0.4,0.5,1.0,1.0,1.0,0.0,0.5
0.5,0.5,0.5,0.5,0.5,0.5,0.22087,0.6,0.1,0.0,0.5,0.0,0.0,0.56,0.04,0.39555,0.0,1.0,1.0,1.0,1.0,0.5,0.0,0.0001,0.00111,0.0,1.0,1.0,1.0,0.0,1.0,1.0,0.5,0.1,1.0,1.0,0.5,0.5,0.5,1.0,1.0,0.5,0.5,0.5,0.0,0.0,1.0,1.0,1.0,0.5,0.5,1.0,0.2,1.0,1.0,1.0,1.0,1.0,0.5
0.5,0.5,0.5,0.5,0.5,0.5,0.2,0.6,0.13333,0.0,0.5,0.0,0.0,0.2,0.0,0.0,1.0,1.0,1.0,1.0,1.0,0.5,0.0,0.0001,0.00111,0.0,1.0,1.0,1.0,0.0,1.0,1.0,0.5,0.1,1.0,1.0,0.5,0.5,0.5,1.0,1.0,0.5,0.5,0.5,0.0,0.0,1.0,1.0,1.0,0.5,0.5,1.0,0.2,1.0,1.0,1.0,1.0,1.0,0.5
0.5,0.5,0.5,0.5,0.5,0.5,0.25393,1.0,0.1,0.0,0.5,0.0,0.0,0.56,0.16,0.9668,0.0,0.8,0.8,1.0,1.0,0.5,0.0,0.0001,0.00111,0.0,1.0,1.0,1.0,0.0,1.0,1.0,0.5,0.1,1.0,1.0,0.5,0.5,0.5,1.0,1.0,0.5,0.5,0.5,0.0,0.0,1.0,1.0,1.0,0.5,0.5,1.0,0.2,1.0,1.0,1.0,1.0,1.0,0.5
0.5,0.5,0.5,0.5,0.5,0.5,0.2,0.6,0.16667,0.0,0.5,0.0,0.0,0.2,0.0,0.0,1.0,1.0,1.0,1.0,1.0,0.5,0.0,0.0001,0.00111,0.0,1.0,1.0,1.0,0.0,1.0,1.0,0.5,0.1,1.0,1.0,0.5,0.5,0.5,1.0,1.0,0.5,0.5,0.5,0.0,0.0,1.0,1.0,1.0,0.5,0.5,1.0,0.2,1.0,1.0,1.0,1.0,1.0,0.5
0.5,0.5,0.5,0.5,0.5,0.5,0.20462,0.6,0.1,0.0,0.5,0.0,0.0,0.36,0.04,0.46426,0.0,0.7,1.0,0.6,1.0,0.5,0.0,0.0001,0.00111,0.0,1.0,1.0,1.0,0.0,1.0,1.0,0.5,0.1,1.0,1.0,0.5,0.5,0.5,1.0,1.0,0.5,0.5,0.5,0.0,0.0,1.0,1.0,1.0,0.5,0.5,1.0,0.2,1.0,1.0,1.0,1.0,1.0,0.5
0.5,0.5,0.5,0.5,0.5,0.5,0.16912,0.2,0.13333,0.0,0.5,0.0,0.0,0.48,0.0,0.96604,0.0,1.0,1.0,1.0,1.0,0.5,1.0,0.01462,0.16241,0.0,1.0,1.0,1.0,1.0,1.0,1.0,0.5,0.1,1.0,1.0,0.5,0.5,0.5,1.0,1.0,0.5,0.5,0.5,0.0,0.0,1.0,1.0,1.0,0.5,0.5,1.0,0.2,1.0,1.0,1.0,1.0,1.0,0.5
0.5,0.5,0.5,0.5,0.5,0.5,0.24254,0.8,0.1,0.0,0.5,0.0,0.0,0.48,0.0,0.87109,0.0,1.0,1.0,1.0,1.0,0.5,1.0,0.74946,1.0,0.25,1.0,1.0,1.0,0.0,1.0,1.0,0.5,0.1,1.0,1.0,0.5,0.5,0.5,1.0,1.0,0.5,0.5,0.5,0.0,0.0,1.0,1.0,1.0,0.5,0.5,1.0,0.2,1.0,1.0,1.0,1.0,1.0,0.5
0.5,0.5,0.5,0.5,0.5,0.5,0.19075,0.6,0.1,0.0,0.5,0.0,0.0,0.64,0.0,0.97722,0.0,1.0,1.0,1.0,1.0,0.5,0.0,0.0001,0.00111,0.0,1.0,1.0,1.0,0.0,1.0,1.0,0.5,0.1,1.0,1.0,0.5,0.5,0.5,1.0,1.0,0.5,0.5,0.5,0.0,0.0,1.0,1.0,1.0,0.5,0.5,1.0,0.2,1.0,1.0,1.0,1.0,1.0,0.5
0.5,0.5,0.5,0.5,0.5,0.5,0.2,0.6,0.1,0.0,0.5,0.0,0.0,0.2,0.0,0.0,1.0,1.0,1.0,1.0,1.0,0.5,0.0,0.0001,0.00111,0.0,1.0,1.0,1.0,0.0,1.0,1.0,0.5,0.1,1.0,1.0,0.5,0.5,0.5,1.0,1.0,0.5,0.5,0.5,0.0,0.0,1.0,1.0,1.0,0.5,0.5,1.0,0.2,1.0,1.0,1.0,1.0,1.0,0.5
0.5,0.5,0.5,0.5,0.5,0.5,0.22917,1.0,0.1,0.0,0.5,0.0,0.0,0.76,0.08,0.93033,0.0,0.9,1.0,1.0,1.0,0.5,1.0,0.78462,1.0,0.25,1.0,1.0,1.0,0.0,1.0,0.5,0.5,0.1,0.4,0.41303,1.0,0.5,1.0,1.0,1.0,0.5,0.5,0.5,0.0,0.0,1.0,1.0,1.0,0.5,0.5,1.0,0.2,1.0,1.0,1.0,1.0,1.0,0.5
0.5,0.5,0.5,0.5,0.5,0.5,0.2,0.6,0.1,0.0,0.5,0.0,0.0,0.2,0.0,0.0,1.0,1.0,1.0,1.0,1.0,0.5,0.0,0.0001,0.00111,0.0,1.0,1.0,1.0,0.0,1.0,1.0,0.5,0.1,1.0,1.0,0.5,0.5,0.5,1.0,1.0,0.5,0.5,0.5,0.0,0.0,1.0,1.0,1.0,0.5,0.5,1.0,0.2,1.0,1.0,1.0,1.0,1.0,0.5
0.5,0.5,0.5,0.5,0.5,0.5,0.19502,0.5,0.1,0.0,0.5,0.0,0.0,0.24,0.0,0.99623,0.0,1.0,0.8,1.0,1.0,0.5,0.0,0.0001,0.00111,0.0,1.0,1.0,1.0,0.0,1.0,1.0,0.5,0.1,1.0,1.0,0.5,0.5,0.5,1.0,1.0,0.5,0.5,0.5,0.0,0.0,1.0,1.0,1.0,0.5,0.5,1.0,0.2,1.0,1.0,1.0,1.0,1.0,0.5
0.5,0.5,0.5,0.5,0.5,0.5,0.20959,0.6,0.1,0.0,0.5,0.0,0.0,0.44,0.04,0.44748,0.0,1.0,1.0,1.0,1.0,0.5,0.0,0.0001,0.00111,0.0,1.0,1.0,1.0,0.0,1.0,1.0,0.5,0.1,1.0,1.0,0.5,0.5,0.5,1.0,1.0,0.5,0.5,0.5,0.0,0.0,1.0,1.0,1.0,0.5,0.5,1.0,0.2,1.0,1.0,1.0,1.0,1.0,0.5
0.5,0.5,0.5,0.5,0.5,0.5,0.19753,0.4,0.1,0.0,0.5,0.0,0.0,0.44,0.04,0.41107,0.0,1.0,1.0,1.0,1.0,0.5,0.0,0.0001,0.00111,0.0,1.0,1.0,1.0,0.0,1.0,1.0,0.5,0.1,1.0,1.0,0.5,0.5,0.5,1.0,1.0,0.5,0.5,0.5,0.0,0.0,1.0,1.0,1.0,0.5,0.5,1.0,0.2,1.0,1.0,1.0,1.0,1.0,0.5
0.5,0.5,0.5,0.5,0.5,0.5,0.21003,1.0,0.1,0.0,0.5,0.0,0.0,0.4,0.0,0.0,0.97633,0.9,1.0,1.0,1.0,0.5,0.0,0.0001,0.00111,0.0,1.0,1.0,1.0,0.0,1.0,1.0,0.5,0.1,1.0,1.0,0.5,0.5,0.5,1.0,1.0,0.5,0.5,0.5,0.0,0.0,1.0,1.0,1.0,0.5,0.5,1.0,0.2,1.0,1.0,1.0,1.0,1.0,0.5
0.5,0.5,0.5,0.5,0.5,0.5,0.2,0.6,0.1,0.0,0.5,0.0,0.0,0.2,0.0,0.0,1.0,1.0,1.0,1.0,1.0,0.5,0.0,0.0001,0.00111,0.0,1.0,1.0,1.0,0.0,1.0,1.0,0.5,0.1,1.0,1.0,0.5,0.5,0.5,1.0,1.0,0.5,0.5,0.5,0.0,0.0,1.0,1.0,1.0,0.5,0.5,1.0,0.2,1.0,1.0,1.0,1.0,1.0,0.5
0.5,0.5,0.5,0.5,0.5,0.5,0.23945,0.8,0.1,0.0,0.5,0.0,0.0,0.52,0.08,0.0,0.96192,0.5,1.0,0.5,0.8,0.5,1.0,0.65785,1.0,0.25,1.0,1.0,1.0,0.0,1.0,1.0,0.5,0.1,0.8,0.78502,1.0,0.5,1.0,1.0,1.0,0.5,0.5,0.5,0.0,0.0,1.0,1.0,1.0,0.5,0.5,1.0,0.2,1.0,1.0,1.0,1.0,1.0,0.5
0.5,0.5,0.5,0.5,0.5,0.5,0.2,0.6,0.1,0.0,0.5,0.0,0.0,0.2,0.0,0.0,1.0,1.0,1.0,1.0,1.0,0.5,0.0,0.0001,0.00111,0.0,1.0,1.0,1.0,0.0,1.0,1.0,0.5,0.1,1.0,1.0,0.5,0.5,0.5,1.0,1.0,0.5,0.5,0.5,0.0,0.0,1.0,1.0,1.0,0.5,0.5,1.0,0.2,1.0,1.0,1.0,1.0,1.0,0.5
0.5,0.5,0.5,0.5,0.5,0.5,0.22326,0.6,0.1,0.0,0.5,0.0,0.0,0.32,0.12,0.49409,0.0,1.0,1.0,1.0,1.0,0.5,0.0,0.0001,0.00111,0.0,1.0,1.0,1.0,0.0,1.0,1.0,0.5,0.1,0.6,0.68837,1.0,0.5,1.0,1.0,1.0,0.5,0.5,0.5,0.0,0.0,1.0,1.0,1.0,0.5,0.5,1.0,0.2,1.0,1.0,1.0,1.0,1.0,0.5
0.5,0.5,0.5,0.5,0.5,0.5,0.11402,1.0,0.1,0.0,1.0,0.0,0.0,0.33,0.0,0.95192,0.0,0.86667,0.84444,1.0,1.0,0.5,0.0,0.72489,1.0,0.11111,1.0,1.0,1.0,0.0,1.0,1.0,0.5,0.1,1.0,1.0,0.5,0.5,0.5,1.0,1.0,0.5,0.5,0.5,0.0,0.0,1.0,1.0,1.0,0.5,0.5,0.9,0.2,1.0,1.0,1.0,1.0,0.0,0.5
1.0,1.0,0.0,0.0,1.0,0.9,0.07781,0.3,0.63333,0.0,1.0,0.0,0.0,0.26,0.01,0.97652,0.0,0.97778,1.0,1.0,1.0,0.86667,1.0,0.91145,1.0,0.11111,1.0,1.0,1.0,0.0,1.0,0.55556,0.88889,0.1,1.0,1.0,0.5,0.5,0.5,1.0,1.0,0.5,0.5,0.5,0.0,0.0,1.0,1.0,1.0,0.1448,0.14431,1.0,0.1,1.0,1.0,0.0,1.0,1.0,1.0
0.5,0.5,0.5,0.5,0.5,0.5,0.08084,0.1,0.16667,0.0,1.0,0.0,0.0,0.58,0.0,0.87478,0.0,1.0,1.0,1.0,1.0,0.5,0.0,0.0001,0.00111,0.0,0.86496,0.76458,0.0,0.0,0.95465,0.88889,0.5,0.1,1.0,1.0,0.5,0.5,0.5,1.0,1.0,0.5,0.5,0.5,0.0,0.0,1.0,1.0,1.0,0.5,0.5,0.9,0.3,1.0,0.5,1.0,1.0,1.0,0.5
0.5,0.5,0.5,0.5,0.5,0.5,0.10394,0.5,0.1,0.0,1.0,0.0,0.0,0.67,0.0,0.93709,0.0,1.0,1.0,1.0,1.0,0.5,1.0,0.71415,1.0,0.0,1.0,1.0,1.0,0.0,1.0,0.88889,0.5,0.1,1.0,1.0,0.5,0.5,0.5,1.0,1.0,0.5,0.5,0.5,0.0,0.0,1.0,1.0,1.0,0.5,0.5,1.0,0.1,1.0,1.0,1.0,1.0,1.0,0.5
0.5,0.5,0.5,0.5,0.5,0.5,0.09394,0.1,0.16667,0.0,1.0,0.0,0.0,0.11,0.0,0.0,0.99004,1.0,0.97778,1.0,1.0,0.5,1.0,0.91443,1.0,0.0,1.0,1.0,1.0,0.0,1.0,0.88889,0.5,0.1,1.0,1.0,0.5,0.5,0.5,1.0,1.0,0.5,0.5,0.5,0.0,0.0,1.0,1.0,1.0,0.5,0.5,1.0,0.1,1.0,1.0,1.0,1.0,1.0,0.5
0.5,0.5,0.5,0.5,0.5,0.5,0.13009,1.0,0.13333,0.0,1.0,0.0,0.0,0.48,0.3,0.99765,0.0,0.75556,0.91111,0.6,1.0,0.5,1.0,0.86666,1.0,0.11111,1.0,1.0,1.0,0.0,1.0,0.88889,0.5,0.1,0.7,0.68563,1.0,0.5,1.0,1.0,0.5,0.5,0.5,0.5,0.0,0.07987,1.0,1.0,1.0,0.5,0.5,1.0,0.1,1.0,1.0,1.0,1.0,1.0,0.5
0.5,0.5,0.5,0.5,0.5,0.5,0.09817,0.7,0.1,0.0,1.0,0.0,0.0,0.2,0.0,0.0,0.84703,0.95556,0.95556,1.0,1.0,0.5,1.0,0.96036,1.0,0.11111,1.0,1.0,1.0,0.0,1.0,0.77778,0.5,0.1,1.0,1.0,0.5,0.5,0.5,1.0,1.0,0.5,0.5,0.5,0.0,0.0,1.0,1.0,1.0,0.5,0.5,1.0,0.1,1.0,1.0,1.0,1.0,1.0,0.5
0.5,0.5,0.5,0.5,0.5,0.5,0.10653,0.6,0.1,0.0,1.0,0.0,0.0,0.3,0.04,0.0,0.86185,0.82222,0.93333,1.0,1.0,0.5,1.0,0.66636,1.0,0.0,1.0,1.0,1.0,0.0,1.0,0.88889,0.5,0.1,0.9,0.9252,1.0,0.5,1.0,1.0,1.0,0.5,0.5,0.5,0.0,0.0,1.0,1.0,1.0,0.5,0.5,1.0,0.1,1.0,1.0,1.0,1.0,1.0,0.5
1.0,1.0,1.0,1.0,1.0,1.0,0.13509,1.0,0.2,0.0,1.0,0.0,0.0,0.23,0.01,0.94781,0.0,0.93333,0.97778,1.0,1.0,0.8,0.0,0.64947,1.0,0.11111,1.0,1.0,1.0,0.0,1.0,1.0,0.88889,0.1,1.0,1.0,0.5,0.5,0.5,1.0,1.0,0.5,0.5,0.5,0.0,0.0,1.0,1.0,1.0,0.5,0.5,0.9,0.2,1.0,1.0,1.0,1.0,1.0,1.0
0.5,0.5,0.5,0.5,0.5,0.5,0.09888,0.4,0.1,0.0,1.0,0.0,0.0,0.23,0.02,0.46362,0.0,0.91111,0.86667,0.93333,1.0,0.5,1.0,0.81247,1.0,0.0,1.0,1.0,1.0,0.0,1.0,0.88889,0.5,0.1,1.0,1.0,0.5,0.5,0.5,1.0,1.0,0.5,0.5,0.5,0.0,0.0,1.0,1.0,1.0,0.5,0.5,1.0,0.1,1.0,1.0,1.0,1.0,1.0,0.5
0.5,0.5,0.5,0.5,0.5,0.5,0.12004,0.9,0.1,0.0,1.0,0.0,0.0,0.54,0.01,0.36939,0.0,0.82222,0.82222,1.0,1.0,0.5,1.0,0.44384,1.0,0.0,1.0,1.0,1.0,0.0,1.0,0.88889,0.5,0.1,1.0,1.0,0.5,0.5,0.5,1.0,1.0,0.5,0.5,0.5,0.0,0.0,1.0,1.0,1.0,0.5,0.5,1.0,0.1,1.0,1.0,1.0,1.0,1.0,0.5
0.5,0.5,0.5,0.5,0.5,0.5,0.09688,0.3,0.13333,0.0,1.0,0.0,0.0,0.41,0.01,0.72607,0.0,1.0,1.0,1.0,1.0,0.5,1.0,0.85293,1.0,0.0,1.0,1.0,1.0,0.0,1.0,1.0,0.5,0.1,1.0,1.0,0.5,0.5,0.5,1.0,1.0,0.5,0.5,0.5,0.0,0.0,1.0,1.0,1.0,0.5,0.5,1.0,0.1,1.0,1.0,1.0,1.0,1.0,0.5
0.5,0.5,0.5,0.5,0.5,0.5,0.09503,0.1,0.1,0.0,1.0,0.0,0.0,0.11,0.0,0.0,0.98819,1.0,0.97778,1.0,1.0,0.5,1.0,0.89126,1.0,0.0,1.0,1.0,1.0,0.0,1.0,0.88889,0.5,0.1,1.0,1.0,0.5,0.5,0.5,1.0,1.0,0.5,0.5,0.5,0.0,0.0,1.0,1.0,1.0,0.5,0.5,1.0,0.1,1.0,1.0,1.0,1.0,1.0,0.5
0.5,0.5,0.5,0.5,0.5,0.5,0.1559,1.0,0.13333,0.0,1.0,0.0,0.0,0.28,0.08,0.87269,0.0,0.75556,0.82222,0.75556,0.82222,0.5,0.0,0.07171,0.79676,0.0,1.0,1.0,1.0,0.0,1.0,0.88889,0.5,0.1,0.6,0.69817,1.0,0.5,1.0,1.0,1.0,0.5,0.5,0.5,0.0,0.0,1.0,1.0,1.0,0.5,0.5,1.0,0.1,1.0,1.0,1.0,1.0,1.0,0.5
0.5,0.5,0.5,0.5,0.5,0.5,0.09532,0.55,0.1,0.0,1.0,0.0,0.0,0.19,0.0,0.0,0.83364,0.93333,0.91111,1.0,1.0,0.5,1.0,0.88522,1.0,0.0,1.0,1.0,1.0,0.0,1.0,0.88889,0.5,0.1,1.0,1.0,0.5,0.5,0.5,1.0,1.0,0.5,0.5,0.5,0.0,0.0,1.0,1.0,1.0,0.5,0.5,1.0,0.1,1.0,1.0,1.0,1.0,1.0,0.5
0.5,0.5,0.5,0.5,0.5,0.5,0.10617,0.5,0.1,0.0,1.0,0.0,0.0,0.18,0.01,0.49852,0.0,0.91111,0.93333,1.0,1.0,0.5,0.0,0.7731,1.0,0.11111,1.0,1.0,1.0,1.0,1.0,1.0,0.5,0.1,0.9,0.95643,1.0,0.5,1.0,1.0,1.0,0.5,0.5,0.5,0.0,0.0,1.0,1.0,1.0,0.5,0.5,0.9,0.2,1.0,0.0,1.0,1.0,1.0,0.5
0.5,0.5,0.5,0.5,0.5,0.5,0.09376,0.2,0.13333,0.0,1.0,0.0,0.0,0.21,0.0,0.93729,0.0,0.93333,1.0,1.0,1.0,0.5,0.0,0.75605,1.0,0.11111,0.99583,0.9917,0.0,0.0,1.0,1.0,0.5,0.1,1.0,1.0,0.5,0.5,0.5,1.0,1.0,0.5,0.5,0.5,0.0,0.0,1.0,1.0,1.0,0.5,0.5,0.9,0.2,1.0,1.0,1.0,1.0,1.0,0.5
0.5,0.5,0.5,0.5,0.5,0.5,0.0874,0.1,0.13333,0.0,1.0,0.0,0.0,0.73,0.0,0.97569,0.0,1.0,1.0,1.0,1.0,0.5,1.0,0.94298,1.0,0.0,1.0,1.0,1.0,0.0,1.0,1.0,0.5,0.1,1.0,1.0,0.5,0.5,0.5,1.0,1.0,0.5,0.5,0.5,0.0,0.0,1.0,1.0,1.0,0.5,0.5,1.0,0.1,1.0,1.0,1.0,1.0,1.0,0.5
0.5,0.5,0.5,0.5,0.5,0.5,0.09674,0.3,0.1,0.0,1.0,0.0,0.0,0.73,0.0,0.9823,0.0,1.0,1.0,1.0,1.0,0.5,1.0,0.85591,1.0,0.0,1.0,1.0,1.0,0.0,1.0,0.88889,0.5,0.1,1.0,1.0,0.5,0.5,0.5,1.0,1.0,0.5,0.5,0.5,0.0,0.0,1.0,1.0,1.0,0.5,0.5,1.0,0.1,1.0,1.0,1.0,1.0,1.0,0.5
0.5,0.5,0.5,0.5,0.5,0.5,0.09503,0.1,0.13333,0.0,1.0,0.0,0.0,0.11,0.0,0.0,0.98854,1.0,0.97778,1.0,1.0,0.5,1.0,0.89126,1.0,0.0,1.0,1.0,1.0,0.0,1.0,0.88889,0.5,0.1,1.0,1.0,0.5,0.5,0.5,1.0,1.0,0.5,0.5,0.5,0.0,0.0,1.0,1.0,1.0,0.5,0.5,1.0,0.1,1.0,1.0,1.0,1.0,1.0,0.5
0.5,0.5,0.5,0.5,0.5,0.5,0.13495,1.0,0.1,0.0,1.0,0.0,0.0,0.44,0.33,0.87897,0.0,0.86667,1.0,0.6,0.91111,0.5,1.0,0.68905,1.0,0.11111,1.0,1.0,1.0,0.0,1.0,1.0,0.5,0.1,0.5,0.59437,1.0,0.5,1.0,1.0,1.0,0.5,0.5,0.5,0.0,0.0,1.0,1.0,1.0,0.5,0.5,0.9,0.2,1.0,1.0,0.0,1.0,1.0,0.5
0.5,0.5,0.5,0.5,0.5,0.5,0.09384,0.4,0.1,0.0,1.0,0.0,0.0,0.18,0.0,0.0,0.79845,0.97778,0.95556,1.0,1.0,0.5,1.0,0.91655,1.0,0.0,1.0,1.0,1.0,0.0,1.0,0.88889,0.5,0.1,1.0,1.0,0.5,0.5,0.5,1.0,1.0,0.5,0.5,0.5,0.0,0.0,1.0,1.0,1.0,0.5,0.5,1.0,0.1,1.0,1.0,1.0,1.0,1.0,0.5
0.5,0.5,0.5,0.5,0.5,0.5,0.108,0.9,0.1,0.0,1.0,0.0,0.0,0.42,0.03,0.0,0.96967,0.73333,0.88889,0.64444,1.0,0.5,0.0,0.626,1.0,0.11111,1.0,1.0,1.0,0.0,0.91985,0.55556,0.5,0.1,0.8,0.8115,1.0,0.5,1.0,0.75,0.8,0.5,0.5,0.5,0.0,0.0,1.0,1.0,1.0,0.5,0.5,0.9,0.3,0.66667,0.5,1.0,1.0,0.66667,0.5
0.5,0.5,0.5,0.5,0.5,0.5,0.11268,0.8,0.16667,0.0,1.0,0.0,0.0,0.26,0.02,0.89858,0.0,0.88889,0.73333,0.66667,0.66667,0.5,1.0,0.88976,1.0,0.44444,1.0,1.0,1.0,0.0,1.0,0.77778,0.5,0.1,1.0,1.0,0.5,0.5,0.5,1.0,1.0,0.5,0.5,0.5,0.0,0.0,1.0,1.0,1.0,0.5,0.5,0.9,0.2,1.0,1.0,1.0,1.0,1.0,0.5
1.0,1.0,1.0,1.0,0.9,1.0,0.22769,0.9,0.96667,0.0,1.0,0.0,0.0,0.08,0.1,0.98392,0.0,1.0,1.0,0.75556,0.8,0.73333,0.0,0.0001,0.00111,0.0,1.0,1.0,1.0,0.0,1.0,0.88889,0.88889,0.1,1.0,1.0,0.5,0.5,0.5,1.0,1.0,0.5,0.5,0.5,0.0,0.0,1.0,1.0,1.0,0.53747,0.28206,1.0,0.1,1.0,1.0,0.0,1.0,1.0,1.0
0.5,0.5,0.5,0.5,0.5,0.5,0.11566,0.8,0.1,0.0,1.0,0.0,0.0,0.53,0.01,0.36932,0.0,1.0,0.82222,1.0,1.0,0.5,1.0,0.51109,1.0,0.0,1.0,1.0,1.0,0.0,1.0,0.88889,0.5,0.1,1.0,1.0,0.5,0.5,0.5,1.0,1.0,0.5,0.5,0.5,0.0,0.0,1.0,1.0,1.0,0.5,0.5,1.0,0.1,1.0,1.0,1.0,1.0,1.0,0.5
0.5,0.5,0.5,0.5,0.5,0.5,0.10491,0.5,0.13333,0.0,1.0,0.0,0.0,0.32,0.02,0.73324,0.0,0.84444,0.84444,0.71111,1.0,0.5,1.0,0.94021,1.0,0.11111,1.0,1.0,1.0,0.0,1.0,0.88889,0.5,0.1,1.0,1.0,0.5,0.5,0.5,1.0,1.0,0.5,0.5,0.5,0.0,0.0,1.0,1.0,1.0,0.5,0.5,1.0,0.1,1.0,1.0,1.0,1.0,1.0,0.5
0.5,0.5,0.5,0.5,0.5,0.5,0.09503,0.1,0.1,0.0,1.0,0.0,0.0,0.11,0.0,0.0,0.98819,1.0,0.97778,1.0,1.0,0.5,1.0,0.89126,1.0,0.0,1.0,1.0,1.0,0.0,1.0,0.88889,0.5,0.1,1.0,1.0,0.5,0.5,0.5,1.0,1.0,0.5,0.5,0.5,0.0,0.0,1.0,1.0,1.0,0.5,0.5,1.0,0.1,1.0,1.0,1.0,1.0,1.0,0.5
0.5,0.5,0.5,0.5,0.5,0.5,0.1348,1.0,0.1,0.0,1.0,0.0,0.0,0.44,0.15,0.884,0.0,0.75556,1.0,0.73333,1.0,0.5,1.0,0.68127,1.0,0.11111,1.0,1.0,1.0,0.0,1.0,1.0,0.5,0.1,0.7,0.76395,1.0,0.5,1.0,0.5,0.66667,0.5,0.5,0.5,0.0,0.0,1.0,1.0,1.0,0.5,0.5,0.9,0.2,1.0,0.0,0.0,1.0,1.0,0.5
0.5,0.5,0.5,0.5,0.5,0.5,0.11599,1.0,0.13333,0.0,1.0,0.0,0.0,0.23,0.0,0.0,0.63397,0.93333,0.93333,1.0,1.0,0.5,1.0,0.89812,1.0,0.11111,1.0,1.0,1.0,0.0,1.0,0.88889,0.5,0.1,1.0,1.0,0.5,0.5,0.5,1.0,1.0,0.5,0.5,0.5,0.0,0.0,1.0,1.0,1.0,0.5,0.5,1.0,0.1,1.0,1.0,1.0,1.0,1.0,0.5
0.5,0.5,0.5,0.5,0.5,0.5,0.11073,0.9,0.1,0.0,1.0,0.0,0.0,0.45,0.02,0.94571,0.0,0.88889,0.64444,0.75556,0.84444,0.5,0.0,0.67781,1.0,0.11111,1.0,1.0,1.0,0.0,1.0,0.88889,0.5,0.1,0.9,0.89951,1.0,0.5,1.0,1.0,1.0,0.5,0.5,0.5,0.0,0.0,1.0,1.0,1.0,0.5,0.5,0.9,0.3,1.0,1.0,0.5,1.0,0.5,0.5
0.5,0.5,0.5,0.5,0.5,0.5,0.09997,0.5,0.1,0.0,1.0,0.0,0.0,0.36,0.0,0.99594,0.0,0.77778,0.68889,1.0,1.0,0.5,1.0,0.79072,1.0,0.0,1.0,1.0,1.0,0.0,1.0,0.88889,0.5,0.1,1.0,1.0,0.5,0.5,0.5,1.0,1.0,0.5,0.5,0.5,0.0,0.0,1.0,1.0,1.0,0.5,0.5,1.0,0.1,1.0,1.0,1.0,1.0,1.0,0.5
1.0,1.0,0.0,0.0,0.5,0.6,0.11226,0.9,0.33333,0.0,1.0,0.0,0.0,0.37,0.0,0.98874,0.0,1.0,1.0,1.0,1.0,0.86667,1.0,0.90008,1.0,0.11111,1.0,1.0,1.0,0.0,1.0,0.77778,1.0,0.1,1.0,1.0,0.5,0.5,0.5,1.0,1.0,0.5,0.5,0.5,0.0,0.0,1.0,1.0,1.0,0.5,0.5,1.0,0.1,1.0,1.0,1.0,1.0,1.0,1.0
0.5,0.5,0.5,0.5,0.5,0.5,0.10955,0.8,0.1,0.0,1.0,0.0,0.0,0.7,0.0,0.9527,0.0,1.0,1.0,1.0,1.0,0.5,1.0,0.61277,1.0,0.0,1.0,1.0,1.0,0.0,1.0,0.88889,0.5,0.1,1.0,1.0,0.5,0.5,0.5,1.0,1.0,0.5,0.5,0.5,0.0,0.0,1.0,1.0,1.0,0.5,0.5,1.0,0.1,1.0,1.0,1.0,1.0,1.0,0.5
0.5,0.5,0.5,0.5,0.5,0.5,0.10581,0.7,0.1,0.0,1.0,0.0,0.0,0.59,0.0,0.96814,0.0,1.0,1.0,1.0,1.0,0.5,1.0,0.6857,1.0,0.11111,1.0,1.0,1.0,0.0,1.0,1.0,0.5,0.1,1.0,1.0,0.5,0.5,0.5,1.0,1.0,0.5,0.5,0.5,0.0,0.0,1.0,1.0,1.0,0.5,0.5,0.9,0.3,1.0,0.5,1.0,1.0,1.0,0.5
0.5,0.5,0.5,0.5,0.5,0.5,0.09503,0.1,0.1,0.0,1.0,0.0,0.0,0.11,0.0,0.0,0.98819,1.0,0.97778,1.0,1.0,0.5,1.0,0.89126,1.0,0.0,1.0,1.0,1.0,0.0,1.0,0.88889,0.5,0.1,1.0,1.0,0.5,0.5,0.5,1.0,1.0,0.5,0.5,0.5,0.0,0.0,1.0,1.0,1.0,0.5,0.5,1.0,0.1,1.0,1.0,1.0,1.0,1.0,0.5
0.5,0.5,0.5,0.5,0.5,0.5,0.12948,1.0,0.1,0.0,1.0,0.0,0.0,0.35,0.35,0.97566,0.0,0.91111,1.0,0.75556,0.95556,0.5,1.0,0.70865,1.0,0.11111,1.0,1.0,1.0,0.0,1.0,1.0,0.5,0.45,0.4,0.43509,1.0,0.5,1.0,1.0,1.0,0.5,0.5,0.5,0.1845,0.0,0.55,1.0,1.0,0.5,0.5,1.0,0.1,0.0,1.0,1.0,1.0,0.0,0.5
1.0,1.0,1.0,1.0,1.0,1.0,0.80732,1.0,0.9,0.0,1.0,0.0,0.0,0.03,0.25,0.0,0.98763,0.88889,1.0,0.71111,1.0,0.73333,0.0,0.0001,0.00111,0.0,1.0,1.0,1.0,0.0,1.0,1.0,0.88889,0.1,0.2,0.80748,1.0,1.0,1.0,1.0,1.0,0.8503,0.52401,1.0,0.0,0.0,1.0,1.0,1.0,0.8503,0.52401,1.0,0.1,1.0,1.0,0.0,1.0,1.0,1.0
0.5,0.5,0.5,0.5,0.5,0.5,0.09754,0.7,0.1,0.0,1.0,0.0,0.0,0.2,0.0,0.0,0.82031,0.97778,0.95556,1.0,1.0,0.5,1.0,0.96559,1.0,0.11111,1.0,1.0,1.0,1.0,1.0,0.88889,0.5,0.1,1.0,1.0,0.5,0.5,0.5,1.0,1.0,0.5,0.5,0.5,0.0,0.0,1.0,1.0,1.0,0.5,0.5,1.0,0.1,1.0,1.0,1.0,1.0,1.0,0.5
0.5,0.5,0.5,0.5,0.5,0.5,0.10745,0.8,0.1,0.0,1.0,0.0,0.0,0.36,0.02,0.44292,0.0,0.82222,0.86667,0.97778,1.0,0.5,1.0,0.64973,1.0,0.0,1.0,1.0,1.0,0.0,1.0,0.88889,0.5,0.1,1.0,1.0,0.5,0.5,0.5,1.0,1.0,0.5,0.5,0.5,0.0,0.0,1.0,1.0,1.0,0.5,0.5,1.0,0.1,1.0,1.0,1.0,1.0,1.0,0.5
0.5,0.5,0.5,0.5,0.5,0.5,0.12404,1.0,0.1,0.0,1.0,0.0,0.0,0.23,0.01,0.4814,0.0,0.82222,0.82222,1.0,1.0,0.5,0.0,0.75222,1.0,0.11111,1.0,1.0,1.0,0.0,1.0,0.77778,0.5,0.1,1.0,1.0,0.5,0.5,0.5,1.0,1.0,0.5,0.5,0.5,0.0,0.0,1.0,1.0,1.0,0.5,0.5,0.9,0.2,1.0,1.0,1.0,1.0,0.0,0.5
0.5,0.5,0.5,0.5,0.5,0.5,0.10171,0.4,0.1,0.0,1.0,0.0,0.0,0.54,0.01,0.36686,0.0,1.0,0.82222,1.0,1.0,0.5,1.0,0.75676,1.0,0.0,1.0,1.0,1.0,0.0,1.0,0.88889,0.5,0.1,1.0,1.0,0.5,0.5,0.5,1.0,1.0,0.5,0.5,0.5,0.0,0.0,1.0,1.0,1.0,0.5,0.5,1.0,0.1,1.0,1.0,1.0,1.0,1.0,0.5
0.5,0.5,0.5,0.5,0.5,0.5,0.10826,0.5,0.1,0.0,1.0,0.0,0.0,0.31,0.01,0.43452,0.0,1.0,0.91111,1.0,1.0,0.5,1.0,0.70477,1.0,0.11111,1.0,1.0,1.0,0.0,0.9207,1.0,0.5,0.1,1.0,1.0,0.5,0.5,0.5,1.0,1.0,0.5,0.5,0.5,0.0,0.0,1.0,1.0,1.0,0.5,0.5,0.9,0.3,1.0,1.0,1.0,1.0,0.5,0.5
0.0,0.0,0.0,0.0,0.5,0.5,0.12052,0.7,0.0,0.83333,1.0,0.0,0.0,0.18,0.02,0.99089,0.0,0.93333,1.0,0.93333,0.93333,0.73333,0.0,0.43671,1.0,0.0,1.0,1.0,1.0,0.0,1.0,0.88889,0.77778,0.1,1.0,1.0,0.5,0.5,0.5,1.0,1.0,0.5,0.5,0.5,0.0,0.0,1.0,1.0,1.0,1.0,0.96524,1.0,0.1,1.0,1.0,0.0,1.0,1.0,1.0
0.5,0.5,0.5,0.5,0.5,0.5,0.09503,0.1,0.1,0.0,1.0,0.0,0.0,0.11,0.0,0.0,0.98819,1.0,0.97778,1.0,1.0,0.5,1.0,0.89126,1.0,0.0,1.0,1.0,1.0,0.0,1.0,0.88889,0.5,0.1,1.0,1.0,0.5,0.5,0.5,1.0,1.0,0.5,0.5,0.5,0.0,0.0,1.0,1.0,1.0,0.5,0.5,1.0,0.1,1.0,1.0,1.0,1.0,1.0,0.5
0.0,0.0,1.0,1.0,0.2,0.2,0.09789,0.2,0.6,0.0,1.0,0.0,0.0,0.1,0.0,0.99965,0.0,1.0,1.0,1.0,1.0,1.0,0.0,0.83226,1.0,0.0,1.0,1.0,1.0,0.0,1.0,0.88889,1.0,0.1,1.0,1.0,0.5,1.0,0.5,1.0,1.0,0.5,0.5,0.5,0.0,0.0,1.0,1.0,1.0,0.5,0.5,1.0,0.1,1.0,1.0,1.0,1.0,1.0,0.88889
0.5,0.5,0.5,0.5,0.5,0.5,0.13502,0.9,0.13333,0.0,1.0,0.0,0.0,0.26,0.1,0.87039,0.0,0.86667,0.95556,0.6,1.0,0.5,1.0,0.68218,1.0,0.33333,1.0,1.0,1.0,0.0,1.0,1.0,0.5,0.1,0.6,0.60832,1.0,0.5,1.0,0.5,0.66667,0.5,0.5,0.5,0.0,0.0,1.0,1.0,1.0,0.5,0.5,0.9,0.2,1.0,1.0,0.0,1.0,0.0,0.5
0.5,0.5,0.5,0.5,0.5,0.5,0.09404,0.3,0.1,0.0,1.0,0.0,0.0,0.17,0.0,0.0,0.84702,0.97778,0.88889,1.0,1.0,0.5,1.0,0.98069,1.0,0.11111,1.0,1.0,1.0,1.0,1.0,0.88889,0.5,0.1,1.0,1.0,0.5,0.5,0.5,1.0,1.0,0.5,0.5,0.5,0.0,0.0,1.0,1.0,1.0,0.5,0.5,1.0,0.1,1.0,1.0,1.0,1.0,1.0,0.5
0.5,0.5,0.5,0.5,0.5,0.5,0.11255,0.8,0.1,0.0,1.0,0.0,0.0,0.4,0.03,0.91953,0.0,0.68889,0.91111,0.8,1.0,0.5,1.0,0.73351,1.0,0.33333,1.0,1.0,1.0,0.0,1.0,1.0,0.5,0.1,0.8,0.82826,1.0,0.5,1.0,1.0,0.66667,0.5,0.5,0.5,0.0,0.0,1.0,1.0,1.0,0.5,0.5,0.9,0.2,1.0,1.0,1.0,1.0,0.0,0.5
0.5,0.5,0.5,0.5,0.5,0.5,0.06371,0.46667,0.13333,0.0,0.0,0.66667,0.0,0.34667,0.0,0.91938,0.0,0.90476,1.0,1.0,1.0,0.5,1.0,0.95582,1.0,0.35714,1.0,1.0,1.0,0.0,1.0,0.85714,0.5,0.06667,1.0,1.0,0.5,0.5,0.5,1.0,1.0,0.5,0.5,0.5,0.0,0.0,1.0,1.0,1.0,0.5,0.5,1.0,0.06667,1.0,1.0,1.0,1.0,1.0,0.5
0.5,0.5,0.5,0.5,0.5,0.5,0.06689,0.6,0.13333,0.0,0.0,0.66667,0.0,0.73778,0.0,0.98748,0.0,0.86667,1.0,1.0,1.0,0.5,0.0,0.27092,1.0,0.0,1.0,1.0,1.0,0.0,1.0,0.92857,0.5,0.06667,1.0,1.0,0.5,0.5,0.5,1.0,1.0,0.5,0.5,0.5,0.0,0.0,1.0,1.0,1.0,0.5,0.5,0.93333,0.13333,1.0,1.0,1.0,1.0,0.0,0.5
0.5,0.5,0.5,0.5,0.5,0.5,0.06743,0.6,0.1,0.0,0.0,0.66667,0.0,0.61333,0.0,0.97707,0.0,1.0,1.0,1.0,1.0,0.5,0.0,0.56128,1.0,0.0,1.0,1.0,1.0,0.0,1.0,0.92857,0.5,0.06667,1.0,1.0,0.5,0.5,0.5,1.0,1.0,0.5,0.5,0.5,0.0,0.0,1.0,1.0,1.0,0.5,0.5,1.0,0.06667,1.0,1.0,1.0,1.0,1.0,0.5
0.5,0.5,0.5,0.5,0.5,0.5,0.06318,0.06667,0.1,0.0,0.0,0.66667,0.0,0.07111,0.0,0.0,0.99475,0.99048,1.0,1.0,1.0,0.5,1.0,0.7755,1.0,0.07143,1.0,1.0,1.0,1.0,1.0,0.85714,0.5,0.06667,1.0,1.0,0.5,0.5,0.5,1.0,1.0,0.5,0.5,0.5,0.0,0.0,1.0,1.0,1.0,0.5,0.5,1.0,0.06667,1.0,1.0,1.0,1.0,1.0,0.5
0.5,0.5,0.5,0.5,0.5,0.5,0.0906,1.0,0.1,0.0,0.0,0.66667,0.0,0.35111,0.39556,0.99639,0.0,0.80952,0.98095,0.85714,1.0,0.5,1.0,0.98678,1.0,0.0,1.0,1.0,1.0,0.0,1.0,0.85714,0.5,0.06667,0.73333,0.75501,1.0,0.5,1.0,1.0,1.0,0.5,0.5,0.5,0.0,0.0,1.0,1.0,1.0,0.5,0.5,1.0,0.06667,1.0,1.0,1.0,1.0,1.0,0.5
0.5,0.5,0.5,0.5,0.5,0.5,0.06208,0.46667,0.1,0.0,0.0,0.66667,0.0,0.13333,0.0,0.0,0.74852,0.99048,0.95238,1.0,1.0,0.5,0.0,0.47586,1.0,0.0,1.0,1.0,1.0,1.0,1.0,0.92857,0.5,0.06667,1.0,1.0,0.5,0.5,0.5,1.0,1.0,0.5,0.5,0.5,0.0,0.0,1.0,1.0,1.0,0.5,0.5,1.0,0.06667,1.0,1.0,1.0,1.0,1.0,0.5
0.5,0.5,0.5,0.5,0.5,0.5,0.07908,0.93333,0.1,0.0,0.0,0.66667,0.0,0.32444,0.07556,0.81873,0.0,0.77143,0.92381,0.81905,0.89524,0.5,1.0,0.92226,1.0,0.28571,1.0,1.0,1.0,0.0,1.0,0.78571,0.5,0.06667,0.8,0.81292,1.0,0.5,1.0,1.0,0.75,0.5,0.5,0.5,0.0,0.0,1.0,1.0,1.0,0.5,0.5,0.93333,0.13333,1.0,1.0,0.0,1.0,0.0,0.5
0.5,0.5,0.5,0.5,0.5,0.5,0.06942,0.73333,0.1,0.0,0.0,0.66667,0.0,0.17778,0.0,0.94469,0.0,0.95238,0.91429,1.0,1.0,0.5,0.0,0.82516,1.0,0.07143,1.0,1.0,1.0,0.0,1.0,0.78571,0.5,0.06667,1.0,1.0,0.5,0.5,0.5,1.0,1.0,0.5,0.5,0.5,0.0,0.0,1.0,1.0,1.0,0.5,0.5,1.0,0.06667,1.0,1.0,1.0,1.0,1.0,0.5
0.5,0.5,0.5,0.5,0.5,0.5,0.06886,0.73333,0.1,0.0,0.0,0.66667,0.0,0.43556,0.00444,0.40156,0.0,0.75238,0.58095,1.0,1.0,0.5,1.0,0.98517,1.0,0.85714,1.0,1.0,1.0,0.0,1.0,0.85714,0.5,0.06667,1.0,1.0,0.5,0.5,0.5,1.0,1.0,0.5,0.5,0.5,0.0,0.0,1.0,1.0,1.0,0.5,0.5,0.93333,0.13333,1.0,0.0,1.0,1.0,1.0,0.5
0.0,0.0,0.0,0.0,0.46667,0.26667,0.03164,0.06667,0.4,0.0,0.0,0.66667,0.0,0.47111,0.01778,0.99314,0.0,1.0,1.0,0.89524,0.89524,0.58095,1.0,0.86115,1.0,0.07143,0.84777,0.73576,0.0,0.0,0.9024,0.85714,1.0,0.06667,1.0,1.0,0.5,0.5,0.5,1.0,1.0,0.5,0.5,0.5,0.0,0.10292,1.0,1.0,1.0,0.10504,0.12864,0.93333,0.13333,1.0,1.0,1.0,1.0,0.0,1.0
0.5,0.5,0.5,0.5,0.5,0.5,0.06726,0.46667,0.1,0.0,0.0,0.66667,0.0,0.25333,0.00444,0.40233,0.0,0.8381,0.72381,1.0,1.0,0.5,1.0,0.95095,1.0,0.42857,1.0,1.0,1.0,0.0,1.0,0.85714,0.5,0.06667,1.0,1.0,0.5,0.5,0.5,1.0,1.0,0.5,0.5,0.5,0.0,0.0,1.0,1.0,1.0,0.5,0.5,0.93333,0.13333,1.0,0.0,1.0,1.0,1.0,0.5
0.5,0.5,0.5,0.5,0.5,0.5,0.06543,0.13333,0.1,0.0,0.0,0.66667,0.0,0.07556,0.0,0.98615,0.0,0.99048,1.0,1.0,1.0,0.5,1.0,0.79525,1.0,0.07143,1.0,1.0,1.0,1.0,1.0,0.85714,0.5,0.06667,1.0,1.0,0.5,0.5,0.5,1.0,1.0,0.5,0.5,0.5,0.0,0.0,1.0,1.0,1.0,0.5,0.5,1.0,0.06667,1.0,1.0,1.0,1.0,1.0,0.5
0.5,0.5,0.5,0.5,0.5,0.5,0.06667,0.53333,0.03333,0.0,0.0,0.66667,0.0,0.06667,0.0,0.5,0.5,0.5,0.5,0.5,0.5,0.5,0.5,0.0,0.0,0.07143,1.0,1.0,1.0,0.0,0.0,0.5,0.5,0.06667,1.0,1.0,0.5,0.5,0.5,1.0,1.0,0.5,0.5,0.5,0.5,0.5,1.0,0.5,0.5,0.5,0.5,0.93333,0.13333,1.0,1.0,1.0,1.0,0.5,0.5
0.5,0.5,0.5,0.5,0.5,0.5,0.06292,0.33333,0.1,0.0,0.0,0.66667,0.0,0.12889,0.0,0.0,0.85313,0.9619,0.93333,1.0,1.0,0.5,0.0,0.4887,1.0,0.0,1.0,1.0,1.0,0.0,1.0,0.92857,0.5,0.06667,1.0,1.0,0.5,0.5,0.5,1.0,1.0,0.5,0.5,0.5,0.0,0.0,1.0,1.0,1.0,0.5,0.5,1.0,0.06667,1.0,1.0,1.0,1.0,1.0,0.5
0.0,0.0,0.0,0.0,0.36667,0.4,0.0566,0.16667,0.23333,0.0,0.0,0.66667,0.0,0.13333,0.00444,0.527,0.0,0.9619,0.98095,1.0,1.0,0.94286,1.0,0.78999,1.0,0.07143,1.0,1.0,1.0,1.0,1.0,1.0,0.92857,0.06667,1.0,1.0,0.5,0.5,0.5,1.0,1.0,0.5,0.5,0.5,0.0,0.0,1.0,1.0,1.0,0.5,0.5,0.93333,0.13333,1.0,1.0,1.0,1.0,0.0,0.92857
0.5,0.5,0.5,0.5,0.5,0.5,0.06868,0.4,0.1,0.0,0.0,0.66667,0.0,0.13333,0.01333,0.92763,0.0,0.86667,0.87619,0.84762,0.90476,0.5,1.0,0.9372,1.0,0.07143,1.0,1.0,1.0,0.0,0.61511,0.85714,0.5,0.06667,0.86667,0.91137,1.0,0.5,1.0,0.5,0.66667,0.5,0.5,0.5,0.0,0.0,1.0,1.0,1.0,0.5,0.5,0.93333,0.13333,1.0,0.0,0.0,1.0,1.0,0.5
0.5,0.5,0.5,0.5,0.5,0.5,0.05991,0.06667,0.13333,0.0,0.0,0.66667,0.0,0.21778,0.0,0.96123,0.0,0.99048,1.0,1.0,1.0,0.5,1.0,0.73483,1.0,0.07143,1.0,1.0,1.0,0.0,1.0,0.78571,0.5,0.06667,1.0,1.0,0.5,0.5,0.5,1.0,1.0,0.5,0.5,0.5,0.0,0.0,1.0,1.0,1.0,0.5,0.5,1.0,0.06667,1.0,1.0,1.0,1.0,1.0,0.5
0.5,0.5,0.5,0.5,0.5,0.5,0.06801,0.6,0.1,0.0,0.0,0.66667,0.0,0.59111,0.0,1.0,0.0,1.0,0.86667,1.0,1.0,0.5,0.0,0.57105,1.0,0.0,1.0,1.0,1.0,0.0,1.0,0.92857,0.5,0.06667,1.0,1.0,0.5,0.5,0.5,1.0,1.0,0.5,0.5,0.5,0.0,0.0,1.0,1.0,1.0,0.5,0.5,1.0,0.06667,1.0,1.0,1.0,1.0,1.0,0.5
0.5,0.5,0.5,0.5,0.5,0.5,0.07092,0.8,0.1,0.0,0.0,0.66667,0.0,0.46667,0.0,0.89547,0.0,0.94286,0.90476,1.0,1.0,0.5,1.0,0.89664,1.0,0.28571,1.0,1.0,1.0,0.0,1.0,0.71429,0.5,0.06667,1.0,1.0,0.5,0.5,0.5,1.0,1.0,0.5,0.5,0.5,0.0,0.0,1.0,1.0,1.0,0.5,0.5,0.93333,0.13333,1.0,1.0,1.0,1.0,0.0,0.5
0.5,0.5,0.5,0.5,0.5,0.5,0.06413,0.06667,0.1,0.0,0.0,0.66667,0.0,0.07111,0.0,0.98436,0.0,0.99048,1.0,1.0,1.0,0.5,1.0,0.77896,1.0,0.07143,1.0,1.0,1.0,1.0,1.0,0.85714,0.5,0.06667,1.0,1.0,0.5,0.5,0.5,1.0,1.0,0.5,0.5,0.5,0.0,0.0,1.0,1.0,1.0,0.5,0.5,1.0,0.06667,1.0,1.0,1.0,1.0,1.0,0.5
0.5,0.5,0.5,0.5,0.5,0.5,0.08817,0.93333,0.1,0.0,0.0,0.66667,0.0,0.31111,0.38667,0.97312,0.0,0.81905,0.9619,0.67619,0.88571,0.5,1.0,0.95972,1.0,0.0,1.0,1.0,1.0,0.0,1.0,0.85714,0.5,0.06667,0.53333,0.53115,1.0,0.5,1.0,1.0,1.0,0.5,0.5,0.5,0.0,0.0,1.0,1.0,1.0,0.5,0.5,1.0,0.06667,1.0,1.0,1.0,1.0,1.0,0.5
0.5,0.5,0.5,0.5,0.5,0.5,0.06664,0.46667,0.06667,0.0,0.0,0.66667,0.0,0.06667,0.0,0.5,0.5,1.0,1.0,1.0,1.0,0.5,1.0,0.54818,1.0,0.0,1.0,1.0,1.0,0.0,1.0,1.0,0.5,0.06667,1.0,1.0,0.5,0.5,0.5,1.0,1.0,0.5,0.5,0.5,0.5,0.5,1.0,1.0,1.0,0.5,0.5,1.0,0.06667,1.0,1.0,1.0,1.0,1.0,0.5
0.5,0.5,0.5,0.5,0.5,0.5,0.07025,0.8,0.1,0.0,0.0,0.66667,0.0,0.25333,0.01333,0.98051,0.0,0.8,0.91429,0.89524,1.0,0.5,1.0,0.84486,1.0,0.28571,1.0,1.0,1.0,0.0,1.0,0.71429,0.5,0.06667,0.93333,0.94204,1.0,0.5,1.0,1.0,0.75,0.5,0.5,0.5,0.0,0.0,1.0,1.0,1.0,0.5,0.5,0.93333,0.13333,1.0,1.0,1.0,1.0,0.0,0.5
0.5,0.5,0.5,0.5,0.5,0.5,0.06546,0.4,0.1,0.0,0.0,0.66667,0.0,0.17333,0.00444,0.48158,0.0,0.94286,0.86667,1.0,1.0,0.5,1.0,0.81253,1.0,0.07143,0.99378,0.98764,0.0,1.0,0.98217,0.85714,0.5,0.06667,1.0,1.0,0.5,0.5,0.5,1.0,1.0,0.5,0.5,0.5,0.0,0.0,1.0,1.0,1.0,0.5,0.5,0.93333,0.13333,1.0,0.0,1.0,1.0,1.0,0.5
0.5,0.5,0.5,0.5,0.5,0.5,0.07138,0.86667,0.1,0.0,0.0,0.66667,0.0,0.39556,0.00444,0.3752,0.0,0.87619,0.87619,1.0,1.0,0.5,0.0,0.62909,1.0,0.0,1.0,1.0,1.0,0.0,1.0,0.92857,0.5,0.06667,1.0,1.0,0.5,0.5,0.5,1.0,1.0,0.5,0.5,0.5,0.0,0.0,1.0,1.0,1.0,0.5,0.5,1.0,0.06667,1.0,1.0,1.0,1.0,1.0,0.5
0.5,0.5,0.5,0.5,0.5,0.5,0.07341,0.93333,0.1,0.0,0.0,0.66667,0.0,0.38667,0.00444,0.36302,0.0,0.91429,0.89524,1.0,1.0,0.5,0.0,0.66539,1.0,0.0,1.0,1.0,1.0,0.0,1.0,0.92857,0.5,0.06667,1.0,1.0,0.5,0.5,0.5,1.0,1.0,0.5,0.5,0.5,0.0,0.0,1.0,1.0,1.0,0.5,0.5,1.0,0.06667,1.0,1.0,1.0,1.0,1.0,0.5
0.5,0.5,0.5,0.5,0.5,0.5,0.06449,0.13333,0.1,0.0,0.0,0.66667,0.0,0.07111,0.0,0.99892,0.0,0.99048,1.0,1.0,1.0,0.5,1.0,0.78919,1.0,0.07143,1.0,1.0,1.0,1.0,1.0,0.85714,0.5,0.06667,1.0,1.0,0.5,0.5,0.5,1.0,1.0,0.5,0.5,0.5,0.0,0.0,1.0,1.0,1.0,0.5,0.5,1.0,0.06667,1.0,1.0,1.0,1.0,1.0,0.5
0.5,0.5,0.5,0.5,0.5,0.5,0.0841,0.86667,0.1,0.0,0.0,0.66667,0.0,0.23556,0.22667,0.89641,0.0,0.85714,0.94286,0.6381,0.8381,0.5,0.0,0.84491,1.0,0.07143,1.0,1.0,1.0,0.0,1.0,0.85714,0.5,0.06667,0.4,0.41259,1.0,0.5,1.0,1.0,0.66667,0.5,0.5,0.5,0.0,0.0,1.0,1.0,1.0,0.5,0.5,0.93333,0.13333,1.0,1.0,0.0,1.0,0.0,0.5
0.5,0.5,0.5,0.5,0.5,0.5,0.06285,0.46667,0.13333,0.0,0.0,0.66667,0.0,0.14667,0.0,0.0,0.62132,0.97143,0.98095,1.0,1.0,0.5,1.0,0.8964,1.0,0.21429,1.0,1.0,1.0,1.0,1.0,0.78571,0.5,0.06667,1.0,1.0,0.5,0.5,0.5,1.0,1.0,0.5,0.5,0.5,0.0,0.0,1.0,1.0,1.0,0.5,0.5,0.93333,0.13333,1.0,1.0,0.0,1.0,0.0,0.5
0.5,0.5,0.5,0.5,0.5,0.5,0.07145,0.8,0.1,0.0,0.0,0.66667,0.0,0.24889,0.00889,0.95281,0.0,0.85714,1.0,0.88571,0.93333,0.5,0.0,0.66459,1.0,0.07143,1.0,1.0,1.0,0.0,0.91998,1.0,0.5,0.06667,0.93333,0.94292,1.0,0.5,1.0,1.0,1.0,0.5,0.5,0.5,0.0,0.0,1.0,1.0,1.0,0.5,0.5,0.93333,0.2,0.66667,0.5,0.5,1.0,1.0,0.5
0.5,0.5,0.5,0.5,0.5,0.5,0.05872,0.26667,0.13333,0.0,0.0,0.66667,0.0,0.26222,0.00444,0.41884,0.0,0.99048,0.94286,1.0,1.0,0.5,1.0,0.72649,1.0,0.07143,1.0,1.0,1.0,0.0,1.0,0.85714,0.5,0.06667,1.0,1.0,0.5,0.5,0.5,1.0,1.0,0.5,0.5,0.5,0.0,0.0,1.0,1.0,1.0,0.5,0.5,1.0,0.06667,1.0,1.0,1.0,1.0,1.0,0.5
0.5,0.5,0.5,0.5,0.5,0.5,0.0666,0.6,0.1,0.0,0.0,0.66667,0.0,0.66222,0.0,0.97218,0.0,1.0,1.0,1.0,1.0,0.5,0.0,0.54752,1.0,0.0,1.0,1.0,1.0,0.0,1.0,0.92857,0.5,0.06667,1.0,1.0,0.5,0.5,0.5,1.0,1.0,0.5,0.5,0.5,0.0,0.0,1.0,1.0,1.0,0.5,0.5,1.0,0.06667,1.0,1.0,1.0,1.0,1.0,0.5
0.5,0.5,0.5,0.5,0.5,0.5,0.07559,0.93333,0.1,0.0,0.0,0.66667,0.0,0.62667,0.0,0.97079,0.0,1.0,1.0,1.0,1.0,0.5,0.0,0.70548,1.0,0.0,1.0,1.0,1.0,0.0,1.0,0.92857,0.5,0.06667,1.0,1.0,0.5,0.5,0.5,1.0,1.0,0.5,0.5,0.5,0.0,0.0,1.0,1.0,1.0,0.5,0.5,1.0,0.06667,1.0,1.0,1.0,1.0,1.0,0.5
0.5,0.5,0.5,0.5,0.5,0.5,0.06318,0.06667,0.1,0.0,0.0,0.66667,0.0,0.07111,0.0,0.0,0.99475,0.99048,1.0,1.0,1.0,0.5,1.0,0.7755,1.0,0.07143,1.0,1.0,1.0,1.0,1.0,0.85714,0.5,0.06667,1.0,1.0,0.5,0.5,0.5,1.0,1.0,0.5,0.5,0.5,0.0,0.0,1.0,1.0,1.0,0.5,0.5,1.0,0.06667,1.0,1.0,1.0,1.0,1.0,0.5
0.0,0.0,0.0,0.0,0.06667,0.06667,0.04781,0.06667,0.4,0.0,0.0,0.66667,0.0,0.07111,0.0,0.99942,0.0,1.0,1.0,1.0,1.0,0.98095,0.0,0.64218,1.0,0.07143,1.0,1.0,1.0,1.0,1.0,1.0,1.0,0.06667,1.0,1.0,0.5,0.5,0.5,1.0,1.0,0.5,0.5,0.5,0.0,0.0,1.0,1.0,1.0,0.5,0.5,1.0,0.06667,1.0,1.0,1.0,1.0,1.0,0.92857
0.5,0.5,0.5,0.5,0.5,0.5,0.08317,0.93333,0.1,0.0,0.0,0.66667,0.0,0.31556,0.38667,0.84361,0.0,0.79048,0.86667,0.67619,0.97143,0.5,1.0,0.88443,1.0,0.28571,1.0,1.0,1.0,0.0,1.0,0.78571,0.5,0.06667,0.46667,0.47595,1.0,0.5,1.0,0.5,0.5,0.5,0.5,0.5,0.0,0.0,1.0,1.0,1.0,0.5,0.5,0.93333,0.13333,1.0,1.0,0.0,1.0,0.0,0.5
1.0,1.0,1.0,1.0,1.0,1.0,0.21856,1.0,0.4,0.0,0.0,0.66667,0.0,0.08,0.29778,0.99785,0.0,0.8,1.0,0.75238,0.86667,0.79048,0.0,0.6582,1.0,0.21429,1.0,1.0,1.0,0.0,1.0,0.71429,0.85714,0.06667,0.46667,0.63209,1.0,1.0,1.0,1.0,0.33333,0.5,0.5,0.5,0.0,0.15497,1.0,1.0,1.0,1.0,0.43169,0.93333,0.13333,1.0,1.0,0.0,1.0,0.0,1.0
0.5,0.5,0.5,0.5,0.5,0.5,0.06299,0.4,0.1,0.0,0.0,0.66667,0.0,0.13778,0.0,0.0,0.87057,0.94286,0.88571,1.0,1.0,0.5,0.0,0.48979,1.0,0.0,1.0,1.0,1.0,0.0,1.0,0.85714,0.5,0.06667,1.0,1.0,0.5,0.5,0.5,1.0,1.0,0.5,0.5,0.5,0.0,0.0,1.0,1.0,1.0,0.5,0.5,1.0,0.06667,1.0,1.0,1.0,1.0,1.0,0.5
0.5,0.5,0.5,0.5,0.5,0.5,0.06503,0.4,0.1,0.0,0.0,0.66667,0.0,0.32,0.0,0.85234,0.0,0.81905,0.99048,1.0,1.0,0.5,0.0,0.52206,1.0,0.0,1.0,1.0,1.0,0.0,1.0,0.92857,0.5,0.06667,0.93333,0.93341,1.0,0.5,1.0,1.0,1.0,0.5,0.5,0.5,0.0,0.0,1.0,1.0,1.0,0.5,0.5,1.0,0.06667,1.0,1.0,1.0,1.0,1.0,0.5
0.5,0.5,0.5,0.5,0.5,0.5,0.05949,0.13333,0.16667,0.0,0.0,0.66667,0.0,0.17778,0.00444,0.87748,0.0,0.9619,0.9619,1.0,1.0,0.5,1.0,0.89475,1.0,0.14286,0.94841,0.90188,0.0,0.0,0.84817,0.78571,0.5,0.06667,1.0,1.0,0.5,0.5,0.5,1.0,1.0,0.5,0.5,0.5,0.0,0.0,1.0,1.0,1.0,0.5,0.5,0.93333,0.13333,1.0,0.0,1.0,1.0,1.0,0.5
0.5,0.5,0.5,0.5,0.5,0.5,0.0716,0.73333,0.1,0.0,0.0,0.66667,0.0,0.48,0.00444,0.38872,0.0,0.7619,0.87619,1.0,1.0,0.5,1.0,0.82033,1.0,0.07143,1.0,1.0,1.0,0.0,1.0,0.85714,0.5,0.06667,1.0,1.0,0.5,0.5,0.5,1.0,1.0,0.5,0.5,0.5,0.0,0.0,1.0,1.0,1.0,0.5,0.5,1.0,0.06667,1.0,1.0,1.0,1.0,1.0,0.5
0.0,0.0,0.0,0.0,0.46667,0.33333,0.00941,0.2,0.0,0.75,0.0,0.66667,0.0,0.36444,0.01778,0.0,0.99833,1.0,1.0,0.62857,0.62857,0.77143,0.0,0.92836,1.0,0.07143,0.24034,0.13658,0.0,0.0,1.0,0.35714,0.92857,0.06667,1.0,1.0,0.5,0.5,0.5,1.0,1.0,0.5,0.5,0.5,0.0,0.0,1.0,1.0,1.0,0.0,0.1976,0.93333,0.13333,1.0,1.0,1.0,1.0,0.0,0.92857
0.5,0.5,0.5,0.5,0.5,0.5,0.07361,0.93333,0.1,0.0,0.0,0.66667,0.0,0.37333,0.00444,0.37439,0.0,0.77143,0.87619,1.0,1.0,0.5,0.0,0.66896,1.0,0.0,1.0,1.0,1.0,0.0,1.0,0.92857,0.5,0.06667,1.0,1.0,0.5,0.5,0.5,1.0,1.0,0.5,0.5,0.5,0.0,0.0,1.0,1.0,1.0,0.5,0.5,1.0,0.06667,1.0,1.0,1.0,1.0,1.0,0.5
0.0,0.0,0.0,0.0,0.6,0.6,0.06974,0.6,0.16667,0.0,0.0,0.66667,0.0,0.26222,0.00444,0.82684,0.0,1.0,1.0,1.0,1.0,0.50476,0.0,0.60038,1.0,0.0,1.0,1.0,1.0,0.0,1.0,1.0,1.0,0.06667,1.0,1.0,0.5,0.5,0.5,1.0,1.0,0.5,0.5,0.5,0.0,0.0,1.0,1.0,1.0,0.5,0.5,1.0,0.06667,1.0,1.0,1.0,1.0,1.0,1.0
0.5,0.5,0.5,0.5,0.5,0.5,0.06318,0.06667,0.1,0.0,0.0,0.66667,0.0,0.07111,0.0,0.0,0.99475,0.99048,1.0,1.0,1.0,0.5,1.0,0.7755,1.0,0.07143,1.0,1.0,1.0,1.0,1.0,0.85714,0.5,0.06667,1.0,1.0,0.5,0.5,0.5,1.0,1.0,0.5,0.5,0.5,0.0,0.0,1.0,1.0,1.0,0.5,0.5,1.0,0.06667,1.0,1.0,1.0,1.0,1.0,0.5
0.0,0.5,1.0,0.5,0.13333,0.5,0.06349,0.13333,0.13333,0.0,0.0,0.66667,1.0,0.07111,0.0,0.0,0.99756,0.99048,0.99048,1.0,1.0,0.99048,0.0,0.49766,1.0,0.0,1.0,1.0,1.0,0.0,1.0,1.0,1.0,0.06667,0.93333,0.94429,1.0,1.0,0.98396,1.0,1.0,0.5,0.5,0.5,0.0,0.0,1.0,1.0,1.0,0.5,0.5,1.0,0.06667,1.0,1.0,1.0,1.0,1.0,0.92857
0.0,0.0,1.0,1.0,0.13333,0.13333,0.03534,0.13333,0.66667,0.0,0.0,0.66667,0.0,0.06667,0.00444,0.0,0.99773,1.0,1.0,1.0,1.0,0.99048,1.0,0.46272,1.0,0.14286,0.66831,0.50185,0.0,0.0,1.0,0.78571,0.92857,0.06667,1.0,1.0,0.5,1.0,0.5,1.0,1.0,0.5,0.5,0.5,0.0,0.0,1.0,1.0,1.0,1.0,0.9637,0.93333,0.13333,1.0,1.0,1.0,1.0,0.0,0.92857
0.5,0.5,0.5,0.5,0.5,0.5,0.0807,0.93333,0.1,0.0,0.0,0.66667,0.0,0.22222,0.20889,0.96823,0.0,0.80952,0.85714,0.74286,0.92381,0.5,1.0,0.80404,1.0,0.0,1.0,1.0,1.0,0.0,1.0,0.85714,0.5,0.06667,0.26667,0.29895,1.0,0.5,1.0,1.0,1.0,0.5,0.5,0.5,0.0,0.0,1.0,1.0,1.0,0.5,0.5,1.0,0.06667,1.0,1.0,1.0,1.0,1.0,0.5
0.5,0.5,0.5,0.5,0.5,0.5,0.06316,0.33333,0.1,0.0,0.0,0.66667,0.0,0.11111,0.00444,0.59183,0.0,0.98095,0.91429,1.0,1.0,0.5,0.0,0.49241,1.0,0.0,1.0,1.0,1.0,0.0,1.0,0.92857,0.5,0.06667,1.0,1.0,0.5,0.5,0.5,1.0,1.0,0.5,0.5,0.5,0.0,0.0,1.0,1.0,1.0,0.5,0.5,1.0,0.06667,1.0,1.0,1.0,1.0,1.0,0.5
0.5,0.5,0.5,0.5,0.5,0.5,0.06904,0.8,0.1,0.0,0.0,0.66667,0.0,0.28444,0.00444,0.40536,0.0,0.92381,0.73333,1.0,1.0,0.5,1.0,0.86696,1.0,0.28571,1.0,1.0,1.0,0.0,1.0,0.71429,0.5,0.06667,1.0,1.0,0.5,0.5,0.5,1.0,1.0,0.5,0.5,0.5,0.0,0.0,1.0,1.0,1.0,0.5,0.5,0.93333,0.13333,1.0,1.0,1.0,1.0,0.0,0.5
0.5,0.5,0.5,0.5,0.5,0.5,0.3796,0.8,0.1,0.0,0.5,0.0,0.0,0.28,0.0,0.89076,0.0,1.0,1.0,1.0,1.0,0.5,0.0,0.0001,0.00111,0.0,1.0,1.0,1.0,0.0,1.0,1.0,0.5,0.1,1.0,1.0,0.5,0.5,0.5,1.0,1.0,0.5,0.5,0.5,0.0,0.0,1.0,1.0,1.0,0.5,0.5,1.0,0.2,1.0,1.0,1.0,1.0,1.0,0.5
0.5,0.5,0.5,0.5,0.5,0.5,0.36779,0.8,0.1,0.0,0.5,0.0,0.0,0.2,0.0,0.91904,0.0,0.9,0.9,1.0,1.0,0.5,0.0,0.0001,0.00111,0.0,1.0,1.0,1.0,0.0,1.0,1.0,0.5,0.1,1.0,1.0,0.5,0.5,0.5,1.0,1.0,0.5,0.5,0.5,0.0,0.0,1.0,1.0,1.0,0.5,0.5,1.0,0.2,1.0,1.0,1.0,1.0,1.0,0.5
0.5,0.5,0.5,0.5,0.5,0.5,0.10456,0.4,0.1,0.0,0.5,0.0,0.0,0.52,0.0,0.99393,0.0,0.4,1.0,1.0,1.0,0.5,1.0,0.70262,1.0,0.0,1.0,1.0,1.0,0.0,1.0,1.0,0.5,0.1,1.0,1.0,0.5,0.5,0.5,1.0,1.0,0.5,0.5,0.5,0.0,0.0,1.0,1.0,1.0,0.5,0.5,1.0,0.2,1.0,1.0,1.0,1.0,1.0,0.5
0.5,0.5,0.5,0.5,0.5,0.5,0.02191,0.2,0.1,0.0,0.5,0.0,0.0,0.16,0.0,0.0,0.99799,0.9,1.0,1.0,1.0,0.5,1.0,0.64644,1.0,0.5,0.92285,0.85675,0.0,0.0,1.0,0.75,0.5,0.1,1.0,1.0,0.5,0.5,0.5,1.0,1.0,0.5,0.5,0.5,0.0,0.0,1.0,1.0,1.0,0.5,0.5,0.9,0.4,1.0,1.0,1.0,1.0,0.0,0.5
0.5,0.5,0.5,0.5,0.5,0.5,0.52728,1.0,0.1,0.0,0.5,0.0,0.0,0.16,0.2,0.0,0.903,0.8,0.8,1.0,1.0,0.5,0.0,0.0001,0.00111,0.0,1.0,1.0,1.0,0.0,1.0,1.0,0.5,0.1,1.0,1.0,0.5,0.5,0.5,1.0,1.0,0.5,0.5,0.5,0.0,0.0,1.0,1.0,1.0,0.5,0.5,1.0,0.2,1.0,1.0,1.0,1.0,1.0,0.5
0.5,0.5,0.5,0.5,0.5,0.5,0.40685,1.0,0.1,0.0,0.5,0.0,0.0,0.24,0.0,0.0,0.96817,0.9,0.8,1.0,1.0,0.5,0.0,0.0001,0.00111,0.0,1.0,1.0,1.0,0.0,1.0,1.0,0.5,0.1,1.0,1.0,0.5,0.5,0.5,1.0,1.0,0.5,0.5,0.5,0.0,0.0,1.0,1.0,1.0,0.5,0.5,1.0,0.2,1.0,1.0,1.0,1.0,1.0,0.5
0.5,0.5,0.5,0.5,0.5,0.5,0.44643,0.8,0.1,0.0,0.5,0.0,0.0,0.08,0.0,0.97205,0.0,0.7,1.0,1.0,1.0,0.5,0.0,0.0001,0.00111,0.0,1.0,1.0,1.0,0.0,1.0,1.0,0.5,0.1,1.0,1.0,0.5,0.5,0.5,1.0,1.0,0.5,0.5,0.5,0.0,0.0,1.0,1.0,1.0,0.5,0.5,1.0,0.2,1.0,1.0,1.0,1.0,1.0,0.5
0.5,0.5,0.5,0.5,0.5,0.5,0.0156,0.2,0.1,0.0,0.5,0.0,0.0,0.24,0.04,0.51412,0.0,0.9,1.0,1.0,1.0,0.5,0.0,0.03004,0.33379,0.25,1.0,1.0,1.0,0.0,1.0,0.5,0.5,0.1,1.0,1.0,0.5,0.5,0.5,1.0,1.0,0.5,0.5,0.5,0.0,0.0,1.0,1.0,1.0,0.5,0.5,1.0,0.2,1.0,1.0,1.0,1.0,1.0,0.5
0.5,0.5,0.5,0.5,0.5,0.5,0.49331,1.0,0.1,0.0,0.5,0.0,0.0,0.36,0.04,0.36994,0.0,0.5,0.6,1.0,1.0,0.5,0.0,0.0001,0.00111,0.0,1.0,1.0,1.0,0.0,1.0,1.0,0.5,0.1,1.0,1.0,0.5,0.5,0.5,1.0,1.0,0.5,0.5,0.5,0.0,0.0,1.0,1.0,1.0,0.5,0.5,1.0,0.2,1.0,1.0,1.0,1.0,1.0,0.5
0.5,0.5,0.5,0.5,0.5,0.5,0.05596,0.6,0.1,0.0,0.5,0.0,0.0,0.32,0.04,0.3817,0.0,1.0,0.7,1.0,1.0,0.5,1.0,0.38667,1.0,0.0,1.0,1.0,1.0,0.0,1.0,1.0,0.5,0.1,1.0,1.0,0.5,0.5,0.5,1.0,1.0,0.5,0.5,0.5,0.0,0.0,1.0,1.0,1.0,0.5,0.5,1.0,0.2,1.0,1.0,1.0,1.0,1.0,0.5
0.5,0.5,0.5,0.5,0.5,0.5,0.46776,1.0,0.16667,0.0,0.5,0.0,0.0,0.12,0.04,0.87734,0.0,1.0,1.0,1.0,1.0,0.5,0.0,0.0001,0.00111,0.0,1.0,1.0,1.0,0.0,1.0,1.0,0.5,0.1,1.0,1.0,0.5,0.5,0.5,1.0,1.0,0.5,0.5,0.5,0.0,0.0,1.0,1.0,1.0,0.5,0.5,1.0,0.2,1.0,1.0,1.0,1.0,1.0,0.5
0.0,0.0,1.0,1.0,1.0,1.0,0.51907,1.0,0.5,0.0,0.5,0.0,0.0,0.08,0.12,0.0,0.98898,1.0,1.0,0.7,0.9,0.7,0.0,0.0001,0.00111,0.25,1.0,1.0,1.0,0.0,1.0,1.0,1.0,0.1,1.0,1.0,0.5,0.5,0.5,1.0,1.0,0.5,0.5,0.5,0.0,0.0,1.0,1.0,1.0,1.0,0.09724,1.0,0.2,1.0,1.0,0.0,1.0,1.0,0.75
0.5,0.5,0.5,0.5,0.5,0.5,0.38995,0.8,0.1,0.0,0.5,0.0,0.0,0.16,0.08,0.0,0.96897,0.7,1.0,0.9,1.0,0.5,0.0,0.0001,0.00111,0.0,1.0,1.0,1.0,0.0,1.0,1.0,0.5,0.1,0.4,0.87635,1.0,0.5,1.0,1.0,1.0,0.5,0.5,0.5,0.0,0.0,1.0,1.0,1.0,0.5,0.5,1.0,0.2,1.0,1.0,1.0,1.0,1.0,0.5
0.5,0.5,0.5,0.5,0.5,0.5,0.0116,0.2,0.1,0.0,0.5,0.0,0.0,0.12,0.0,0.0,1.0,0.7,1.0,1.0,1.0,0.5,1.0,0.87871,1.0,0.25,0.35249,0.21395,0.0,0.0,0.5,0.5,0.5,0.1,1.0,1.0,0.5,0.5,0.5,1.0,1.0,0.5,0.5,0.5,0.0,0.0,1.0,1.0,1.0,0.5,0.5,0.9,0.4,1.0,0.0,1.0,1.0,1.0,0.5
0.5,0.5,0.5,0.5,0.5,0.5,0.42873,0.8,0.1,0.0,0.5,0.0,0.0,0.12,0.0,0.9686,0.0,0.9,1.0,1.0,1.0,0.5,0.0,0.0001,0.00111,0.0,1.0,1.0,1.0,0.0,1.0,1.0,0.5,0.1,1.0,1.0,0.5,0.5,0.5,1.0,1.0,0.5,0.5,0.5,0.0,0.0,1.0,1.0,1.0,0.5,0.5,1.0,0.2,1.0,1.0,1.0,1.0,1.0,0.5
0.5,0.5,0.5,0.5,0.5,0.5,0.45378,1.0,0.1,0.0,0.5,0.0,0.0,0.16,0.0,0.9794,0.0,1.0,1.0,1.0,1.0,0.5,0.0,0.0001,0.00111,0.0,1.0,1.0,1.0,0.0,1.0,1.0,0.5,0.1,1.0,1.0,0.5,0.5,0.5,1.0,1.0,0.5,0.5,0.5,0.0,0.0,1.0,1.0,1.0,0.5,0.5,1.0,0.2,1.0,1.0,1.0,1.0,1.0,0.5
0.5,0.5,0.5,0.5,0.5,0.5,0.46911,1.0,0.1,0.0,0.5,0.0,0.0,0.32,0.0,0.9117,0.0,0.6,1.0,1.0,1.0,0.5,0.0,0.0001,0.00111,0.25,1.0,1.0,1.0,0.0,1.0,1.0,0.5,0.1,1.0,1.0,0.5,0.5,0.5,1.0,1.0,0.5,0.5,0.5,0.0,0.0,1.0,1.0,1.0,0.5,0.5,1.0,0.2,1.0,1.0,1.0,1.0,1.0,0.5
0.5,0.5,0.5,0.5,0.5,0.5,0.4047,1.0,0.1,0.0,0.5,0.0,0.0,0.28,0.0,0.0,0.99104,0.7,0.6,1.0,1.0,0.5,0.0,0.0001,0.00111,0.0,1.0,1.0,1.0,0.0,1.0,1.0,0.5,0.1,1.0,1.0,0.5,0.5,0.5,1.0,1.0,0.5,0.5,0.5,0.0,0.0,1.0,1.0,1.0,0.5,0.5,1.0,0.2,1.0,1.0,1.0,1.0,1.0,0.5
0.5,0.5,0.5,0.5,0.5,0.5,0.05878,0.4,0.1,0.0,0.5,0.0,0.0,0.2,0.0,0.0,0.99801,0.9,1.0,1.0,1.0,0.5,0.0,0.42652,1.0,0.25,1.0,1.0,1.0,1.0,1.0,0.75,0.5,0.1,1.0,1.0,0.5,0.5,0.5,1.0,1.0,0.5,0.5,0.5,0.0,0.0,1.0,1.0,1.0,0.5,0.5,1.0,0.2,1.0,1.0,1.0,1.0,1.0,0.5
0.5,0.5,0.5,0.5,0.5,0.5,0.45633,1.0,0.1,0.0,0.5,0.0,0.0,0.24,0.12,0.91857,0.0,0.8,0.9,1.0,1.0,0.5,0.0,0.0001,0.00111,0.0,1.0,1.0,1.0,0.0,1.0,1.0,0.5,0.1,0.8,0.94609,1.0,0.5,1.0,1.0,1.0,0.5,0.5,0.5,0.0,0.0,1.0,1.0,1.0,0.5,0.5,1.0,0.2,1.0,1.0,1.0,1.0,1.0,0.5
1.0,1.0,1.0,1.0,1.0,1.0,0.98748,1.0,0.46667,0.0,0.5,0.0,0.0,0.04,0.16,0.0,0.96447,1.0,1.0,1.0,1.0,0.7,0.0,0.0001,0.00111,0.0,1.0,1.0,1.0,0.0,1.0,1.0,1.0,0.1,0.8,0.99,1.0,1.0,1.0,1.0,1.0,0.5,0.5,0.5,0.0,0.0,1.0,1.0,1.0,1.0,0.7589,1.0,0.2,1.0,1.0,0.0,1.0,1.0,1.0
0.5,0.5,0.5,0.5,0.5,0.5,0.06583,0.6,0.1,0.0,0.5,0.0,0.0,0.2,0.0,0.0,0.99383,0.9,0.8,1.0,1.0,0.5,0.0,0.53498,1.0,0.0,1.0,1.0,1.0,0.0,1.0,0.75,0.5,0.1,1.0,1.0,0.5,0.5,0.5,1.0,1.0,0.5,0.5,0.5,0.0,0.0,1.0,1.0,1.0,0.5,0.5,1.0,0.2,1.0,1.0,1.0,1.0,1.0,0.5
0.5,0.5,0.5,0.5,0.5,0.5,0.00549,0.4,0.2,0.0,0.5,0.0,0.0,0.12,0.08,0.95207,0.0,0.8,0.8,1.0,0.9,0.5,0.0,0.96809,1.0,0.25,0.17249,0.061,0.5,0.0,0.66667,1.0,0.5,0.0,1.0,1.0,0.5,0.5,0.5,1.0,1.0,0.5,0.5,0.5,0.0,0.0,1.0,1.0,1.0,0.5,0.5,1.0,0.2,0.0,1.0,1.0,1.0,0.5,0.5
0.5,0.5,0.5,0.5,0.5,0.5,0.43373,1.0,0.13333,0.0,0.5,0.0,0.0,0.36,0.04,0.76832,0.0,0.8,0.8,1.0,1.0,0.5,0.0,0.0001,0.00111,0.0,1.0,1.0,1.0,0.0,1.0,0.75,0.5,0.1,1.0,1.0,0.5,0.5,0.5,1.0,1.0,0.5,0.5,0.5,0.0,0.0,1.0,1.0,1.0,0.5,0.5,1.0,0.2,1.0,1.0,1.0,1.0,1.0,0.5
0.5,0.5,0.5,0.5,0.5,0.5,0.11943,0.6,0.1,0.0,0.5,0.0,0.0,0.28,0.04,0.53116,0.0,0.9,1.0,1.0,1.0,0.5,0.0,0.45295,1.0,0.0,1.0,1.0,1.0,0.0,1.0,1.0,0.5,0.1,1.0,1.0,0.5,0.5,0.5,1.0,1.0,0.5,0.5,0.5,0.0,0.0,1.0,1.0,1.0,0.5,0.5,1.0,0.2,1.0,1.0,1.0,1.0,1.0,0.5
0.5,0.5,0.5,0.5,0.5,0.5,0.01364,0.2,0.1,0.0,0.5,0.0,0.0,0.28,0.04,0.40443,0.0,1.0,1.0,1.0,1.0,0.5,0.0,0.02297,0.25523,0.25,0.7887,0.65112,0.0,1.0,1.0,0.5,0.5,0.0,1.0,1.0,0.5,0.5,0.5,1.0,1.0,0.5,0.5,0.5,0.0,0.0,1.0,1.0,1.0,0.5,0.5,1.0,0.2,0.0,1.0,1.0,1.0,1.0,0.5
0.5,0.5,0.5,0.5,0.5,0.5,0.08951,0.4,0.1,0.0,0.5,0.0,0.0,0.2,0.0,0.0,0.99215,1.0,0.9,1.0,1.0,0.5,1.0,0.98911,1.0,0.0,1.0,1.0,1.0,0.0,1.0,0.75,0.5,0.1,1.0,1.0,0.5,0.5,0.5,1.0,1.0,0.5,0.5,0.5,0.0,0.0,1.0,1.0,1.0,0.5,0.5,1.0,0.2,1.0,1.0,1.0,1.0,1.0,0.5
0.0,0.0,0.0,0.0,0.2,0.2,0.01848,0.2,0.9,0.0,0.5,0.0,0.0,0.16,0.04,0.0,0.99999,1.0,1.0,1.0,1.0,1.0,0.0,0.92093,1.0,0.25,0.47272,0.30951,0.0,0.0,1.0,1.0,0.75,0.1,1.0,1.0,0.5,0.38465,0.5,1.0,1.0,0.5,0.5,0.5,0.0,0.0,1.0,1.0,1.0,0.5,0.5,0.9,0.4,1.0,1.0,1.0,1.0,0.0,0.5
0.5,0.5,0.5,0.5,0.5,0.5,0.46587,1.0,0.1,0.0,0.5,0.0,0.0,0.36,0.2,0.0,0.98539,0.9,0.9,0.8,0.8,0.5,0.0,0.0001,0.00111,0.0,1.0,1.0,1.0,0.0,1.0,1.0,0.5,0.1,1.0,1.0,0.5,0.5,0.5,1.0,1.0,0.5,0.5,0.5,0.0,0.0,1.0,1.0,1.0,0.5,0.5,1.0,0.2,1.0,1.0,1.0,1.0,1.0,0.5
0.5,0.5,0.5,0.5,0.5,0.5,0.02707,0.2,0.1,0.0,0.5,0.0,0.0,0.2,0.0,0.0,0.98822,0.9,0.8,1.0,1.0,0.5,0.0,0.09046,1.0,0.0,1.0,1.0,1.0,0.0,1.0,0.5,0.5,0.1,1.0,1.0,0.5,0.5,0.5,1.0,1.0,0.5,0.5,0.5,0.0,0.0,1.0,1.0,1.0,0.5,0.5,1.0,0.2,1.0,1.0,1.0,1.0,1.0,0.5
0.5,0.5,0.5,0.5,0.5,0.5,0.44949,1.0,0.1,0.0,0.5,0.0,0.0,0.16,0.04,0.47732,0.0,0.8,1.0,0.8,1.0,0.5,0.0,0.0001,0.00111,0.0,1.0,1.0,1.0,0.0,1.0,1.0,0.5,0.1,1.0,1.0,0.5,0.5,0.5,1.0,1.0,0.5,0.5,0.5,0.0,0.0,1.0,1.0,1.0,0.5,0.5,1.0,0.2,1.0,1.0,1.0,1.0,1.0,0.5
0.5,0.5,0.5,0.5,0.5,0.5,0.08651,0.6,0.1,0.0,0.5,0.0,0.0,0.28,0.0,0.91174,0.0,0.8,0.9,1.0,1.0,0.5,1.0,0.97783,1.0,0.25,1.0,1.0,1.0,1.0,1.0,0.5,0.5,0.1,1.0,1.0,0.5,0.5,0.5,1.0,1.0,0.5,0.5,0.5,0.0,0.0,1.0,1.0,1.0,0.5,0.5,1.0,0.2,1.0,1.0,1.0,1.0,1.0,0.5
0.5,0.5,0.5,0.5,0.5,0.5,0.07259,0.6,0.1,0.0,0.5,0.0,0.0,0.32,0.0,0.95957,0.0,0.8,1.0,1.0,1.0,0.5,1.0,0.86144,1.0,0.25,1.0,1.0,1.0,0.0,1.0,0.75,0.5,0.1,1.0,1.0,0.5,0.5,0.5,1.0,1.0,0.5,0.5,0.5,0.0,0.0,1.0,1.0,1.0,0.5,0.5,0.9,0.4,1.0,1.0,1.0,1.0,0.0,0.5
0.0,1.0,0.0,0.0,0.6,0.6,0.07323,0.2,0.0,0.96774,0.5,0.0,0.0,0.6,0.0,0.0,0.99765,1.0,1.0,1.0,1.0,0.4,1.0,0.94887,1.0,0.25,1.0,1.0,1.0,0.0,1.0,0.0,0.75,0.1,1.0,1.0,0.5,0.5,0.5,1.0,1.0,0.5,0.5,0.5,0.0,0.0,1.0,1.0,1.0,0.5,0.5,1.0,0.2,1.0,1.0,1.0,1.0,1.0,1.0
0.5,0.5,0.5,0.5,0.5,0.5,0.38943,1.0,0.1,0.0,0.5,0.0,0.0,0.24,0.0,0.90266,0.0,1.0,0.8,1.0,1.0,0.5,0.0,0.0001,0.00111,0.0,1.0,1.0,1.0,0.0,1.0,1.0,0.5,0.1,1.0,1.0,0.5,0.5,0.5,1.0,1.0,0.5,0.5,0.5,0.0,0.0,1.0,1.0,1.0,0.5,0.5,1.0,0.2,1.0,1.0,1.0,1.0,1.0,0.5
0.5,0.5,0.5,0.5,0.5,0.5,0.10338,0.6,0.1,0.0,0.5,0.0,0.0,0.2,0.0,0.0,0.99656,1.0,0.9,1.0,1.0,0.5,1.0,0.72484,1.0,0.0,1.0,1.0,1.0,0.0,1.0,0.75,0.5,0.1,1.0,1.0,0.5,0.5,0.5,1.0,1.0,0.5,0.5,0.5,0.0,0.0,1.0,1.0,1.0,0.5,0.5,1.0,0.2,1.0,1.0,1.0,1.0,1.0,0.5
0.5,0.5,0.5,0.5,0.5,0.5,0.07383,0.4,0.1,0.0,0.5,0.0,0.0,0.56,0.08,0.0,0.90619,0.4,0.6,0.4,0.6,0.5,1.0,0.76596,1.0,0.0,1.0,1.0,1.0,0.0,1.0,0.25,0.5,0.1,0.6,0.45369,0.8127,0.5,1.0,1.0,1.0,0.5,0.5,0.5,0.0,0.0,1.0,1.0,1.0,0.5,0.5,0.9,0.4,1.0,1.0,1.0,1.0,0.0,0.5
0.5,0.5,0.5,0.5,0.5,0.5,0.10273,0.6,0.1,0.0,0.5,0.0,0.0,0.2,0.0,0.0,0.97848,0.7,1.0,1.0,1.0,0.5,1.0,0.77581,1.0,0.25,1.0,1.0,1.0,0.0,1.0,0.75,0.5,0.1,1.0,1.0,0.5,0.5,0.5,1.0,1.0,0.5,0.5,0.5,0.0,0.0,1.0,1.0,1.0,0.5,0.5,0.9,0.4,1.0,1.0,1.0,1.0,0.0,0.5
0.5,0.5,0.5,0.5,0.5,0.5,0.10938,0.6,0.1,0.0,0.5,0.0,0.0,0.36,0.08,0.94687,0.0,0.6,1.0,0.6,1.0,0.5,1.0,0.97637,1.0,0.25,1.0,1.0,1.0,0.0,1.0,1.0,0.5,0.1,1.0,1.0,0.5,0.5,0.5,1.0,1.0,0.5,0.5,0.5,0.0,0.0,1.0,1.0,1.0,0.5,0.5,1.0,0.2,1.0,1.0,1.0,1.0,1.0,0.5
0.5,0.5,0.5,0.5,0.5,0.5,0.05149,0.4,0.1,0.0,0.5,0.0,0.0,0.24,0.0,0.0,0.98604,1.0,1.0,1.0,1.0,0.5,0.0,0.25342,1.0,0.25,0.93648,0.88055,0.0,1.0,1.0,1.0,0.5,0.1,1.0,1.0,0.5,0.5,0.5,1.0,1.0,0.5,0.5,0.5,0.0,0.0,1.0,1.0,1.0,0.5,0.5,0.9,0.4,1.0,1.0,1.0,1.0,1.0,0.5
0.5,0.5,0.5,0.5,0.5,0.5,0.41488,1.0,0.13333,0.0,0.5,0.0,0.0,0.32,0.04,0.66317,0.0,1.0,1.0,1.0,1.0,0.5,0.0,0.0001,0.00111,0.0,1.0,1.0,1.0,0.0,1.0,1.0,0.5,0.1,1.0,1.0,0.5,0.5,0.5,1.0,1.0,0.5,0.5,0.5,0.0,0.0,1.0,1.0,1.0,0.5,0.5,1.0,0.2,1.0,1.0,1.0,1.0,1.0,0.5
0.5,0.5,0.5,0.5,0.5,0.5,0.45492,1.0,0.1,0.0,0.5,0.0,0.0,0.32,0.04,0.37603,0.0,0.7,1.0,1.0,1.0,0.5,0.0,0.0001,0.00111,0.0,1.0,1.0,1.0,0.0,1.0,0.75,0.5,0.1,1.0,1.0,0.5,0.5,0.5,1.0,1.0,0.5,0.5,0.5,0.0,0.0,1.0,1.0,1.0,0.5,0.5,1.0,0.2,1.0,1.0,1.0,1.0,1.0,0.5
0.5,0.5,0.5,0.5,0.5,0.5,0.02078,0.2,0.1,0.0,0.5,0.0,0.0,0.16,0.0,0.0,0.99838,0.9,1.0,1.0,1.0,0.5,0.0,0.0533,0.59228,0.25,1.0,1.0,1.0,1.0,1.0,0.5,0.5,0.1,1.0,1.0,0.5,0.5,0.5,1.0,1.0,0.5,0.5,0.5,0.0,0.0,1.0,1.0,1.0,0.5,0.5,1.0,0.2,1.0,1.0,1.0,1.0,1.0,0.5
0.5,0.5,0.5,0.5,0.5,0.5,0.08527,0.6,0.1,0.0,0.5,0.0,0.0,0.24,0.2,0.94818,0.0,1.0,1.0,0.7,1.0,0.5,1.0,0.89758,1.0,0.0,1.0,1.0,1.0,0.0,1.0,0.75,0.5,0.1,0.8,0.55871,0.99451,0.5,0.89506,1.0,1.0,0.5,0.5,0.5,0.0,0.0,1.0,1.0,1.0,0.5,0.5,1.0,0.2,1.0,1.0,1.0,1.0,1.0,0.5
1.0,1.0,1.0,1.0,0.6,0.6,0.36748,1.0,0.36667,0.0,0.5,0.0,0.0,0.36,0.16,0.0,0.99374,0.4,1.0,0.5,0.4,0.5,1.0,0.76396,1.0,0.5,1.0,1.0,1.0,0.0,1.0,1.0,1.0,0.1,0.4,0.38184,1.0,1.0,1.0,1.0,0.66667,0.5,0.5,0.5,0.0,0.0,1.0,1.0,1.0,1.0,0.2106,1.0,0.2,1.0,1.0,0.0,1.0,1.0,1.0
0.5,0.5,0.5,0.5,0.5,0.5,0.39509,0.8,0.13333,0.0,0.5,0.0,0.0,0.2,0.04,0.7957,0.0,1.0,0.9,1.0,1.0,0.5,0.0,0.0001,0.00111,0.0,1.0,1.0,1.0,0.0,1.0,1.0,0.5,0.1,1.0,1.0,0.5,0.5,0.5,1.0,1.0,0.5,0.5,0.5,0.0,0.0,1.0,1.0,1.0,0.5,0.5,1.0,0.2,1.0,1.0,1.0,1.0,1.0,0.5
0.5,0.5,0.5,0.5,0.5,0.5,0.14939,0.6,0.1,0.0,0.5,0.0,0.0,0.32,0.08,0.0,0.87117,0.7,1.0,0.9,1.0,0.5,0.0,0.1157,1.0,0.25,1.0,1.0,1.0,0.0,1.0,0.75,0.5,0.1,1.0,1.0,0.5,0.5,0.5,1.0,1.0,0.5,0.5,0.5,0.0,0.0,1.0,1.0,1.0,0.5,0.5,1.0,0.2,1.0,1.0,1.0,1.0,1.0,0.5
0.5,0.5,0.5,0.5,0.5,0.5,0.00837,0.4,0.13333,0.0,1.0,0.0,0.0,0.22,0.02,0.74575,0.0,0.75556,0.64444,0.73333,1.0,0.5,1.0,0.76508,1.0,0.11111,0.32611,0.19482,0.0,0.0,1.0,1.0,0.5,0.1,1.0,1.0,0.5,0.5,0.5,1.0,1.0,0.5,0.5,0.5,0.0,0.0,1.0,1.0,1.0,0.5,0.5,0.9,0.2,1.0,1.0,1.0,1.0,0.0,0.5
0.5,0.5,0.5,0.5,0.5,0.5,0.14357,0.7,0.13333,0.0,1.0,0.0,0.0,0.27,0.0,0.89722,0.0,1.0,1.0,1.0,1.0,0.5,1.0,0.16387,1.0,0.0,1.0,1.0,1.0,0.0,1.0,0.88889,0.5,0.1,1.0,1.0,0.5,0.5,0.5,1.0,1.0,0.5,0.5,0.5,0.0,0.0,1.0,1.0,1.0,0.5,0.5,1.0,0.1,1.0,1.0,1.0,1.0,1.0,0.5
0.5,0.5,0.5,0.5,0.5,0.5,0.05147,0.4,0.13333,0.0,1.0,0.0,0.0,0.39,0.0,0.89863,0.0,0.8,1.0,1.0,1.0,0.5,1.0,0.62756,1.0,0.11111,0.87532,0.44996,0.33333,0.0,0.74321,0.77778,0.5,0.1,1.0,1.0,0.5,0.5,0.5,1.0,1.0,0.5,0.5,0.5,0.0,0.0,1.0,1.0,1.0,0.5,0.5,0.9,0.3,0.66667,1.0,1.0,1.0,0.33333,0.5
0.5,0.5,0.5,0.5,0.5,0.5,0.18886,0.9,0.1,0.0,1.0,0.0,0.0,0.09,0.0,0.0,0.98925,1.0,0.97778,1.0,1.0,0.5,0.0,0.0001,0.00111,0.0,1.0,1.0,1.0,0.0,1.0,1.0,0.5,0.1,1.0,1.0,0.5,0.5,0.5,1.0,1.0,0.5,0.5,0.5,0.0,0.0,1.0,1.0,1.0,0.5,0.5,1.0,0.1,1.0,1.0,1.0,1.0,1.0,0.5
0.5,0.5,0.5,0.5,0.5,0.5,0.04397,0.4,0.1,0.0,1.0,0.0,0.0,0.29,0.31,0.97767,0.0,0.77778,0.91111,0.71111,1.0,0.5,1.0,0.96543,1.0,0.44444,0.7988,0.665,0.0,0.0,1.0,0.66667,0.5,0.1,0.3,0.3983,0.38577,0.5,0.77153,0.5,0.25,0.5,0.5,0.5,0.0,0.0,1.0,1.0,1.0,0.5,0.5,0.9,0.2,1.0,1.0,0.0,1.0,0.0,0.5
0.5,0.5,0.5,0.5,0.5,0.5,0.03971,0.5,0.1,0.0,1.0,0.0,0.0,0.09,0.0,0.0,0.92953,0.97778,0.77778,1.0,1.0,0.5,1.0,0.83721,1.0,0.11111,1.0,1.0,1.0,0.0,1.0,0.88889,0.5,0.1,1.0,1.0,0.5,0.5,0.5,1.0,1.0,0.5,0.5,0.5,0.0,0.0,1.0,1.0,1.0,0.5,0.5,1.0,0.1,1.0,1.0,1.0,1.0,1.0,0.5
0.5,0.5,0.5,0.5,0.5,0.5,0.17696,0.9,0.1,0.0,1.0,0.0,0.0,0.13,0.0,0.94252,0.0,0.86667,0.8,1.0,1.0,0.5,1.0,0.00114,0.01269,0.0,1.0,1.0,1.0,0.0,1.0,0.88889,0.5,0.1,0.9,0.98636,1.0,0.5,1.0,1.0,1.0,0.5,0.5,0.5,0.0,0.0,1.0,1.0,1.0,0.5,0.5,1.0,0.1,1.0,1.0,1.0,1.0,1.0,0.5
0.5,0.5,0.5,0.5,0.5,0.5,0.18044,0.9,0.1,0.0,1.0,0.0,0.0,0.2,0.0,0.99923,0.0,0.84444,1.0,1.0,1.0,0.5,0.0,0.0001,0.00111,0.0,1.0,1.0,1.0,0.0,1.0,0.88889,0.5,0.1,1.0,1.0,0.5,0.5,0.5,1.0,1.0,0.5,0.5,0.5,0.0,0.0,1.0,1.0,1.0,0.5,0.5,1.0,0.1,1.0,1.0,1.0,1.0,1.0,0.5
0.5,0.5,0.5,0.5,0.5,0.5,0.18069,0.9,0.1,0.0,1.0,0.0,0.0,0.29,0.01,0.39583,0.0,0.82222,1.0,1.0,1.0,0.5,0.0,0.0001,0.00111,0.0,1.0,1.0,1.0,0.0,1.0,0.88889,0.5,0.1,1.0,1.0,0.5,0.5,0.5,1.0,1.0,0.5,0.5,0.5,0.0,0.0,1.0,1.0,1.0,0.5,0.5,1.0,0.1,1.0,1.0,1.0,1.0,1.0,0.5
0.5,0.5,0.5,0.5,0.5,0.5,0.14957,0.6,0.1,0.0,1.0,0.0,0.0,0.38,0.01,0.42519,0.0,1.0,1.0,0.82222,1.0,0.5,1.0,0.11435,1.0,0.0,1.0,1.0,1.0,0.0,1.0,0.88889,0.5,0.1,1.0,1.0,0.5,0.5,0.5,1.0,1.0,0.5,0.5,0.5,0.0,0.0,1.0,1.0,1.0,0.5,0.5,1.0,0.1,1.0,1.0,1.0,1.0,1.0,0.5
0.5,0.5,0.5,0.5,0.5,0.5,0.18322,0.9,0.1,0.0,1.0,0.0,0.0,0.08,0.0,0.0,0.99041,1.0,0.97778,1.0,1.0,0.5,0.0,0.0001,0.00111,0.0,1.0,1.0,1.0,0.0,1.0,0.88889,0.5,0.1,1.0,1.0,0.5,0.5,0.5,1.0,1.0,0.5,0.5,0.5,0.0,0.0,1.0,1.0,1.0,0.5,0.5,1.0,0.1,1.0,1.0,1.0,1.0,1.0,0.5
0.5,0.5,0.5,0.5,0.5,0.5,0.24334,1.0,0.13333,0.0,1.0,0.0,0.0,0.19,0.21,0.0,0.9974,1.0,1.0,0.82222,0.93333,0.5,0.0,0.0001,0.00111,0.0,1.0,1.0,1.0,0.0,1.0,1.0,0.5,0.1,0.7,0.80612,1.0,0.5,1.0,1.0,1.0,0.5,0.5,0.5,0.0,0.0,1.0,1.0,1.0,0.5,0.5,1.0,0.1,1.0,1.0,1.0,1.0,1.0,0.5
0.5,0.5,0.5,0.5,0.5,0.5,0.16164,0.6,0.1,0.0,1.0,0.0,0.0,0.11,0.0,0.0,0.92572,0.97778,0.73333,1.0,1.0,0.5,1.0,0.04161,0.46234,0.0,1.0,1.0,1.0,0.0,1.0,0.88889,0.5,0.1,1.0,1.0,0.5,0.5,0.5,1.0,1.0,0.5,0.5,0.5,0.0,0.0,1.0,1.0,1.0,0.5,0.5,1.0,0.1,1.0,1.0,1.0,1.0,1.0,0.5
0.5,0.5,0.5,0.5,0.5,0.5,0.00083,0.1,0.13333,0.0,1.0,0.0,0.0,0.13,0.05,0.96408,0.0,0.8,0.93333,0.77778,1.0,0.5,1.0,0.64879,1.0,0.44444,0.01446,0.00747,0.0,0.0,0.66667,0.66667,0.5,0.0,0.9,0.84156,0.16365,0.5,0.16365,1.0,1.0,0.5,0.5,0.5,0.0,0.0,1.0,1.0,1.0,0.5,0.5,1.0,0.1,0.0,1.0,1.0,1.0,0.0,0.5
0.5,0.5,0.5,0.5,0.5,0.5,0.18394,1.0,0.1,0.0,1.0,0.0,0.0,0.11,0.0,0.0,0.98597,0.84444,0.86667,1.0,1.0,0.5,0.0,0.0001,0.00111,0.0,1.0,1.0,1.0,0.0,1.0,0.88889,0.5,0.1,1.0,1.0,0.5,0.5,0.5,1.0,1.0,0.5,0.5,0.5,0.0,0.0,1.0,1.0,1.0,0.5,0.5,1.0,0.1,1.0,1.0,1.0,1.0,1.0,0.5
0.5,0.5,0.5,0.5,0.5,0.5,0.03716,0.2,0.16667,0.0,1.0,0.0,0.0,0.58,0.0,0.98998,0.0,1.0,1.0,1.0,1.0,0.5,1.0,0.70553,1.0,0.11111,0.6219,0.34764,0.5,0.0,0.87683,1.0,0.5,0.1,1.0,1.0,0.5,0.5,0.5,1.0,1.0,0.5,0.5,0.5,0.0,0.0,1.0,1.0,1.0,0.5,0.5,0.9,0.3,1.0,1.0,1.0,1.0,0.5,0.5
1.0,1.0,1.0,0.0,0.3,0.1,0.00879,0.1,0.93333,0.0,1.0,0.0,0.0,0.39,0.0,0.0,0.99001,1.0,1.0,1.0,1.0,0.93333,0.0,0.00955,0.1061,0.0,1.0,1.0,1.0,0.0,1.0,0.33333,0.77778,0.1,1.0,1.0,0.5,0.5,0.5,1.0,1.0,0.5,0.5,0.5,0.0,0.0,1.0,1.0,1.0,0.5,0.5,1.0,0.1,1.0,1.0,1.0,1.0,1.0,1.0
0.5,0.5,0.5,0.5,0.5,0.5,0.03266,0.3,0.13333,0.0,1.0,0.0,0.0,0.43,0.0,0.89802,0.0,1.0,1.0,1.0,1.0,0.5,0.0,0.52398,1.0,0.11111,0.27296,0.19305,0.0,0.0,0.91213,0.11111,0.5,0.1,1.0,1.0,0.5,0.5,0.5,1.0,1.0,0.5,0.5,0.5,0.0,0.0,1.0,1.0,1.0,0.5,0.5,0.9,0.2,0.2,1.0,1.0,1.0,0.2,0.5
1.0,1.0,1.0,1.0,0.3,0.3,0.00363,0.2,0.93333,0.0,1.0,0.0,0.0,0.29,0.04,0.99669,0.0,1.0,1.0,0.77778,0.86667,0.64444,0.0,0.92969,1.0,0.55556,0.03428,0.01744,0.0,0.0,0.89974,0.44444,0.55556,0.1,1.0,1.0,0.5,0.5,0.5,1.0,1.0,0.5,0.5,0.5,0.0,0.0,1.0,1.0,1.0,0.30737,0.59203,0.9,0.2,1.0,0.0,0.0,1.0,0.0,1.0
0.0,0.5,0.0,0.5,0.2,0.5,0.00327,0.2,0.96667,0.0,1.0,0.0,1.0,0.29,0.04,0.99852,0.0,1.0,1.0,0.77778,1.0,1.0,1.0,0.92981,1.0,0.55556,0.03085,0.01567,0.0,0.0,0.89227,1.0,1.0,0.1,1.0,1.0,0.5,0.5,0.5,1.0,1.0,0.5,0.5,0.5,0.0,0.0,1.0,1.0,1.0,0.30737,0.59203,0.9,0.2,1.0,0.0,0.0,1.0,1.0,1.0
0.5,0.5,0.5,0.5,0.5,0.5,0.16819,0.6,0.16667,0.0,1.0,0.0,0.0,0.07,0.0,0.0,0.99553,1.0,1.0,1.0,1.0,0.5,1.0,0.01723,0.19144,0.0,1.0,1.0,1.0,0.0,1.0,1.0,0.5,0.1,1.0,1.0,0.5,0.5,0.5,1.0,1.0,0.5,0.5,0.5,0.0,0.0,1.0,1.0,1.0,0.5,0.5,1.0,0.1,1.0,1.0,1.0,1.0,1.0,0.5
0.5,0.5,0.5,0.5,0.5,0.5,0.20785,1.0,0.1,0.0,1.0,0.0,0.0,0.24,0.12,0.94208,0.0,0.68889,1.0,0.68889,0.88889,0.5,0.0,0.0001,0.00111,0.0,1.0,1.0,1.0,0.0,1.0,0.88889,0.5,0.1,0.6,0.74237,1.0,0.5,1.0,1.0,1.0,0.5,0.5,0.5,0.0,0.0,1.0,1.0,1.0,0.5,0.5,1.0,0.1,1.0,1.0,1.0,1.0,1.0,0.5
0.5,0.5,0.5,0.5,0.5,0.5,0.01703,0.3,0.1,0.0,1.0,0.0,0.0,0.09,0.0,0.0,0.948,0.97778,0.95556,1.0,1.0,0.5,1.0,0.78217,1.0,0.33333,1.0,0.81455,0.66667,0.0,0.78875,0.55556,0.5,0.1,1.0,1.0,0.5,0.5,0.5,1.0,1.0,0.5,0.5,0.5,0.0,0.0,1.0,1.0,1.0,0.5,0.5,0.9,0.3,0.66667,1.0,1.0,1.0,0.0,0.5
0.5,0.5,0.5,0.5,0.5,0.5,0.04428,0.3,0.1,0.0,1.0,0.0,0.0,0.27,0.0,0.0,0.4536,1.0,1.0,1.0,1.0,0.5,1.0,0.65755,1.0,0.11111,0.55296,0.38213,0.0,0.0,1.0,0.77778,0.5,0.1,1.0,1.0,0.5,0.5,0.5,1.0,1.0,0.5,0.5,0.5,0.0,0.0,1.0,1.0,1.0,0.5,0.5,0.9,0.2,1.0,1.0,0.0,1.0,1.0,0.5
0.5,0.5,0.5,0.5,0.5,0.5,0.16399,0.6,0.1,0.0,1.0,0.0,0.0,0.22,0.01,0.44641,0.0,0.84444,0.91111,1.0,1.0,0.5,0.0,0.03165,0.35171,0.0,1.0,1.0,1.0,0.0,1.0,0.88889,0.5,0.1,1.0,1.0,0.5,0.5,0.5,1.0,1.0,0.5,0.5,0.5,0.0,0.0,1.0,1.0,1.0,0.5,0.5,1.0,0.1,1.0,1.0,1.0,1.0,1.0,0.5
0.5,0.5,0.5,0.5,0.5,0.5,0.19761,1.0,0.1,0.0,1.0,0.0,0.0,0.37,0.01,0.38024,0.0,0.82222,1.0,1.0,1.0,0.5,0.0,0.0001,0.00111,0.0,1.0,1.0,1.0,0.0,1.0,0.88889,0.5,0.1,1.0,1.0,0.5,0.5,0.5,1.0,1.0,0.5,0.5,0.5,0.0,0.0,1.0,1.0,1.0,0.5,0.5,1.0,0.1,1.0,1.0,1.0,1.0,1.0,0.5
0.5,0.5,0.5,0.5,0.5,0.5,0.15671,0.6,0.1,0.0,1.0,0.0,0.0,0.19,0.01,0.45946,0.0,0.75556,0.84444,1.0,1.0,0.5,1.0,0.06697,0.74413,0.0,1.0,1.0,1.0,0.0,1.0,0.88889,0.5,0.1,1.0,1.0,0.5,0.5,0.5,1.0,1.0,0.5,0.5,0.5,0.0,0.0,1.0,1.0,1.0,0.5,0.5,1.0,0.1,1.0,1.0,1.0,1.0,1.0,0.5
1.0,1.0,1.0,0.0,0.6,0.6,0.13938,0.7,0.53333,0.0,1.0,0.0,0.0,0.14,0.03,0.99988,0.0,0.8,1.0,0.66667,1.0,0.6,1.0,0.8549,1.0,0.11111,1.0,1.0,1.0,0.0,1.0,1.0,1.0,0.1,1.0,1.0,0.5,0.5,0.5,1.0,1.0,0.5,0.5,0.5,0.0,0.0,1.0,1.0,1.0,0.5,0.5,1.0,0.1,1.0,1.0,1.0,1.0,1.0,0.88889
0.5,0.5,0.5,0.5,0.5,0.5,0.17979,0.9,0.1,0.0,1.0,0.0,0.0,0.09,0.0,0.0,0.99063,1.0,0.97778,1.0,1.0,0.5,0.0,0.0001,0.00111,0.0,1.0,1.0,1.0,0.0,1.0,0.88889,0.5,0.1,1.0,1.0,0.5,0.5,0.5,1.0,1.0,0.5,0.5,0.5,0.0,0.0,1.0,1.0,1.0,0.5,0.5,1.0,0.1,1.0,1.0,1.0,1.0,1.0,0.5
0.5,0.5,0.5,0.5,0.5,0.5,0.19982,0.9,0.1,0.0,1.0,0.0,0.0,0.17,0.19,0.87353,0.0,0.75556,1.0,0.66667,0.91111,0.5,1.0,0.69621,1.0,0.22222,1.0,1.0,1.0,0.0,1.0,0.88889,0.5,0.1,0.8,0.84258,1.0,0.5,1.0,1.0,1.0,0.5,0.5,0.5,0.0,0.0,1.0,1.0,1.0,0.5,0.5,1.0,0.1,1.0,1.0,1.0,1.0,1.0,0.5
0.5,0.5,0.5,0.5,0.5,0.5,0.0181,0.3,0.1,0.0,1.0,0.0,0.0,0.09,0.0,0.0,0.94009,1.0,0.75556,1.0,1.0,0.5,1.0,0.7877,1.0,0.11111,0.62213,0.45151,0.0,1.0,1.0,0.77778,0.5,0.1,1.0,1.0,0.5,0.5,0.5,1.0,1.0,0.5,0.5,0.5,0.0,0.0,1.0,1.0,1.0,0.5,0.5,0.9,0.2,1.0,1.0,1.0,1.0,0.0,0.5
0.5,0.5,0.5,0.5,0.5,0.5,0.01094,0.2,0.1,0.0,1.0,0.0,0.0,0.18,0.02,0.94196,0.0,0.77778,0.88889,0.82222,0.97778,0.5,0.0,0.57343,1.0,0.11111,1.0,1.0,1.0,0.0,1.0,0.88889,0.5,0.1,0.9,0.8607,1.0,0.5,1.0,1.0,1.0,0.5,0.5,0.5,0.0,0.0,1.0,1.0,1.0,0.5,0.5,1.0,0.1,1.0,1.0,1.0,1.0,1.0,0.5
0.5,0.5,0.5,0.5,0.5,0.5,0.18758,1.0,0.1,0.0,1.0,0.0,0.0,0.15,0.0,0.91986,0.0,0.95556,1.0,1.0,1.0,0.5,0.0,0.0001,0.00111,0.0,1.0,1.0,1.0,0.0,1.0,0.88889,0.5,0.1,1.0,1.0,0.5,0.5,0.5,1.0,1.0,0.5,0.5,0.5,0.0,0.0,1.0,1.0,1.0,0.5,0.5,1.0,0.1,1.0,1.0,1.0,1.0,1.0,0.5
0.0,1.0,0.0,1.0,0.9,0.9,0.19568,1.0,0.6,0.0,1.0,0.0,0.0,0.15,0.03,0.99788,0.0,1.0,0.77778,0.91111,1.0,0.64444,1.0,0.78471,1.0,0.11111,1.0,1.0,1.0,0.0,1.0,1.0,1.0,0.1,1.0,1.0,0.5,0.5,0.5,1.0,1.0,0.5,0.5,0.5,0.0,0.0,1.0,1.0,1.0,1.0,0.15394,1.0,0.1,1.0,1.0,0.0,1.0,1.0,0.88889
0.5,0.5,0.5,0.5,0.5,0.5,0.0407,0.5,0.16667,0.0,1.0,0.0,0.0,0.15,0.0,0.86546,0.0,1.0,0.8,1.0,1.0,0.5,1.0,0.9573,1.0,0.44444,1.0,1.0,1.0,0.0,0.80981,0.77778,0.5,0.1,1.0,1.0,0.5,0.5,0.5,1.0,1.0,0.5,0.5,0.5,0.0,0.0,1.0,1.0,1.0,0.5,0.5,0.9,0.3,1.0,0.0,1.0,1.0,1.0,0.5
