round,alpha,beta,give,keep,steal,p0,p1,p2,p3,p4,p5,p6,p7,p8,p9,p0-T-p0,p0-T-p1,p0-T-p2,p0-T-p3,p0-T-p4,p0-T-p5,p0-T-p6,p0-T-p7,p0-T-p8,p0-T-p9,p1-T-p0,p1-T-p1,p1-T-p2,p1-T-p3,p1-T-p4,p1-T-p5,p1-T-p6,p1-T-p7,p1-T-p8,p1-T-p9,p2-T-p0,p2-T-p1,p2-T-p2,p2-T-p3,p2-T-p4,p2-T-p5,p2-T-p6,p2-T-p7,p2-T-p8,p2-T-p9,p3-T-p0,p3-T-p1,p3-T-p2,p3-T-p3,p3-T-p4,p3-T-p5,p3-T-p6,p3-T-p7,p3-T-p8,p3-T-p9,p4-T-p0,p4-T-p1,p4-T-p2,p4-T-p3,p4-T-p4,p4-T-p5,p4-T-p6,p4-T-p7,p4-T-p8,p4-T-p9,p5-T-p0,p5-T-p1,p5-T-p2,p5-T-p3,p5-T-p4,p5-T-p5,p5-T-p6,p5-T-p7,p5-T-p8,p5-T-p9,p6-T-p0,p6-T-p1,p6-T-p2,p6-T-p3,p6-T-p4,p6-T-p5,p6-T-p6,p6-T-p7,p6-T-p8,p6-T-p9,p7-T-p0,p7-T-p1,p7-T-p2,p7-T-p3,p7-T-p4,p7-T-p5,p7-T-p6,p7-T-p7,p7-T-p8,p7-T-p9,p8-T-p0,p8-T-p1,p8-T-p2,p8-T-p3,p8-T-p4,p8-T-p5,p8-T-p6,p8-T-p7,p8-T-p8,p8-T-p9,p9-T-p0,p9-T-p1,p9-T-p2,p9-T-p3,p9-T-p4,p9-T-p5,p9-T-p6,p9-T-p7,p9-T-p8,p9-T-p9,p0-I-p0,p0-I-p1,p0-I-p2,p0-I-p3,p0-I-p4,p0-I-p5,p0-I-p6,p0-I-p7,p0-I-p8,p0-I-p9,p1-I-p0,p1-I-p1,p1-I-p2,p1-I-p3,p1-I-p4,p1-I-p5,p1-I-p6,p1-I-p7,p1-I-p8,p1-I-p9,p2-I-p0,p2-I-p1,p2-I-p2,p2-I-p3,p2-I-p4,p2-I-p5,p2-I-p6,p2-I-p7,p2-I-p8,p2-I-p9,p3-I-p0,p3-I-p1,p3-I-p2,p3-I-p3,p3-I-p4,p3-I-p5,p3-I-p6,p3-I-p7,p3-I-p8,p3-I-p9,p4-I-p0,p4-I-p1,p4-I-p2,p4-I-p3,p4-I-p4,p4-I-p5,p4-I-p6,p4-I-p7,p4-I-p8,p4-I-p9,p5-I-p0,p5-I-p1,p5-I-p2,p5-I-p3,p5-I-p4,p5-I-p5,p5-I-p6,p5-I-p7,p5-I-p8,p5-I-p9,p6-I-p0,p6-I-p1,p6-I-p2,p6-I-p3,p6-I-p4,p6-I-p5,p6-I-p6,p6-I-p7,p6-I-p8,p6-I-p9,p7-I-p0,p7-I-p1,p7-I-p2,p7-I-p3,p7-I-p4,p7-I-p5,p7-I-p6,p7-I-p7,p7-I-p8,p7-I-p9,p8-I-p0,p8-I-p1,p8-I-p2,p8-I-p3,p8-I-p4,p8-I-p5,p8-I-p6,p8-I-p7,p8-I-p8,p8-I-p9,p9-I-p0,p9-I-p1,p9-I-p2,p9-I-p3,p9-I-p4,p9-I-p5,p9-I-p6,p9-I-p7,p9-I-p8,p9-I-p9
0,0.2,0.5,1.3,0.95,1.6,100.0,100.0,100.0,100.0,100.0,100.0,100.0,100.0,100.0,100.0,0.0,0.0,0.0,0.0,0.0,0.0,0.0,0.0,0.0,0.0,0.0,0.0,0.0,0.0,0.0,0.0,0.0,0.0,0.0,0.0,0.0,0.0,0.0,0.0,0.0,0.0,0.0,0.0,0.0,0.0,0.0,0.0,0.0,0.0,0.0,0.0,0.0,0.0,0.0,0.0,0.0,0.0,0.0,0.0,0.0,0.0,0.0,0.0,0.0,0.0,0.0,0.0,0.0,0.0,0.0,0.0,0.0,0.0,0.0,0.0,0.0,0.0,0.0,0.0,0.0,0.0,0.0,0.0,0.0,0.0,0.0,0.0,0.0,0.0,0.0,0.0,0.0,0.0,0.0,0.0,0.0,0.0,0.0,0.0,0.0,0.0,0.0,0.0,0.0,0.0,0.0,0.0,0.0,0.0,0.0,0.0,0.0,0.0,0.0,0.0,1.0,0.0,0.0,0.0,0.0,0.0,0.0,0.0,0.0,0.0,0.0,1.0,0.0,0.0,0.0,0.0,0.0,0.0,0.0,0.0,0.0,0.0,1.0,0.0,0.0,0.0,0.0,0.0,0.0,0.0,0.0,0.0,0.0,1.0,0.0,0.0,0.0,0.0,0.0,0.0,0.0,0.0,0.0,0.0,1.0,0.0,0.0,0.0,0.0,0.0,0.0,0.0,0.0,0.0,0.0,1.0,0.0,0.0,0.0,0.0,0.0,0.0,0.0,0.0,0.0,0.0,1.0,0.0,0.0,0.0,0.0,0.0,0.0,0.0,0.0,0.0,0.0,1.0,0.0,0.0,0.0,0.0,0.0,0.0,0.0,0.0,0.0,0.0,1.0,0.0,0.0,0.0,0.0,0.0,0.0,0.0,0.0,0.0,0.0,1.0
1,0.2,0.5,1.3,0.95,1.6,109.55,96.9,93.95,101.75,106.6,109.19999999999999,95.6,113.45,115.7,111.7,0.05,0.0,0.05,0.05,0.0,0.0,0.3,0.3,0.0,0.25,0.25,0.0,0.05,0.15,0.0,0.4,0.0,0.0,0.0,0.15,0.05,0.0,0.05,0.25,0.1,0.0,0.0,0.0,0.4,0.15,0.0,0.15,0.15,0.05,0.3,0.0,0.25,0.0,0.1,0.0,0.05,0.0,0.1,0.0,0.1,0.25,0.0,0.25,0.25,0.0,0.0,0.15,0.15,0.1,0.0,0.1,0.0,0.2,0.3,0.0,0.35,0.0,0.0,0.1,0.2,0.0,0.0,0.3,0.05,0.0,0.1,0.2,0.0,0.0,0.0,0.2,0.0,0.05,0.2,0.25,0.2,0.0,0.0,0.0,0.2,0.05,0.05,0.2,0.1,0.2,0.1,0.15,0.0,0.15,0.15,0.15,0.0,0.0,0.0,0.3,0.9500000000000001,0.0,1.3,1.3,0.0,0.0,7.800000000000001,7.800000000000001,0.0,6.5,6.5,0.0,1.3,3.9000000000000004,0.0,10.4,0.0,0.0,0.0,3.9000000000000004,1.3,0.0,0.9500000000000001,6.5,2.6,0.0,0.0,0.0,10.4,3.9000000000000004,0.0,3.9000000000000004,3.9000000000000004,0.9500000000000001,7.800000000000001,0.0,6.5,0.0,2.6,0.0,1.3,0.0,2.6,0.0,1.9000000000000001,6.5,0.0,6.5,6.5,0.0,0.0,3.9000000000000004,3.9000000000000004,2.6,0.0,1.9000000000000001,0.0,5.2,7.800000000000001,0.0,9.1,0.0,0.0,2.6,5.2,0.0,0.0,7.800000000000001,1.3,0.0,2.6,5.2,0.0,0.0,0.0,5.2,0.0,0.9500000000000001,5.2,6.5,5.2,0.0,0.0,0.0,5.2,1.3,1.3,5.2,1.9000000000000001,5.2,2.6,3.9000000000000004,0.0,3.9000000000000004,3.9000000000000004,3.9000000000000004,0.0,0.0,0.0,5.699999999999999
2,0.2,0.5,1.3,0.95,1.6,120.37326058421853,104.22341540212446,103.0280954097117,119.54771619878606,113.62764506828529,113.88050000000001,96.18147534142642,118.5034147572079,114.64438118361156,110.18697693474962,0.05,0.15,0.1,0.1,0.1,0.05,0.15,0.1,0.1,0.1,0.05,0.0,0.05,0.2,0.05,0.15,0.05,0.25,0.05,0.15,0.1,0.1,0.05,0.3,0.2,0.25,0.0,0.0,0.0,0.0,0.1,0.15,0.2,0.05,0.05,0.1,0.1,0.05,0.05,0.15,0.0,0.0,0.1,0.25,0.1,0.0,0.2,0.0,0.2,0.15,0.0,0.35,0.0,0.0,0.2,0.1,0.0,0.15,0.05,0.15,0.5,0.0,0.0,0.5,0.0,0.0,0.0,0.0,0.0,0.0,0.2,0.05,0.05,0.05,0.15,0.1,0.2,0.05,0.1,0.05,0.0,0.0,0.3,0.05,0.2,0.25,0.0,0.15,0.05,0.0,0.25,0.15,0.15,0.0,0.0,0.0,0.0,0.25,0.2,0.0,1.815537215477997,4.27245,3.908569347496207,3.908569347496207,2.8483,1.42415,10.634066084977238,9.20991608497724,2.8483,8.149646737481032,6.249115781487103,0.0,2.2575831562974207,8.032449468892263,1.2597000000000003,11.762165250379365,1.2597000000000003,6.298500000000001,1.2597000000000003,6.772749468892262,3.4260345978755695,2.4427000000000003,1.6111156676783005,12.244772989377847,6.852069195751139,6.106750000000001,0.0,0.0,7.866676783004554,2.950003793626707,2.6455,7.033655918057665,8.356405918057664,1.713326441578149,7.453561836115328,2.6455,7.75450986342944,1.32275,3.3663539453717757,3.9682500000000007,1.0457207890743552,0.0,4.86304157814871,6.928999999999999,3.553761153262519,5.228603945371776,5.543200000000001,5.228603945371776,10.771803945371776,4.1574,0.0,13.112829742033384,3.1756297420333843,2.1170864946889227,5.6784,3.6219016691957506,0.0,8.492972989377845,7.770859484066769,4.2588,19.368303490136572,0.0,0.0,14.410943854324735,3.96588770864947,0.0,0.0,5.9488315629742035,0.9914719271623675,0.0,8.058406069802732,5.792862139605464,1.4748500000000002,1.4748500000000002,4.42455,7.2677121396054645,5.899400000000001,1.8666426024279215,7.2677121396054645,6.872365174506829,4.362397572078907,0.0,9.024600000000001,1.5041000000000002,10.37879757207891,8.611099393019726,1.0905993930197269,8.874697572078908,2.693102959028832,4.362397572078907,9.402245068285282,7.568917602427922,4.3563,3.212617602427921,3.212617602427921,3.212617602427921,0.0,7.2605,5.808400000000001,4.695364188163885
3,0.2,0.5,1.3,0.95,1.6,122.50751423219236,111.39891034080975,113.10260177488047,126.31829036092128,121.69675096982806,120.4275385185804,98.85246302722172,124.37100108573398,124.3592680733631,114.43637902582617,0.05,0.1,0.1,0.1,0.1,0.0,0.2,0.1,0.1,0.15,0.0,0.0,0.1,0.15,0.05,0.25,0.05,0.15,0.05,0.2,0.1,0.05,0.05,0.15,0.15,0.1,0.0,0.05,0.25,0.1,0.1,0.15,0.2,0.05,0.0,0.1,0.25,0.05,0.0,0.1,0.05,0.0,0.15,0.15,0.1,0.1,0.1,0.1,0.2,0.05,0.05,0.25,0.1,0.05,0.1,0.1,0.0,0.15,0.15,0.05,0.2,0.1,0.05,0.2,0.15,0.05,0.0,0.1,0.1,0.05,0.15,0.1,0.05,0.1,0.1,0.1,0.1,0.05,0.15,0.1,0.05,0.05,0.15,0.05,0.25,0.15,0.0,0.15,0.05,0.1,0.2,0.15,0.1,0.1,0.1,0.1,0.0,0.15,0.1,0.0,2.6251346987649438,6.615728368609173,6.319149839851612,6.319149839851612,5.45372050413601,1.162007864473164,14.93800915809247,10.646296518429624,5.45372050413601,11.345719570308862,5.042414543769662,0.0,4.531696250986745,10.547131229499353,2.3716600774495893,16.265843219280306,2.3716600774495893,9.14849158679271,2.3716600774495893,10.885279952505,5.470466563043809,3.330432433170993,2.291376415369559,13.994641747245796,9.601567885761366,7.656398462764356,0.0,1.3393652403262521,13.102177318003768,5.080737149292194,5.343011465047013,10.601558370421705,13.273064102945213,2.582430885102723,6.2914677676416595,5.343011465047013,14.317107684884979,2.6715057325235065,2.842079537173411,6.4603968869863,2.3174030824870755,0.0,8.33891193509779,9.99884411825295,5.014357632115059,7.155537254772251,7.408211540247278,7.155537254772251,14.56374879501953,4.817578962241604,1.4804465000000002,17.823458097866713,5.484456290822848,3.1628220272152325,7.473842889739352,5.04212022960051,0.0,11.190802971734978,10.616703554080535,4.865158917304513,20.131398556437752,2.500718358877087,1.2503591794385436,16.255867872918532,6.851502085131009,1.2503591794385436,0.0,7.151355179100154,3.275824495580932,1.2503591794385436,11.030875187116168,7.687967361466469,2.7136308840424253,4.254175275886128,6.600348260283572,8.86105385366519,7.773434752482294,2.610365353973565,10.401598245508893,8.546415382861554,4.866536211647287,1.4903769553869504,11.46590971578754,2.6561734303247313,15.491229932946215,11.144153054914842,0.8440398140650842,11.34467954723453,3.1746464657939657,6.356913167034238,12.999827423878635,10.148670395010658,6.234047160538196,5.347053934624208,5.347053934624208,5.347053934624208,0.0,9.912601700846412,7.357109080616432,3.6278198578533556
4,0.2,0.5,1.3,0.95,1.6,124.62618265479723,121.22565151851641,121.3607573656407,134.95595299179686,130.02506192963605,128.10233315720654,100.98023711171874,129.27489230976357,134.37650100513684,119.34976462968112,0.05,0.1,0.1,0.1,0.05,0.1,0.15,0.1,0.1,0.15,0.1,0.0,0.1,0.15,0.05,0.2,0.1,0.1,0.05,0.15,0.1,0.1,0.05,0.2,0.1,0.05,0.05,0.05,0.2,0.1,0.1,0.15,0.15,0.05,0.1,0.05,0.15,0.1,0.05,0.1,0.1,0.0,0.15,0.1,0.1,0.1,0.1,0.1,0.2,0.05,0.0,0.25,0.1,0.1,0.1,0.1,0.0,0.1,0.15,0.1,0.1,0.1,0.05,0.2,0.2,0.05,0.0,0.15,0.1,0.05,0.1,0.1,0.05,0.1,0.1,0.15,0.1,0.05,0.15,0.1,0.05,0.05,0.2,0.05,0.2,0.15,0.05,0.1,0.05,0.1,0.2,0.2,0.05,0.1,0.1,0.1,0.0,0.15,0.1,0.0,3.224513353268307,8.378966071333434,8.14592901263239,8.14592901263239,5.874276426038282,4.097287330313652,16.50338798627206,11.541203520510425,7.466874111056782,13.683493714186561,6.952745821793688,0.0,6.542330692418808,12.83019810626227,3.356379700485486,18.878800695273043,4.804565534916013,10.257125832257085,3.356379700485486,13.102219407086077,7.402012343499074,5.657264412995044,2.9429849865509627,17.293490007092892,10.771081993198155,7.715688216367276,1.4703338230734462,2.5626088707265455,16.562493593366725,7.082636390005883,7.558366731060447,13.407027102852208,15.544072693690454,3.265814294284512,8.317069393324596,5.916228956368471,16.37925012778369,5.421321140222201,3.9156289436172367,8.452206562478015,5.030559682176206,0.0,11.462341819786138,11.217156467540178,6.350825461230544,8.92729392669339,9.130675961298513,8.92729392669339,18.0579698879919,5.462137692449081,1.1847503949406006,22.09128373607296,7.520144983167555,5.662218524292533,9.112167400426559,6.323159240443118,0.0,12.086734398839276,13.19286922291853,7.024529353220391,18.461157407589255,4.543271754922821,2.2716358774614105,17.970339797027602,10.548774971153648,2.2716358774614105,0.0,9.501531753400005,5.155468084776705,2.2716358774614105,12.027901835478197,9.362578505239698,3.7802744441293656,6.625291082449294,8.49580669406817,11.91465932516368,9.431064499877609,3.2625896037197064,13.142852949369065,10.0469003609373,5.561894175675394,2.824739401500681,15.758333277999167,3.7693134995912487,19.022477689086667,13.88137738849856,2.300959178497399,12.428424787994738,3.7546125710343654,8.386633577176074,16.26228090931605,14.00052053359956,6.432709577804429,7.21620220062394,7.21620220062394,7.21620220062394,0.0,12.326058475400185,8.811351940520034,2.877371694680299
5,0.2,0.5,1.3,0.95,1.6,127.98309551222641,131.9090611952537,128.2859880140841,140.3134464343179,138.507125503254,137.7517896707928,104.01961965083902,136.63975373643297,141.11741477450695,128.33347006396602,0.05,0.1,0.1,0.1,0.1,0.05,0.15,0.1,0.1,0.15,0.1,0.0,0.05,0.15,0.0,0.25,0.1,0.1,0.1,0.15,0.1,0.1,0.05,0.15,0.15,0.1,0.05,0.05,0.15,0.1,0.1,0.15,0.15,0.05,0.1,0.1,0.15,0.1,0.0,0.1,0.05,0.05,0.1,0.1,0.1,0.1,0.1,0.1,0.2,0.1,0.05,0.2,0.1,0.1,0.1,0.1,0.0,0.1,0.15,0.1,0.1,0.15,0.05,0.2,0.2,0.05,0.0,0.15,0.05,0.05,0.1,0.1,0.05,0.1,0.1,0.1,0.1,0.05,0.15,0.15,0.1,0.0,0.2,0.0,0.2,0.15,0.05,0.15,0.05,0.1,0.15,0.25,0.1,0.1,0.05,0.1,0.0,0.15,0.1,0.0,3.7155155221182548,9.819016449522463,9.63587469880995,9.63587469880995,7.8526696968586345,4.836787504245393,17.816880769972173,12.300397823220528,9.102970073927835,15.602931859707702,8.795970957641382,0.0,6.887818132820941,15.144963042370186,2.725306695779093,23.206711814800936,7.05297591710191,11.480699110599634,5.87717363526052,15.365753090685565,9.12314701573189,7.716551490354267,3.5256197424172915,18.67552003211598,13.417273588794785,9.376664969166583,2.7630161527537505,3.6436941356685715,18.08510501953819,8.865140898725548,9.589274234941941,16.04893354863397,17.768196065461282,3.909355608000583,10.200013025269223,8.26832702319164,18.43981508514994,7.870011718114631,3.1501814407707927,10.308493666481727,5.737132513212713,1.690325805085269,12.601570102304802,12.404368672702656,7.579444436442502,10.562332610229891,10.725866750650177,10.562332610229891,21.288199360880068,7.774713581417473,2.616267369298183,24.392777928621104,9.366742469976673,7.875462832330912,10.644453975793622,7.509216189578261,0.0,13.032076585615487,15.585312430049589,8.96883211154144,17.157987128346985,7.512656318916044,3.0999566182318503,19.393802184023038,13.552786007179272,3.0999566182318503,0.0,11.417447427299942,5.369479173187617,3.0999566182318503,12.904733352051958,10.789493332129524,4.6801113870942,8.618087160703539,10.102358387673263,12.81449485401596,10.844494001158125,3.8167806026562783,15.469604719223726,13.012918475012947,7.994254789767865,2.2853956191950338,19.735739190285017,3.049406511787774,22.377760938176163,16.47069239585896,3.608570974052954,15.296064294126577,4.3143417632465235,10.2796504089629,17.580812629115215,18.885910702796046,8.21635960668209,8.838605691473294,7.287058751287439,8.838605691473294,0.0,14.452249428901395,10.107047158422091,2.287079353198853
6,0.2,0.5,1.3,0.95,1.6,135.6678684546103,139.29056984893657,138.35941344785914,149.57349071043512,144.10377236636134,144.25710650251557,105.85662101651147,146.12279006550727,152.53305119052067,133.68767222755838,0.05,0.1,0.1,0.1,0.1,0.0,0.15,0.15,0.1,0.15,0.1,0.0,0.1,0.15,0.0,0.2,0.1,0.1,0.1,0.15,0.1,0.1,0.05,0.15,0.15,0.1,0.0,0.05,0.2,0.1,0.1,0.15,0.15,0.05,0.1,0.1,0.15,0.1,0.05,0.05,0.1,0.0,0.1,0.1,0.1,0.1,0.15,0.1,0.2,0.05,0.05,0.2,0.1,0.1,0.1,0.1,0.0,0.1,0.15,0.1,0.15,0.15,0.1,0.25,0.1,0.05,0.0,0.15,0.0,0.05,0.1,0.1,0.05,0.1,0.1,0.1,0.1,0.05,0.15,0.15,0.1,0.05,0.2,0.0,0.2,0.15,0.0,0.15,0.05,0.1,0.15,0.15,0.1,0.15,0.05,0.1,0.0,0.15,0.15,0.0,4.146954992610505,11.073852361266344,10.929251450088994,10.929251450088994,9.522532517969893,3.8155718877224754,19.04679844987178,14.694579603341445,10.508941867770293,17.3000502197529,10.571198787217769,0.0,9.02274921612823,17.442378903307006,2.213289240308478,25.702416895185987,9.15670596961181,12.752864552823562,8.201882930293547,17.621618923065892,10.635131168659502,9.509673302386705,4.039667242766105,19.945982044475166,15.738707314125119,10.837988842023403,2.2107662596110673,4.583141737471857,21.141273470436893,10.428684172729017,11.257055345893946,18.20643292644902,19.57045570697736,4.43490032823758,11.741178736795943,10.208858654363588,20.103637682350296,9.893032565365603,4.323307236991046,10.003449678990304,8.209488209397769,1.3577041162498054,13.72335736727062,13.564976671525471,8.71979991227057,12.08537905471009,14.017286400995639,12.08537905471009,24.302072824163428,8.045576273151466,3.902231296254161,26.849380263800377,11.141160092065011,9.93755736888711,12.172098398681886,8.67766253834543,0.0,14.099267413994284,17.950775583540448,10.819794528715178,17.618429447775856,9.99199605372235,5.1536440877849845,22.086872997891643,13.413573940645447,3.801389032324077,0.0,13.079678151408462,4.242796586195687,3.801389032324077,13.877604666218431,12.185223774272522,5.520835115287266,10.4478943668184,11.635446094330668,13.805409922272634,12.229221958086796,4.3518531490717365,17.706058889559788,15.740487089018634,10.044293072019132,3.657071211974646,23.077444628169406,2.4318709132296137,25.18414023097428,18.638959120425305,2.877804295984062,17.70202164541418,4.781236759478341,11.866837891925186,19.191081468563233,20.2448358388148,9.96644854132117,12.137405665974132,7.548605980259044,10.469070555142574,0.0,16.666572191906056,13.160305042091196,1.8453844178857168
7,0.2,0.5,1.3,0.95,1.6,146.71404303923725,146.33059841599555,147.1488351732766,157.45144768525026,151.87007866823487,153.5129448590646,108.88314959221822,155.584957663924,160.15237655022867,140.61616701536138,0.05,0.1,0.1,0.1,0.05,0.1,0.15,0.1,0.1,0.15,0.15,0.0,0.1,0.15,0.0,0.2,0.1,0.15,0.0,0.15,0.1,0.1,0.05,0.15,0.1,0.1,0.05,0.05,0.2,0.1,0.1,0.1,0.15,0.05,0.1,0.1,0.15,0.1,0.05,0.1,0.1,0.0,0.15,0.1,0.1,0.1,0.1,0.1,0.2,0.05,0.05,0.2,0.1,0.1,0.1,0.1,0.0,0.1,0.15,0.1,0.2,0.2,0.05,0.2,0.2,0.0,0.0,0.15,0.0,0.0,0.1,0.1,0.05,0.1,0.1,0.1,0.1,0.05,0.15,0.15,0.1,0.05,0.15,0.05,0.2,0.15,0.0,0.15,0.05,0.1,0.15,0.15,0.1,0.1,0.1,0.1,0.0,0.15,0.15,0.0,4.611507922710976,12.400047215871165,12.284201006235797,12.284201006235797,9.39342644954942,6.584482235233704,20.551886182789122,15.301153520524881,11.947432960841557,19.15237541320393,13.886172655202039,0.0,10.837078844750273,19.381056620197,1.7699634193917089,27.797427238277827,10.944207243965483,15.630820327413268,6.5590806657050855,19.524395916396383,12.19396995899263,11.284206107343927,4.579744925686567,21.519024859761657,16.319439293636734,12.358499267113114,3.585585645646303,5.503212709181477,24.282798452836975,12.026631773337932,12.934124540712304,18.518194480225798,21.558745166843917,4.984491632432919,13.323336717194037,12.091900529640547,21.987052423106405,11.838029233329845,5.418455603840319,11.92694374836271,10.263264641789426,1.0777409741243418,16.513176185300026,14.514081179234438,9.659476010731767,13.339638157794836,14.873284800961361,13.339638157794836,26.78357396237809,8.259674914898067,4.983011713930752,28.883522349859764,12.623179413061864,11.664698171627116,13.44428205584257,9.651547949648734,0.0,14.97891565306832,19.92147279677415,12.367350488877777,19.350810725423287,13.352450816553546,5.423776942366432,22.85728545828433,16.04303672384154,2.9858351047796656,0.0,14.40509592965535,3.3338375585835416,2.9858351047796656,14.967516495602926,13.605765907297279,6.342614036877253,12.207408721998586,13.163047425510428,14.909596804393246,13.640866777266343,4.890456281955254,19.948379944174533,18.36666721771601,12.093887955876811,4.942264988929174,24.62206347938612,3.950835985975306,28.310614664511203,21.030843524240137,2.328746518483186,20.273198396441433,5.31808791530778,13.568821626645196,20.45825642899611,21.294885575790573,11.392735172768372,13.116844049503099,9.471935908025461,11.791654047942794,0.0,18.452917454559355,15.667736689786626,1.4659508111436965
8,0.2,0.5,1.3,0.95,1.6,157.00906932100455,156.14694273900574,154.785813884555,163.9220923358822,161.7139368058596,161.0194019135862,114.7409832629328,167.12765728933707,164.87945925438348,150.16986952390235,0.05,0.1,0.1,0.1,0.1,0.05,0.15,0.1,0.1,0.15,0.1,0.0,0.1,0.15,0.0,0.2,0.15,0.15,0.0,0.15,0.1,0.1,0.05,0.15,0.1,0.1,0.05,0.05,0.2,0.1,0.1,0.15,0.15,0.05,0.1,0.1,0.15,0.1,0.0,0.1,0.1,0.0,0.1,0.1,0.1,0.1,0.1,0.1,0.2,0.1,0.05,0.2,0.1,0.1,0.1,0.1,0.0,0.1,0.15,0.1,0.25,0.2,0.0,0.2,0.2,0.0,0.0,0.15,0.0,0.0,0.1,0.1,0.05,0.1,0.1,0.1,0.1,0.05,0.15,0.15,0.1,0.05,0.2,0.0,0.2,0.15,0.0,0.15,0.05,0.1,0.15,0.15,0.1,0.1,0.1,0.1,0.0,0.2,0.1,0.0,5.125523611765995,13.848889692292966,13.75522344089858,13.75522344089858,11.415849310143585,7.235706064151516,22.35271816057811,16.19682335914583,13.482698049595493,21.220482388211213,14.880832623810754,0.0,12.448635132745814,21.165829906424985,1.4116883002668577,29.781363361264592,14.436398398233717,18.174457326065856,5.231713285004228,21.280163353143408,13.612876803382427,12.882670070572718,5.073659833184016,23.01029618918773,16.924114126262918,13.745072084798792,4.790701172118522,6.3298316027813,27.141143240543286,13.478450373136713,14.42110608156749,20.926559722917062,23.354296277368764,5.475688284330227,14.73180047361129,13.74862100447331,23.696320306113684,13.545951181975443,4.32636255003913,13.61687779451971,12.148260194191966,0.8610434497759022,17.141471644303657,15.544331805126568,10.60276663773768,14.60603762771093,15.831333873937814,14.60603762771093,29.295410463173333,10.547515063048738,5.996119670456785,31.171034969132364,14.125536832376797,13.356020569640622,14.784682936764813,10.665232480924272,0.0,16.016797154316414,21.980476255574626,13.920089534699681,22.361601902915965,16.20445159702841,4.282611210104766,23.713423959228724,18.331027685350787,2.358004954341679,0.0,15.622794401135069,2.6335647266006164,2.358004954341679,16.0647704923848,14.971343344910565,7.1159951392848715,13.848298462433576,14.61568209470591,16.01835062432978,14.999373910842081,5.405321955314548,22.087338484195435,20.817218285091247,13.807682305645203,6.022990777897131,27.961885736907863,3.15045001994212,30.902999550155723,23.01619772205705,1.856921441108871,22.411937414794032,5.762109746657458,14.98375545505982,21.813079634883167,22.48074311447861,12.749282637379881,14.12531369866907,11.216109690860005,13.06759998953424,0.0,22.040489266097634,16.16142645299986,1.1700963226501606
9,0.2,0.5,1.3,0.95,1.6,163.65605886594088,164.55835523986602,169.17055922869673,171.6921424108714,168.08395648958566,171.14150844616682,121.11126060184836,175.26019418234682,174.96340235473966,159.89493940870676,0.05,0.1,0.1,0.1,0.1,0.05,0.15,0.1,0.1,0.15,0.0,0.0,0.15,0.15,0.0,0.2,0.15,0.1,0.1,0.15,0.1,0.1,0.05,0.15,0.1,0.1,0.05,0.05,0.2,0.1,0.1,0.15,0.15,0.05,0.1,0.1,0.15,0.1,0.0,0.1,0.1,0.0,0.1,0.1,0.1,0.1,0.1,0.1,0.2,0.1,0.05,0.2,0.1,0.1,0.1,0.1,0.0,0.1,0.15,0.1,0.25,0.15,0.15,0.2,0.15,0.0,0.0,0.1,0.0,0.0,0.1,0.1,0.05,0.1,0.1,0.1,0.1,0.05,0.15,0.15,0.1,0.05,0.2,0.0,0.2,0.15,0.0,0.15,0.05,0.1,0.15,0.15,0.1,0.1,0.05,0.15,0.0,0.2,0.1,0.0,5.6181045400548815,15.231830368347332,15.156455628527532,15.156455628527532,13.273009809608755,7.866573758646513,24.11925921793635,17.122255155636715,14.937046200062756,23.20783227413344,11.963319527070714,0.0,16.097834310585952,23.106174917817086,1.135073410088017,32.06252957540891,17.69583886853048,18.671384858400483,8.26597282205077,23.19809334352029,14.889699225879253,14.306894667999547,5.520064879816805,24.402491049478282,17.532519104662136,14.995130625308791,5.83601898998073,7.0644667811758195,29.711992585437354,14.782473845315016,15.713515588966498,23.010166225783486,24.937920188098584,5.905365302986706,15.95999863970054,15.179498865822815,25.20963134878608,15.018674013129132,3.4353067918775837,15.074786215489645,13.960436534019829,0.6914670566679892,17.970391362984223,16.68778705474154,11.58733937982958,15.934265399514238,16.918215111521725,15.934265399514238,31.9354346581434,12.674969785004485,6.8723908295624785,33.217370012032646,15.445021999029645,14.831716449611726,15.97042619383647,11.559920215075554,0.0,16.952394111332328,23.79889746402582,15.281326642025693,25.323899438896866,17.421046379838728,7.896457660065336,24.912237115689933,19.120228115463235,1.8839417659965514,0.0,15.46497623569046,2.1041613606870286,1.8839417659965514,17.303851927716433,16.4220435033707,7.912715809037655,15.515957437474523,16.1349057986761,17.26656841362279,16.444379979276892,5.947904199412396,24.33475931240835,23.310327003138855,15.189973001369054,6.899539592998714,30.654261753470685,2.487743391928518,32.97610539460679,24.605286775275893,1.4661442858161124,24.127801920820815,6.116313442219271,16.118467031336458,23.39909545240486,23.93622463282685,14.157662837080286,15.264441262615577,10.972577843114006,16.366020251494763,0.0,25.534298707234463,16.90174491782728,0.9409487027463053
10,0.2,0.5,1.3,0.95,1.6,176.05666630614903,174.74143536376388,181.68654307273044,181.78609732205223,173.1435516826448,179.65432204009556,127.1924457636237,183.00464097988342,183.314975266253,171.96852778537473,0.05,0.1,0.1,0.1,0.1,0.05,0.15,0.1,0.1,0.15,0.15,0.0,0.15,0.15,0.0,0.2,0.15,0.0,0.05,0.15,0.1,0.1,0.05,0.15,0.1,0.1,0.05,0.05,0.2,0.1,0.1,0.15,0.15,0.05,0.1,0.1,0.15,0.1,0.0,0.1,0.1,0.0,0.1,0.1,0.1,0.1,0.1,0.1,0.2,0.1,0.05,0.15,0.1,0.1,0.1,0.1,0.0,0.1,0.2,0.1,0.2,0.25,0.1,0.25,0.0,0.0,0.0,0.2,0.0,0.0,0.1,0.1,0.05,0.1,0.1,0.1,0.1,0.05,0.1,0.2,0.1,0.05,0.2,0.0,0.2,0.15,0.0,0.15,0.05,0.1,0.15,0.15,0.1,0.1,0.1,0.1,0.0,0.2,0.1,0.0,6.0184931821811745,16.35725799321052,16.29734063733743,16.29734063733743,14.80092669588808,8.377727712311769,25.54616605032901,17.85914140198291,16.123015723442172,24.821905884871192,15.975374737755688,0.0,19.27849650023332,24.877470126061894,0.9067847921579049,34.17204136553574,20.55516514983749,14.916683433931253,8.74301370709152,24.950904321518365,16.515692821766805,16.04127615785652,6.099347871276288,26.456977098042664,18.667005088729077,16.601988816421894,6.948204718138285,7.948119163626368,32.975764720381086,16.42801606822078,16.97954318298155,25.023100870596867,26.558501971166297,6.334579979651996,17.175753055395436,16.55420114451023,26.774971798978587,16.426159023018187,2.736096072690784,16.47075235161399,15.44676894713888,0.548641170783631,18.6282406794191,17.610581376085257,12.38723416189419,17.012733909906984,17.793500864665003,17.012733909906984,34.078585074407194,14.426782166804875,7.738695237635665,33.325568013789365,16.841576015734752,16.349491312072228,17.263093228031753,12.526472459267378,0.0,18.05099165826556,27.993775966122076,16.710206224588926,26.545643801832096,21.80121792079403,9.462498884088255,27.790948777942383,15.287638878261005,1.5063333353072095,0.0,18.66289509281753,1.682432997400065,1.5063333353072095,18.34653359819875,17.643738331087473,8.584186708929058,16.92173986615122,17.41500696956501,18.31676217473837,17.661640521271906,6.404963083773049,23.94954251564602,27.689889492511483,16.72638152008134,7.805660546590602,33.67258410137414,1.9943371890009054,35.534002191591476,26.548807558048622,1.175378420403402,26.16606737396139,6.5654153765760555,17.470747096478384,25.026121036577056,25.457556119054892,15.526351463171796,16.415212719706265,12.968688381130843,17.29983532404736,0.0,28.81946859860016,17.72991487249598,0.7555726034595512
11,0.2,0.5,1.3,0.95,1.6,186.80349983041475,187.80855034417624,188.868901898331,190.73928122573506,183.4235540047585,191.12024847926284,134.17031150230142,198.54645879778798,189.96029386270334,179.46389634426572,0.05,0.1,0.1,0.1,0.1,0.1,0.15,0.1,0.1,0.1,0.15,0.0,0.05,0.15,0.0,0.2,0.15,0.15,0.0,0.15,0.1,0.1,0.05,0.15,0.1,0.1,0.05,0.05,0.2,0.1,0.1,0.15,0.15,0.05,0.1,0.1,0.15,0.1,0.0,0.1,0.1,0.0,0.1,0.1,0.1,0.1,0.1,0.1,0.2,0.1,0.05,0.2,0.1,0.1,0.1,0.1,0.0,0.1,0.15,0.1,0.15,0.25,0.0,0.2,0.2,0.0,0.0,0.2,0.0,0.0,0.1,0.1,0.05,0.1,0.1,0.1,0.1,0.05,0.15,0.15,0.1,0.05,0.25,0.0,0.15,0.15,0.0,0.15,0.05,0.1,0.15,0.15,0.1,0.1,0.1,0.1,0.0,0.2,0.1,0.0,6.530601896337764,17.780844184963826,17.732511163065638,17.732511163065638,16.524585623488097,11.339928238828985,27.486724116824355,18.993263971444893,17.591796083522656,24.613484759577783,19.626461455701218,0.0,17.732126325886128,26.765633046035326,0.7272563679401298,36.491121843599004,23.299228879406353,18.777578809155493,7.011530567612661,26.8245247190531,18.046143637249067,17.663388077458965,6.646027038089097,28.42743221198767,19.78180299697768,18.115949569417285,7.9664573600467055,8.773152787801607,36.047121793842635,17.97525455553491,18.323213012041514,27.12752108533453,28.357031385754134,6.799537017802793,18.480351674137673,17.982612155957725,28.530364466097858,17.880070436214638,2.191001313476305,17.91579693385826,16.70418713850403,0.43343499316812095,19.21734616581346,18.413400132871214,13.075185857882017,17.94112872451861,18.558015939751527,17.94112872451861,35.92426076378519,15.898333772037265,8.50594742693353,35.914031862058565,18.09957981408958,17.70723336663516,18.435698325790707,13.401373214788542,0.0,19.063884916392322,29.327252123620656,17.99486333608573,26.133008903782063,25.655260615417475,7.546904389242093,28.779678653739623,18.80735049208203,1.201537431468059,0.0,21.49920364450297,1.342090033272026,1.201537431468059,19.347904773150866,18.788941246840178,9.205512412877386,18.214885367505765,18.607164284003783,19.324155999040585,18.803303742252794,6.831980818134956,26.182567163165718,29.157066282671757,18.090410068145488,8.601095035541512,38.73917022709318,1.5887080070675135,35.455678911688125,28.29814976018473,0.9362824059218151,27.99318558968883,6.971492266341846,18.68333925003757,26.90568692656917,27.25409865139309,17.00275838442026,17.720327667024357,14.938544878768248,18.43435694945932,0.0,32.20307450793362,18.7812471620636,0.6097607119413071
12,0.2,0.5,1.3,0.95,1.6,197.22518149557735,198.90797586965826,202.689655283563,200.63492049706946,196.3478220376535,200.6282071364452,139.62423389465698,205.17381591323303,200.22776353719559,193.33150798972784,0.05,0.1,0.1,0.1,0.1,0.1,0.1,0.1,0.1,0.15,0.1,0.0,0.1,0.15,0.0,0.15,0.15,0.1,0.1,0.15,0.1,0.1,0.05,0.15,0.1,0.1,0.05,0.05,0.2,0.1,0.1,0.15,0.15,0.05,0.1,0.1,0.15,0.1,0.0,0.1,0.1,0.0,0.1,0.1,0.1,0.1,0.1,0.1,0.2,0.1,0.05,0.2,0.1,0.1,0.1,0.1,0.0,0.1,0.15,0.1,0.2,0.2,0.1,0.2,0.2,0.0,0.0,0.1,0.0,0.0,0.1,0.1,0.05,0.1,0.1,0.1,0.1,0.05,0.1,0.2,0.1,0.05,0.25,0.0,0.2,0.15,0.0,0.1,0.05,0.1,0.15,0.15,0.1,0.1,0.1,0.1,0.0,0.2,0.1,0.0,7.009727335291613,19.11045482868477,19.071715465677958,19.071715465677958,18.103402274302486,13.94725155538574,26.89092519560173,20.08238510602309,18.958914013715717,27.016146812512506,20.718531443650242,0.0,19.190217912704274,28.920587235706034,0.5869480444876267,36.76763449750254,26.123387454932775,20.033998108024313,10.540397494072234,28.9681064803059,19.22752942932281,18.923942806806526,7.066889500554229,29.91855188497683,20.604187728478788,19.282749307902975,8.77570464464006,9.415565835646264,38.419469778234756,19.17142559840092,19.565852365180536,29.063898549081618,30.044022769048574,7.232370370422597,19.691063096569856,19.294330180816505,30.182228713861964,19.212613222077362,1.7465781473123105,19.24104258703877,18.14861020126675,0.34716556150485095,20.16157808520971,19.51764516095627,13.95791507094333,19.13937017212264,19.63346890036338,19.13937017212264,38.31238038452286,17.503154867232965,9.311999487645384,38.765311510676696,19.497083364582245,19.18214711881809,19.766856067642493,14.388136322344467,0.0,20.271114347467666,30.99373985395917,19.413006113871727,27.864786175636112,27.482708526281368,9.520578248185206,29.98021168065022,22.009403536828682,0.9604088107612082,0.0,20.672514772945924,1.0727747805777708,0.9604088107612082,20.846374052387084,20.39339714828197,10.043424806965694,19.927866989956485,20.245832237906292,20.827253747184024,20.404814861881192,7.424474599399778,26.387013850279132,33.960361889552374,19.271421592842792,9.2838839626505,43.03941119180613,1.2587399653441127,37.96851286771079,29.828384004925475,0.7417564497759059,27.117149249504813,7.327910464277834,19.741130071991883,28.38840173875403,28.66526530208999,18.182786265228994,18.75313695096086,16.54175343918315,19.32074086389962,0.0,34.932682826421136,19.596637096643818,0.4847770844596122
13,0.2,0.5,1.3,0.95,1.6,205.89319993622607,205.82440116805208,216.92901444947145,211.1778749171861,210.3454071811941,208.52260073475995,150.58795527913483,213.58350715283908,217.8432848841941,203.87444582093784,0.05,0.1,0.1,0.1,0.1,0.0,0.15,0.1,0.1,0.2,0.05,0.0,0.1,0.15,0.0,0.2,0.15,0.1,0.1,0.15,0.1,0.1,0.05,0.15,0.1,0.1,0.05,0.05,0.25,0.05,0.1,0.1,0.15,0.05,0.1,0.1,0.2,0.1,0.0,0.1,0.1,0.0,0.1,0.1,0.1,0.1,0.1,0.1,0.2,0.1,0.1,0.15,0.1,0.1,0.1,0.1,0.0,0.1,0.15,0.1,0.2,0.15,0.1,0.2,0.15,0.0,0.0,0.1,0.1,0.0,0.1,0.1,0.1,0.1,0.1,0.1,0.1,0.05,0.1,0.15,0.1,0.05,0.2,0.0,0.25,0.15,0.0,0.1,0.05,0.1,0.1,0.2,0.1,0.1,0.1,0.1,0.0,0.2,0.1,0.0,7.478885464974024,20.40930693358812,20.37832848200841,20.37832848200841,19.604030554831095,11.152761174990719,29.19479237770086,21.18649465278066,20.28812832303528,31.85885110838108,19.179309169902353,0.0,20.541092828318007,30.919986692188523,0.47010662627209343,39.790533121829384,28.679660542054254,21.21690769667152,13.613418724764427,30.958045353695006,20.772533032602357,20.52769938912761,7.623382697223879,32.027595964456864,21.882765990722703,20.81717781891396,9.710392140233187,10.226404506182476,44.151152638819354,18.092228646762358,20.83339806835655,28.414431418995537,31.804995844027236,7.678693896296468,20.933309819888596,20.61667247591893,34.523578106390595,20.5514613775464,1.3940672838560617,20.57412690872828,19.71738113218737,0.2794975050891794,21.338072119781998,20.81964521399687,14.968803668371459,20.515089839284663,20.912858339544627,20.515089839284663,41.05724975191997,19.197750911485468,12.641251311064806,38.73393498775164,20.762292330536027,20.511188902000885,20.97740958897418,15.284289743792797,0.0,21.379451753673234,32.537292569426626,20.69527329591544,29.385401529549807,27.265438846141976,11.189270459592036,31.06488134877604,22.920611685790792,0.7627989657698827,0.0,20.04415101096911,4.4824094203224165,0.7627989657698827,21.82569956624013,21.46727460220344,13.279713846248686,21.09913370303051,21.35068325447612,21.81048597244683,21.476458030198923,7.822511531508765,26.208526913237407,34.86732393114586,20.603646794909803,10.020717858980216,44.80001865735494,1.0057346675799772,43.351384920828,31.64156899447747,0.5926576041324013,26.872362795301353,7.75711139538759,20.978936952236996,27.958135727558872,33.20854148729433,19.714289045500237,20.17512790797155,18.38874293215906,20.63366448845531,0.0,38.2711138500409,20.856369724544944,0.3915516079374099
14,0.2,0.5,1.3,0.95,1.6,221.92782934603704,220.7487296780773,227.83569560100167,228.13230812371586,219.6688518745185,220.03816882566312,158.21286164679677,225.07438989483785,226.7956726068897,212.15488142721327,0.05,0.1,0.1,0.1,0.1,0.1,0.15,0.1,0.1,0.1,0.15,0.0,0.1,0.15,0.0,0.15,0.15,0.15,0.0,0.15,0.1,0.1,0.05,0.15,0.1,0.1,0.05,0.05,0.2,0.1,0.1,0.15,0.15,0.05,0.1,0.1,0.15,0.1,0.0,0.1,0.1,0.0,0.1,0.1,0.1,0.1,0.1,0.1,0.2,0.1,0.05,0.2,0.1,0.1,0.1,0.1,0.0,0.1,0.15,0.1,0.15,0.25,0.0,0.35,0.0,0.0,0.0,0.15,0.1,0.0,0.1,0.1,0.1,0.1,0.1,0.1,0.1,0.05,0.1,0.15,0.1,0.05,0.2,0.0,0.25,0.15,0.0,0.1,0.05,0.1,0.2,0.15,0.1,0.1,0.1,0.1,0.0,0.15,0.1,0.0,7.9027432872882315,21.58148401561202,21.55684151276672,21.55684151276672,20.94119636185841,14.22121620159643,31.243750421365796,22.19939929794682,21.48512244979722,30.685473695783926,23.209602666045953,0.0,21.612029245497283,32.50368272412993,0.371991870165841,39.52555894736738,30.730584982797257,24.822493976831762,10.776832108953096,32.533806580223484,22.365625191211684,22.16844682055741,8.19896514778345,34.24814180137445,23.25975768293493,22.401654060896437,10.638490320933782,11.054053127829961,46.82931876292566,20.207606073705417,22.12443784334689,30.922606909009474,33.62968394756183,8.137014255256517,22.204190597460254,21.951395867848646,35.80024301794003,21.899338733153925,1.1130561827606171,21.917417537587767,21.351264044078064,0.2251141964351251,22.656678917350888,22.239119368806794,16.053874523623513,21.993812564224324,22.31416587330797,21.993812564224324,44.009416945296564,20.932754396165564,12.740638686380851,41.575491522773135,21.89482363368952,21.69561292665896,22.065531464989398,16.088810395700172,0.0,22.384467099900036,33.94814792697224,21.841688454101096,29.6190414469362,31.8225272366034,9.042566455306181,38.80691127920153,18.522391997644984,0.6161333636405899,0.0,22.070485084741406,7.5375798696353815,0.6161333636405899,22.88380723016443,22.599155063063613,16.097873284868157,22.306902524724116,22.506652706602363,22.871679968221656,22.606527797541492,8.2404841117659,26.363851508174232,36.01613682255335,22.388256090546296,10.965945681802669,47.69265978755483,0.816237561956954,49.34901005631956,34.17962539715593,0.4810527218063945,27.476114168433615,8.366075334132244,22.69290449736028,32.94436634893442,34.4899117211164,21.055527157518853,21.42379765773585,19.996208101815252,21.790235547907564,0.0,38.535695218906085,21.968225007138436,0.3129134949877775
15,0.2,0.5,1.3,0.95,1.6,234.57374112843678,231.16686019669848,235.64622059932742,238.13812904074277,237.24996679536972,238.2000460941973,162.00055868998209,240.0100182238847,235.17835483672218,231.04005761184104,0.05,0.1,0.1,0.1,0.1,0.1,0.1,0.1,0.1,0.15,0.1,0.0,0.1,0.1,0.05,0.2,0.15,0.1,0.0,0.2,0.1,0.1,0.05,0.15,0.1,0.1,0.0,0.1,0.2,0.1,0.1,0.15,0.15,0.05,0.1,0.1,0.15,0.1,0.0,0.1,0.1,0.0,0.1,0.1,0.1,0.1,0.1,0.1,0.2,0.1,0.05,0.2,0.1,0.1,0.1,0.1,0.0,0.1,0.15,0.1,0.15,0.2,0.05,0.25,0.2,0.0,0.0,0.15,0.0,0.0,0.1,0.1,0.0,0.1,0.1,0.1,0.1,0.05,0.15,0.2,0.1,0.05,0.2,0.0,0.2,0.2,0.0,0.1,0.05,0.1,0.2,0.1,0.1,0.1,0.1,0.1,0.0,0.2,0.1,0.0,8.493621776063058,23.20764770332469,23.187750570590456,23.187750570590456,22.69028181470505,17.260719289194945,31.01467397817565,23.70698701342072,23.12979943827149,33.44855579936607,24.44558771478946,0.0,23.1578997483279,31.936211451777723,3.1696284907305006,43.3351008658114,33.37669235359309,25.74556434589954,8.685506944278613,37.699959154346914,23.760787273839444,23.603552907612276,8.703286187030674,36.199135203314185,24.47378850374333,23.789489032650135,8.484475989122926,14.739587269756683,49.19491317190665,22.03971151085189,23.82700756223612,33.9092346440076,36.09891932117558,8.748970808820614,23.891599346064268,23.68706095518175,37.85461692159706,23.644915772008318,0.9002680175527908,23.659618489512514,22.691674996514536,0.17904175385267573,23.72987200621618,23.397775179995094,16.941075407754298,23.202680626263504,23.457482863777138,23.202680626263504,46.42270072570095,22.358809401127207,13.045756965472373,44.67870603242243,23.224386355586237,23.06513232289723,23.360857682564966,17.0426145721121,0.0,23.61582137330676,35.7206813242499,23.18191109477544,29.797536980576464,33.61166871953339,9.269957512832288,41.24013362643497,23.00243214728652,0.4915576012621949,0.0,23.775985484824155,6.012692849234333,0.4915576012621949,24.133707668443655,23.906292784132432,12.860500596851134,23.672822937454917,23.832404173705413,24.124012268805743,23.912194791830665,8.721492713451145,29.839856898638907,40.4770184298669,23.6741583861405,11.655893869057824,49.66392108474505,0.648183896704555,50.97912385493206,38.93392448670858,0.3819845830023425,27.71437592480992,8.797674055122274,23.91605516868158,37.18546459547794,32.896384573871984,22.231290007088727,22.523575833869824,21.39033816500011,22.814449187323742,0.0,41.62417049126077,22.955824202883075,0.24842375316714538
16,0.2,0.5,1.3,0.95,1.6,245.17023864004915,242.428609720469,253.13481319355276,247.81303261701004,253.5937092343176,247.02718050885267,172.43713600438912,252.65329637943654,252.25800739405798,246.1482437767413,0.05,0.1,0.1,0.1,0.1,0.0,0.15,0.1,0.1,0.2,0.05,0.0,0.1,0.15,0.05,0.15,0.15,0.1,0.1,0.15,0.1,0.1,0.05,0.15,0.1,0.1,0.05,0.05,0.2,0.1,0.1,0.15,0.15,0.05,0.1,0.1,0.15,0.1,0.0,0.1,0.1,0.0,0.1,0.1,0.1,0.1,0.1,0.1,0.2,0.1,0.1,0.1,0.1,0.1,0.1,0.1,0.0,0.1,0.2,0.1,0.15,0.2,0.1,0.15,0.25,0.0,0.0,0.15,0.0,0.0,0.1,0.1,0.1,0.1,0.1,0.1,0.1,0.05,0.1,0.15,0.1,0.05,0.2,0.0,0.15,0.2,0.0,0.15,0.05,0.1,0.15,0.2,0.1,0.1,0.1,0.1,0.0,0.15,0.1,0.0,9.024096929275405,24.66708172755718,24.651162384372967,24.651162384372967,24.25314310823039,13.81009688304409,33.962851587784975,25.066597933786596,24.604796330729034,38.95962782128234,22.47277146976121,0.0,24.452527562679634,34.44837356790358,5.529359520209727,43.526100667230146,35.59567877290709,26.513167773327858,12.92723760155804,39.038521998209006,24.931761848852673,24.80737983602742,9.12666290831168,37.83900473504181,25.495790402580386,24.95438777194794,9.778219928752288,14.728977439116216,51.188049169957544,23.569664483827413,25.136492251420407,36.24868814457365,37.9896799950861,9.218631344519924,25.18781215785709,25.02521239652006,39.38561907662866,24.991719881205576,0.7158163087640604,25.00337474546243,24.521532071874613,0.14478974082434434,25.361186410950307,25.09261631109485,18.209689555680956,24.93483414389246,25.140871065705078,24.93483414389246,49.883679219063715,24.252359841614993,16.756351194737043,42.369858956405345,24.998112210653204,24.86915104038254,25.10858067539049,18.32528887001986,0.0,25.31506561968505,41.30959536028963,24.963684710069746,29.788754485983645,34.89733762749972,11.513255749874581,38.80097869096336,28.647920966711744,0.38747919632481226,0.0,25.045437333188737,4.73589915345745,0.38747919632481226,25.634427822786336,25.451695548273058,16.57508424323516,25.264053222586536,25.392289201045962,25.62665478384367,25.45640719027568,9.288804906125591,30.220039126327126,41.88827642089181,24.877058499267314,12.294937489539514,51.589338438299,0.5137553333225544,49.5743341270652,43.085531612112106,0.3027386152287672,31.13657211565438,9.206598383164124,25.068759429401503,39.21224229898394,38.73209088266225,24.063053522983548,24.30055621971532,23.38003975243912,24.53684441681098,0.0,42.817369466347515,24.651546973640748,0.20174536255065864
17,0.2,0.5,1.3,0.95,1.6,261.7528094460047,254.37426335663878,268.5737944250847,261.32751251611705,266.53371430587913,260.6703693695719,182.76718824320483,266.18161829057885,269.25955523725844,258.1172788323302,0.05,0.1,0.1,0.1,0.1,0.1,0.1,0.1,0.1,0.15,0.1,0.0,0.1,0.15,0.0,0.15,0.15,0.1,0.1,0.15,0.1,0.1,0.05,0.15,0.1,0.1,0.05,0.05,0.2,0.1,0.1,0.1,0.15,0.05,0.1,0.1,0.2,0.1,0.0,0.1,0.1,0.0,0.1,0.1,0.1,0.1,0.1,0.1,0.2,0.1,0.05,0.15,0.1,0.1,0.1,0.1,0.0,0.1,0.2,0.1,0.25,0.2,0.05,0.2,0.15,0.0,0.0,0.15,0.0,0.0,0.1,0.1,0.1,0.1,0.1,0.1,0.1,0.05,0.1,0.15,0.1,0.05,0.2,0.0,0.2,0.15,0.0,0.15,0.05,0.1,0.15,0.2,0.1,0.1,0.1,0.1,0.0,0.15,0.1,0.0,9.508835838629539,25.999964777425443,25.987294511807274,25.987294511807274,25.670642620777627,17.3618974631607,33.39577983889107,26.31779482434876,25.950406728417907,40.558656527731976,24.213412443506414,0.0,25.791272748029076,36.909260340483286,4.406779227959659,44.14402899354838,37.82373983540411,27.433497773419774,16.605899076528445,40.56756823314485,26.691845109222157,26.591481655874816,9.766488470794915,40.39390991129245,27.14695740248662,26.710150612304147,11.178048806570727,15.171206018465346,54.45194434096465,25.593156383486857,26.399656016947965,35.22191474147523,39.8256785777003,9.673131070652017,26.44036357587192,26.311299686696955,44.15550593486362,26.28472604508225,0.5683190669756814,26.293944191338504,26.324582345371383,0.11649786402864173,27.000198976912767,26.784104924134656,19.47062982210151,26.65714884316661,26.82291783893929,26.65714884316661,53.325566070641216,26.10801210267851,16.491386701704204,43.21315989906123,26.234436340429077,26.132239962236795,26.322004944343846,19.216844765670416,0.0,26.485623522051966,45.58458954741228,26.20717356522782,35.124896758599796,36.98512689816247,11.485530211167106,40.11887376696931,29.725990297224953,0.31103549720933454,0.0,26.833390416884853,3.8022668104589252,0.31103549720933454,27.037548166458915,26.891632895796388,19.803857508178027,26.7418119217222,26.8442076923027,27.031335386925047,26.89540557759295,9.817124722825794,30.699042697306545,43.30040094718789,26.608959445578638,13.188749433529924,54.69700020912218,0.4140311684342076,53.07278964340393,44.56394548473807,0.24399059725784814,34.93328966389437,9.816720332475487,26.76346764429056,41.09988680630045,43.913935377599394,25.73023705725874,25.92105512469964,25.181549265721124,26.110882822466984,0.0,43.996016646753894,26.203000752392064,0.16206392634865238
18,0.2,0.5,1.3,0.95,1.6,281.6874794212577,273.39353349745585,281.351412651945,280.26359126440053,273.4813016394648,278.52155836543085,186.90489818390657,280.5580105376609,279.71438400692625,278.31252375938533,0.05,0.1,0.1,0.1,0.1,0.1,0.1,0.1,0.1,0.15,0.15,0.0,0.1,0.15,0.0,0.15,0.15,0.1,0.0,0.2,0.1,0.1,0.05,0.15,0.1,0.1,0.0,0.1,0.2,0.1,0.1,0.15,0.15,0.05,0.1,0.1,0.15,0.1,0.0,0.1,0.1,0.0,0.1,0.1,0.1,0.1,0.1,0.1,0.2,0.1,0.05,0.15,0.1,0.1,0.1,0.1,0.0,0.1,0.2,0.1,0.25,0.25,0.05,0.3,0.0,0.0,0.0,0.15,0.0,0.0,0.1,0.1,0.05,0.1,0.1,0.1,0.1,0.05,0.1,0.2,0.1,0.05,0.2,0.0,0.2,0.2,0.0,0.1,0.05,0.1,0.15,0.2,0.1,0.1,0.1,0.1,0.0,0.15,0.1,0.0,10.132916544061404,27.712714028753634,27.702529041990605,27.702529041990605,27.447888463187283,20.76671626263023,33.65988383832101,27.96831163402961,27.672865437076315,42.822392397617236,29.223079565372437,0.0,27.174089873391,39.34397822652305,3.5130211455052023,45.11144511526601,40.07306430909105,28.48320309776314,13.237934569182073,45.56723849954711,28.379544189424035,28.299084084581697,10.380430542209155,42.85483269476765,28.744401819381018,28.394229013363052,8.960510833845582,19.14438101547428,57.61539601771645,27.498814428884256,27.89236553045472,38.3401366240347,42.01931389523615,10.213100658962086,27.92489393460557,27.821752599294186,45.47956952017127,27.800517498326073,0.4541869419363167,27.80788058895525,27.932069006545035,0.09294562258000033,28.471085473753966,28.298679846268733,20.59813314399222,28.197392032642227,28.32965085354685,28.197392032642227,56.40377614906333,27.75928033528289,16.572440747844283,44.712044322623434,27.75003464891432,27.66833624839925,27.82004087304928,20.315266590792717,0.0,27.950841010099243,49.996567300702225,27.728241282341425,40.02146451354299,41.51193365599269,11.578069155486286,46.39848456296558,23.81614867391178,0.24917606422429928,0.0,28.626482187733792,3.046290044994965,0.24917606422429928,28.518149067116084,28.401588064320507,19.279558675702052,28.28191663483801,28.363711105799464,28.513182420050715,28.40460834128019,10.370583502233456,31.44291829677036,48.42953845219249,28.39514326705363,14.104521678059925,57.979478119040785,0.3328700881347024,56.67347496837385,49.8322731313595,0.19617063670240972,35.08814542675937,10.450897767463442,28.519373479834606,42.81886713889485,48.417125565561044,27.215383375272456,27.367423410602683,26.77814766071089,27.518685284859703,0.0,45.126713281651504,27.59211163107258,0.12914837955758393
19,0.2,0.5,1.3,0.95,1.6,296.5013073222206,286.91839806725204,295.3795389380752,296.63761465062527,291.61768615912837,297.0247910971533,193.2432459632272,299.5784507398519,294.84893821198364,295.3620381729809,0.05,0.1,0.1,0.1,0.1,0.1,0.1,0.1,0.1,0.15,0.1,0.0,0.1,0.15,0.0,0.15,0.15,0.1,0.1,0.15,0.1,0.1,0.05,0.15,0.1,0.1,0.0,0.1,0.2,0.1,0.1,0.15,0.15,0.05,0.1,0.1,0.15,0.1,0.0,0.1,0.1,0.0,0.1,0.1,0.1,0.1,0.1,0.1,0.2,0.1,0.1,0.15,0.1,0.1,0.1,0.1,0.0,0.1,0.15,0.1,0.15,0.2,0.05,0.25,0.2,0.0,0.0,0.15,0.0,0.0,0.1,0.1,0.05,0.1,0.1,0.1,0.1,0.05,0.1,0.2,0.1,0.05,0.2,0.0,0.2,0.2,0.0,0.1,0.05,0.1,0.15,0.15,0.1,0.1,0.1,0.1,0.0,0.2,0.1,0.0,10.857142766715034,29.698551818345457,29.690333536045657,29.690333536045657,29.48472005097105,24.090528142874746,34.50026949539468,29.904951824357063,29.66638160529227,45.55964192526433,30.685466245795116,0.0,29.03216301515757,42.40499218180994,2.8342271769165697,47.05803057996133,42.993055863880215,30.088413077394666,17.788398461188525,47.42586430731161,29.919973142038366,29.855897862757153,10.94104420902758,45.10733088159829,30.210531673487875,29.931651109599976,7.137161265030439,22.564093060953482,60.52204546916203,29.218464970089528,29.765833788478936,41.8292622841214,44.794445863736364,10.893435841222615,29.792070969959298,29.708932490016647,47.58319581154389,29.691808746603847,0.3660176003193706,29.69776431700832,29.13031421423006,0.0732775401441245,29.55522092248495,29.419301792173336,21.434342487277107,29.339454618550015,29.443739862380276,29.339454618550015,58.68600629543852,28.994079716198293,20.57293406449761,46.83033866900349,29.564660919395667,29.498937204727063,29.62096844789543,21.63421981427967,0.0,29.726197534072135,51.08133838564574,29.54712143483889,38.79313318117816,42.3955336386575,11.543463476655042,48.67295546729954,28.466557990369182,0.1963376420626505,0.0,29.823380139780017,2.398362338543103,0.1963376420626505,30.079777746347023,29.986645126095752,19.051130797881925,29.891033756911547,29.956386448349924,30.07580685567316,29.989062794069117,10.951130768408344,32.41658947290024,53.28296698038828,29.79573036221494,14.824057279305194,60.53477073571031,0.2640633323463015,59.49897256925982,54.07232627120821,0.15560899016999385,35.1046156416878,10.946989879054216,29.89426813375432,45.45984992996676,49.98368196806341,29.23115358122158,29.354078775732386,28.877756463883525,29.476351692168286,0.0,50.94325344728592,29.53565682368102,0.10437686530602981
20,0.2,0.5,1.3,0.95,1.6,305.01172972735543,306.1991403860145,315.84332415986864,313.58003034799407,312.96344521224614,308.30522492484255,208.19563755392787,313.66339135283215,311.72403445580903,313.0859192769804,0.05,0.1,0.1,0.1,0.1,0.0,0.15,0.1,0.1,0.2,0.1,0.0,0.1,0.15,0.0,0.15,0.15,0.1,0.1,0.15,0.1,0.1,0.05,0.15,0.1,0.1,0.05,0.05,0.2,0.1,0.1,0.15,0.15,0.05,0.1,0.1,0.15,0.1,0.0,0.1,0.1,0.0,0.1,0.1,0.1,0.1,0.1,0.1,0.2,0.1,0.1,0.15,0.1,0.1,0.1,0.1,0.0,0.1,0.15,0.1,0.0,0.3,0.0,0.25,0.25,0.0,0.0,0.2,0.0,0.0,0.1,0.1,0.1,0.1,0.1,0.1,0.1,0.05,0.1,0.15,0.1,0.05,0.25,0.0,0.2,0.2,0.0,0.05,0.05,0.1,0.15,0.15,0.1,0.1,0.1,0.1,0.0,0.2,0.1,0.0,11.485175068209472,31.420550157224238,31.413987823806234,31.413987823806234,31.249829475698142,19.2340552448472,39.108750001164,31.585334067250624,31.394864934618116,51.79319224503157,31.923285858836685,0.0,30.605282778132004,44.996454560219256,2.259553518176929,48.706041712333544,45.46532908924176,31.447337172119028,21.64145227781693,48.999256935771896,31.53766098860396,31.486575852491836,11.5303498543086,47.487765360673016,31.76931396998427,31.546961569829918,9.530978121211088,21.832307608367884,63.619239162492356,30.9782935783693,31.544001464045444,45.05862979308664,47.4326512656927,11.539670538967789,31.56500961549045,31.498445154442848,49.66541457428329,31.484734516220502,0.29304307021103043,31.489504559689575,30.99091967921004,0.05888324398216682,31.332371818637473,31.223151021052672,22.765183432586994,31.158986863361665,31.24278348390345,31.158986863361665,62.32367476201234,30.881448750023612,24.25638163184423,49.220056100114036,31.48281526787556,31.42999332686839,31.528062691534807,23.030198910964454,0.0,31.612638030208654,52.6364203532754,31.468713922788552,30.70510012598802,48.62873777087771,9.136568237269907,51.08554434791756,35.091523360408715,0.15551175482853333,0.0,33.65382637671252,1.898624248429509,0.15551175482853333,31.978081346615138,31.903198889558624,23.109222087146826,31.826302359604394,31.878853012161024,31.974896772102632,31.905128338439333,11.652490251275704,33.85726079900745,54.5318029285329,31.47285938456748,15.677457051397475,67.5324653594849,0.21099039198070885,62.871840281678224,58.53592227764648,0.12433244107807671,31.881625485442832,11.54770977219898,31.551590935736165,47.96534267482814,51.592130022674944,31.114688162907566,31.213249112297184,30.831354349919767,31.31128315987844,0.0,56.201189477265864,31.35882357114009,0.08368216160144876
21,0.2,0.5,1.3,0.95,1.6,325.7430198541919,320.3767193314162,336.2915795636701,329.662695652824,331.91242257392315,325.4360423125094,214.84421445816776,339.05269242437294,325.2940692240766,330.711874165837,0.05,0.1,0.1,0.1,0.1,0.1,0.1,0.1,0.1,0.15,0.1,0.0,0.15,0.15,0.0,0.15,0.15,0.1,0.0,0.2,0.1,0.1,0.05,0.15,0.1,0.1,0.0,0.1,0.2,0.1,0.1,0.15,0.15,0.05,0.1,0.1,0.15,0.1,0.0,0.1,0.1,0.0,0.1,0.1,0.1,0.1,0.1,0.1,0.2,0.1,0.05,0.15,0.1,0.1,0.1,0.1,0.0,0.1,0.2,0.1,0.25,0.2,0.0,0.2,0.2,0.0,0.0,0.15,0.0,0.0,0.1,0.1,0.1,0.1,0.1,0.1,0.1,0.05,0.1,0.15,0.1,0.1,0.2,0.0,0.2,0.15,0.0,0.1,0.05,0.1,0.15,0.1,0.1,0.1,0.1,0.1,0.0,0.25,0.1,0.0,11.963307509499195,32.73177633535477,32.726592246016985,32.726592246016985,32.59704447121845,23.112243889449832,38.80031536926495,32.86180500249318,32.711500781825634,52.77812490533836,33.62655789946194,0.0,36.54744042947708,48.117520948852196,1.8165919545929132,51.099873296383734,48.494422714471135,33.243862561419284,17.39896360978234,55.31623665899805,33.5917902098845,33.55066861603167,12.27953611624271,50.53360645611292,33.77826189277546,33.599291180975676,7.670104227357958,25.781317415906216,67.62126536237517,33.14163366089086,33.393121782741794,48.283437276830426,50.18302005257537,12.212517301937913,33.409931893598994,33.35666985632687,51.96957459878335,33.345699074964166,0.2344791151861251,33.3495161993786,33.12280547605751,0.04747041295000631,33.398093687753786,33.31004085108128,24.300241852421543,33.258310598777356,33.325861040862094,33.258310598777356,66.52121460162135,33.034555546153,23.24044853641086,51.049186329252606,32.97788896972108,32.93601127996355,33.013772034493165,24.117881838511448,0.0,33.08081933572504,57.76591183489357,32.96671695383899,38.33000911143126,50.10241661889628,7.378779852002063,52.085710528316,39.16936079329053,0.12551268796503087,0.0,35.300790342911476,1.5331054223458567,0.12551268796503087,33.62020079910132,33.56056212244504,26.557740883333516,33.49933425584318,33.541184091387244,33.6176587230128,33.56210900915927,12.25897286598859,35.11663412887515,55.65787050254582,33.289316993755676,20.649881242438333,70.24893754024838,0.16883325362504434,66.51951357462546,58.99751747700619,0.09949029458348818,33.61640567802771,12.201822576959572,33.35231775446676,50.64312433216244,49.478983173531624,33.07121258261365,33.150191327389514,32.844182811833925,33.22874556041504,0.0,65.38237234447445,33.26683458652646,0.06705209257610922
22,0.2,0.5,1.3,0.95,1.6,353.11660853049256,340.32053188825444,353.0818625537158,349.33379523080237,345.783077451074,347.7402066573932,223.3821734070567,355.054934930691,345.5605985855303,346.2627548177856,0.05,0.1,0.1,0.1,0.1,0.1,0.1,0.1,0.1,0.15,0.1,0.0,0.1,0.15,0.0,0.15,0.15,0.1,0.1,0.15,0.1,0.1,0.05,0.15,0.1,0.1,0.0,0.1,0.2,0.1,0.1,0.15,0.15,0.05,0.1,0.1,0.15,0.1,0.0,0.1,0.1,0.0,0.1,0.1,0.1,0.1,0.1,0.1,0.2,0.1,0.1,0.15,0.1,0.1,0.1,0.1,0.0,0.1,0.15,0.1,0.3,0.2,0.0,0.25,0.1,0.0,0.0,0.15,0.0,0.0,0.1,0.1,0.1,0.1,0.1,0.1,0.1,0.05,0.1,0.15,0.1,0.05,0.2,0.0,0.2,0.2,0.0,0.1,0.05,0.1,0.15,0.2,0.1,0.1,0.1,0.1,0.0,0.15,0.1,0.0,12.715680212752973,34.792839119130264,34.78867133884648,34.78867133884648,34.684478472488586,27.05678522887856,39.67324372293623,34.89742279712131,34.77653367436902,55.14903983896042,35.097482391617426,0.0,37.42270791055505,50.79765973323015,1.4460679784127244,53.171719591290575,51.09773011348657,34.792885244581825,22.179880506056037,56.528091183398004,35.71884654960967,35.685818905646855,13.055624603811939,53.69547066170408,35.86861498686538,35.72487844514852,6.159392627462983,29.446712466253,71.78915314831423,35.35735190810577,35.21653068609193,51.38355609481463,52.89927001545847,12.876502364678375,35.22993996824968,35.18744350762283,54.324795922593346,35.178691430892044,0.1871005050547589,35.18173335086003,35.1757044417474,0.03804429850377286,35.39633228216264,35.325763685942086,25.781551879707965,35.28430495703442,35.33844117616242,35.28430495703442,70.5722907231137,35.10497873364989,27.04326301281411,53.50840629209977,34.82882615068385,34.79534298007371,34.85751686870468,25.466750442495304,0.0,34.91112408049858,58.87876365619684,34.81989398755478,47.066254689813974,50.786474773409516,5.834916281030982,55.14859998570098,36.55525880574265,0.09932936289152995,0.0,36.290433601089276,1.212567983579321,0.09932936289152995,36.01860909954079,35.97036952768068,30.304112177084527,35.92081495816195,35.95467195663754,36.01656439586583,35.97160045587534,13.140151809635059,37.2294224681807,58.25778201148422,34.92296833285359,20.64561337106317,72.76383886206746,0.13423808808789978,69.79899697526756,63.818870065405775,0.07909962559145939,35.18310522262779,12.790860360787875,34.97305486346208,53.40339935070236,56.77153974295739,35.049693169066025,35.11286167142828,34.868109796048905,35.17569089781144,0.0,65.19223355800929,35.206155796929416,0.053629814470449136
23,0.2,0.5,1.3,0.95,1.6,378.3491233304111,371.39431680733594,377.81120118630736,369.48325869687926,355.8583423294527,366.34186829595717,233.23599443083737,368.34852704034057,365.7352762720333,363.63410379054835,0.05,0.1,0.1,0.1,0.1,0.1,0.1,0.1,0.1,0.15,0.1,0.0,0.1,0.15,0.0,0.15,0.15,0.1,0.1,0.15,0.1,0.1,0.05,0.15,0.1,0.1,0.0,0.1,0.2,0.1,0.1,0.15,0.15,0.05,0.1,0.1,0.15,0.1,0.0,0.1,0.1,0.0,0.1,0.1,0.1,0.1,0.1,0.1,0.2,0.1,0.1,0.15,0.1,0.1,0.1,0.1,0.0,0.1,0.15,0.1,0.2,0.3,0.1,0.25,0.0,0.0,0.0,0.15,0.0,0.0,0.1,0.1,0.1,0.1,0.1,0.1,0.1,0.05,0.1,0.15,0.1,0.1,0.2,0.0,0.2,0.15,0.0,0.1,0.05,0.1,0.2,0.2,0.1,0.1,0.1,0.1,0.0,0.1,0.1,0.0,13.658588855978817,37.37493852566283,37.371563900280336,37.371563900280336,37.28711698620046,31.10645476418151,41.32964025539912,37.459710101279974,37.36172672103971,58.46059510112491,36.999819687946335,0.0,38.864817204384366,54.01698093634957,1.1598777718423123,55.92118922020455,54.25764607868689,36.75548777825206,26.638685745798774,58.61330165462684,37.662996854647304,37.63666403378939,13.765073792679965,56.58793819347216,37.78240674510928,37.66780105679034,4.911548765411951,32.66156081862377,75.60626304773693,37.37473909409799,37.2952739188565,54.788302434599004,56.00257437667792,13.634268560881509,37.306018044316914,37.27197217536461,57.14459496465814,37.264959950007935,0.14988816331962554,37.26739855511865,36.9313032600565,0.030220628959798514,37.106549977521354,37.050494350198214,27.04880876978543,37.017562906049,37.06056890346595,37.017562906049,74.03805122550091,36.87512016481991,30.796470425861415,56.60740716496032,37.05973377596325,37.03279669085347,37.082811142381416,27.094111568398667,0.0,37.12593984606608,60.92767018447021,37.0525448223537,48.97123463317777,57.73153322692778,10.439484370020102,58.28997944083087,29.01269312966464,0.07888610058379318,0.0,37.51458953546305,0.9626198447472394,0.07888610058379318,37.91569007453702,37.877268618514336,33.3648687269414,37.83780921683046,37.86477339227033,37.91405786701302,37.87825547999027,13.837488444277968,38.87994054465424,60.242035630476096,36.99630953057301,25.54443985746059,76.33306438342814,0.10766709456052032,73.95494823406219,64.66604847125255,0.0634441728663174,37.20493123275241,13.542381646834343,37.036483619244194,60.531140278417716,63.213246506103125,36.91317486805177,36.96346450226342,36.768592303461006,37.01348835576037,0.0,60.916000617209605,37.03775333757254,0.042703237743490885
24,0.2,0.5,1.3,0.95,1.6,391.8413210950184,388.800468702872,402.67343311345286,388.2259968292639,386.12699099500446,386.69674235094215,244.47593959792542,393.52841013440735,381.8550526823866,387.5092007874209,0.05,0.1,0.1,0.1,0.1,0.1,0.1,0.1,0.1,0.15,0.1,0.0,0.1,0.15,0.0,0.15,0.15,0.15,0.0,0.2,0.1,0.1,0.05,0.15,0.1,0.1,0.0,0.1,0.2,0.1,0.1,0.15,0.15,0.05,0.1,0.1,0.15,0.1,0.0,0.1,0.1,0.0,0.1,0.1,0.1,0.1,0.1,0.1,0.2,0.1,0.1,0.1,0.1,0.1,0.1,0.1,0.0,0.1,0.2,0.1,0.0,0.25,0.1,0.2,0.3,0.0,0.0,0.15,0.0,0.0,0.1,0.1,0.1,0.1,0.1,0.1,0.1,0.05,0.1,0.15,0.1,0.1,0.2,0.0,0.2,0.15,0.0,0.1,0.05,0.1,0.2,0.15,0.1,0.1,0.1,0.1,0.0,0.15,0.1,0.0,14.59808862659379,39.947455208306664,39.94473762249077,39.94473762249077,39.87669639012021,34.89741144456701,43.133518851597636,40.01576148769733,39.93681163535642,61.85317402881177,39.74115869867104,0.0,41.25735377664583,58.40596134869864,0.9430891811606605,59.95424483976963,58.601551753202486,44.370533178765314,21.660110637010355,66.97129917233372,40.14363342685533,40.1224278570881,14.670759969346296,60.29070022213428,40.23979298306509,40.147510042189815,3.9541474321989707,36.117098935565025,80.51288443820124,39.91156386570588,39.456348086559174,58.26041405153766,59.23227490292714,14.422464615924117,39.464947739543916,39.43769835110333,60.14630836119216,39.43208581742578,0.11996468100454456,39.43403802273333,38.41251740146983,0.02386338321982503,38.55088460197805,38.506622070800276,28.118490918640973,38.480620251480325,38.51458341034224,38.480620251480325,76.96355279727325,38.36815030363949,34.12439936034191,54.74153678767375,39.127325404833044,39.10580896906131,39.14575975120433,28.60262973243458,0.0,39.18020908850157,67.71734303371377,39.12158378307514,38.94753588764992,61.07447485634058,14.36673396776986,58.48706935955145,41.26720565849085,0.06277130507136558,0.0,38.932026901425154,0.7657492129311456,0.06277130507136558,39.63246936838599,39.60200554039437,36.02517803090075,39.57073392357832,39.59211026284425,39.63116931222433,39.60279843247722,14.468155771745518,40.396803157370535,62.1187820372077,39.129382149038555,29.960708627289968,80.1325863752213,0.0861998921289354,78.228599133073,66.03709752620469,0.050794708627752705,39.296402115588386,14.316888856577592,39.161546521683825,67.18355144116583,64.59534574273415,38.89336181305283,38.9334621566088,38.77806232857417,38.9733528976101,0.0,62.76327993792599,38.99270758466077,0.034055098871722284
25,0.2,0.5,1.3,0.95,1.6,409.84778178147116,409.6866993340365,426.3055190227499,411.75169544162605,412.8955371610717,407.77706829569274,256.2284682786347,417.1614802033227,406.7051811803935,406.1491637964647,0.05,0.1,0.1,0.1,0.1,0.1,0.1,0.1,0.1,0.15,0.1,0.0,0.1,0.15,0.0,0.15,0.15,0.1,0.1,0.15,0.1,0.1,0.05,0.15,0.1,0.1,0.0,0.1,0.2,0.1,0.1,0.15,0.15,0.05,0.1,0.1,0.15,0.1,0.0,0.1,0.1,0.0,0.1,0.1,0.1,0.1,0.1,0.1,0.2,0.1,0.1,0.15,0.1,0.1,0.1,0.1,0.0,0.1,0.15,0.1,0.1,0.2,0.0,0.25,0.25,0.0,0.0,0.2,0.0,0.0,0.1,0.1,0.1,0.1,0.1,0.1,0.1,0.05,0.1,0.15,0.1,0.05,0.25,0.0,0.2,0.15,0.0,0.1,0.05,0.1,0.15,0.2,0.1,0.1,0.1,0.1,0.0,0.15,0.1,0.0,15.282905101147389,41.822776013593604,41.820622723623735,41.820622723623735,41.76675168267255,37.82370091510937,44.34571703920062,41.87685291416102,41.8143472756862,64.26414134216124,41.75082532705148,0.0,42.95805844168397,61.66624706287958,0.7508794134173655,62.89898066531596,61.82199605753257,45.437005887264895,27.354318939504573,68.48619354793468,42.722517051333945,42.70547603099137,15.612475795254115,64.14424810123327,42.79979183895825,42.725636619327936,3.177007266373976,39.487337851800234,85.62629875244025,42.53605716414777,41.56866887355313,61.615838788899886,62.391094857675355,15.193116377012437,41.57552667454472,41.553791091868206,63.120221518125184,41.549314932034086,0.09569902349321814,41.550870042129574,41.175900208113504,0.019340909392083393,41.28805639388674,41.25218133723958,30.128831492805112,41.23110553441445,41.2586289592998,41.23110553441445,82.46408330715917,41.1399435695748,37.33804855976409,58.84938617641686,41.33809703770478,41.32089380242071,41.35283629749173,30.216272445145034,0.0,41.38037977058265,69.22410188305489,41.33350658645577,37.39100376009857,61.37731240413637,11.447351371419222,62.494293411712235,48.772837995454154,0.05003549572775742,0.0,43.73426499774843,0.6102617314300351,0.05003549572775742,42.110580495726,42.086080377644336,39.20899382723967,42.06092337318573,42.078116514151276,42.10953775489358,42.086713084634056,15.37615135523189,42.725384008409264,65.31360580014524,41.04408289952898,28.788917345294934,88.54237631330739,0.0685550294139614,82.06420795226691,67.40534253058343,0.04039503483890615,41.17694919897974,15.012475465045489,41.0696609118778,69.0854601865245,72.04378196903751,41.3206029423253,41.352824904275174,41.227967980679985,41.38487592467748,0.0,65.53432844247574,41.40042147554076,0.02736001768046554
26,0.2,0.5,1.3,0.95,1.6,436.1210005267559,436.92914836764146,446.55589462098055,432.3499999444083,430.47679544279066,431.90065962721513,269.3505361397487,438.3589604686007,431.64703447873,435.6352713428328,0.05,0.1,0.1,0.1,0.1,0.1,0.1,0.1,0.1,0.15,0.1,0.0,0.1,0.15,0.0,0.1,0.15,0.1,0.1,0.2,0.1,0.1,0.05,0.15,0.1,0.1,0.0,0.1,0.2,0.1,0.1,0.15,0.15,0.05,0.1,0.1,0.15,0.1,0.0,0.1,0.1,0.0,0.1,0.1,0.1,0.1,0.1,0.1,0.2,0.1,0.1,0.15,0.1,0.1,0.1,0.1,0.0,0.1,0.15,0.1,0.2,0.2,0.0,0.2,0.1,0.1,0.0,0.15,0.0,0.05,0.1,0.1,0.1,0.1,0.1,0.1,0.1,0.05,0.1,0.15,0.1,0.1,0.2,0.0,0.2,0.15,0.0,0.1,0.05,0.1,0.15,0.2,0.1,0.1,0.1,0.1,0.0,0.15,0.1,0.0,16.057529510943457,43.94364295692977,43.94192862990534,43.94192862990534,43.899056398748655,40.76075398733576,45.95163995396601,43.98667740651854,43.93693438775492,67.1332049334655,44.004891945855206,0.0,44.96930697320589,65.24045482717081,0.5998427494981028,60.899302355957566,65.36488068217511,46.949686011225985,32.5040621359596,76.01459294048595,45.29412423393691,45.28047792147953,16.551638228883185,67.98961239714282,45.356005255569926,45.29662310983112,2.5440188571491915,42.7035215965997,90.73339601976085,45.144814559492815,44.02148730070094,65.4414142832924,66.0627607803979,16.088432462414335,44.0269847509586,44.00956359531695,66.64713599406208,44.00597557653031,0.07669867431958753,44.007223067193976,43.87283475394487,0.015564358810219104,43.963095283795035,43.93422493080968,32.09210364600402,43.91726381483983,43.939411795829685,43.91726381483983,87.83603362490759,43.8438998940623,40.44156218152778,62.93380916843136,43.63826118523672,43.62451303992979,43.650040621113874,31.895622715887463,0.0,43.67205209362757,71.22494324020548,43.634592970857206,43.1172422892741,62.22824445493036,9.121078783840545,63.11840275674093,45.52281555121278,6.701823436994938,0.0,44.839524652613264,0.4863406109619932,3.370853349372686,44.58790039582166,44.568270215130795,42.26295848895641,44.54811204130775,44.561888017879006,44.587065574670845,44.56877600616463,16.2833942925691,45.08052102627232,68.60275984059312,43.53875860853781,33.696053994642824,92.2612690949442,0.055054877797628014,87.05826017598127,69.99784445102401,0.03244139549830886,43.645442060670874,15.920920044028689,43.55930095021408,70.88243785130953,78.5194395590905,43.48136571691171,43.50703252628552,43.407566820920756,43.53256513045309,0.0,68.0531915085019,43.54495325965534,0.0217973821914596
27,0.2,0.5,1.3,0.95,1.6,463.3438563208264,465.638398066057,468.8175144269563,458.35912708088273,450.0954859896974,462.84499902984805,283.16929254766245,461.7390266142332,456.99805833776026,456.0704436479263,0.05,0.1,0.1,0.1,0.1,0.1,0.1,0.1,0.1,0.15,0.1,0.0,0.1,0.15,0.0,0.15,0.15,0.1,0.1,0.15,0.1,0.1,0.05,0.15,0.1,0.1,0.0,0.1,0.2,0.1,0.1,0.15,0.15,0.05,0.1,0.1,0.15,0.1,0.0,0.1,0.1,0.0,0.1,0.1,0.1,0.1,0.1,0.1,0.2,0.1,0.1,0.15,0.1,0.1,0.1,0.1,0.0,0.1,0.15,0.1,0.2,0.2,0.0,0.25,0.1,0.1,0.0,0.15,0.0,0.0,0.1,0.1,0.1,0.1,0.1,0.1,0.1,0.05,0.1,0.15,0.1,0.1,0.2,0.0,0.2,0.15,0.0,0.1,0.05,0.1,0.15,0.2,0.1,0.1,0.1,0.1,0.0,0.15,0.1,0.0,17.034017420651107,46.61678247035345,46.615406487645934,46.615406487645934,46.580986433058115,44.06155911436729,48.22881761915623,46.651333643914626,46.61139687666779,70.90276380411935,46.727738233895195,0.0,47.502847014526225,69.47520692534412,0.48211910432781374,65.98623408224617,69.57519967937613,49.09439762313717,37.484367845449775,78.13445332658266,47.686912942438894,47.67604633147944,17.425547273682948,71.56893076089062,47.736189069894145,47.688900003512714,2.0261968661627097,45.62362184022673,95.48943628400835,47.567995017143076,46.34695123893186,69.04927217451362,69.54477255886255,16.937380130539275,46.351333716848785,46.33744194242313,70.0107895007761,46.334581321230544,0.06116632625893545,46.335574614175634,46.05477174060299,0.012368396017794799,46.126494500762774,46.10355265294123,33.68019067465994,46.09007486947391,46.10767605877648,46.09007486947391,92.1813470952523,46.03177759935258,43.62015453797675,67.2495260270934,46.18048482050252,46.1694734557811,46.18991901949783,33.75218229902598,0.0,46.20754893057702,73.89011812063562,46.17754656015053,48.41204368100151,63.66146796333973,7.278294433202436,67.87342273312412,43.32809573928343,12.3506424208291,0.0,46.28446568808015,0.38812959943155345,2.6896809314345362,46.968075092414914,46.95241354784442,45.113321671034086,46.93633312598109,46.94732351600652,46.96740812538471,46.952818711019226,17.154759655895845,47.36107025785627,71.82498700575076,46.12983953959099,38.23849785503659,96.41575829342943,0.04413780551494711,92.24423302499855,72.95468863481172,0.026008948472621786,46.21536017029469,16.8651771502212,46.146309010303625,74.1215667293992,85.94023813645563,46.372802209384375,46.39349783919734,46.31331052719938,46.41408237385035,0.0,71.84109770747955,46.42406361805547,0.017570614990628255
28,0.2,0.5,1.3,0.95,1.6,487.5243218533883,496.3073999589397,493.0979959610814,485.4028991530992,475.38794796952305,486.81689181680207,298.49603101926476,486.4097812276928,489.59022911252913,479.1754352647205,0.05,0.1,0.1,0.1,0.1,0.1,0.1,0.1,0.1,0.15,0.1,0.0,0.1,0.15,0.0,0.15,0.15,0.1,0.1,0.15,0.1,0.1,0.05,0.15,0.1,0.1,0.0,0.1,0.2,0.1,0.1,0.15,0.15,0.05,0.1,0.1,0.15,0.1,0.0,0.1,0.1,0.0,0.1,0.1,0.1,0.1,0.1,0.1,0.2,0.1,0.1,0.1,0.1,0.1,0.1,0.1,0.0,0.1,0.2,0.1,0.15,0.3,0.0,0.25,0.15,0.0,0.0,0.15,0.0,0.0,0.1,0.1,0.1,0.1,0.1,0.1,0.1,0.05,0.1,0.15,0.1,0.1,0.2,0.0,0.2,0.15,0.0,0.1,0.05,0.1,0.15,0.2,0.1,0.1,0.1,0.1,0.0,0.15,0.1,0.0,18.065554018439776,49.44045600432038,49.439352427198386,49.439352427198386,49.411740904075735,47.390775656436766,50.73356429388821,49.46817325243975,49.43613596182476,74.94485355205181,49.64818982360157,0.0,50.270918830188506,73.97702676973535,0.3873534881343321,71.17399248156714,74.05735489565427,51.5495126116853,42.221948216464405,80.93392265414937,50.214050485922314,50.2053871774462,18.348623870593624,75.35181812028453,50.25333545760411,50.215632978574526,1.6155971801535285,48.5688806199361,100.5202875551009,50.11923106041205,49.05450797569756,73.20423092335297,73.60127019765574,17.92610009204054,49.058020231867665,49.046888516307284,73.97468479514838,49.04459605062933,0.04901111301224829,49.04539258938294,48.35163824928075,0.00984282860172987,48.408713172899844,48.390456135059615,35.35360890073281,48.379730803706856,48.3937385695785,48.379730803706856,96.7604148464448,48.33333894711461,47.17604580306295,66.21285501931754,49.23878507594849,49.22991338662498,49.24638432318605,35.98614034188294,0.0,49.26058926318974,83.59673905409173,49.23641649566311,49.674946020220744,72.88702104684437,5.807985868913897,72.56679980740148,45.61805263305166,9.855083094249721,0.0,47.97706889027435,0.30975978773755986,2.1462207214750286,49.5190219912017,49.506512398227386,48.03761700138516,49.49366932519165,49.50244762393619,49.51848882790247,49.506836773308464,18.0881753886645,49.83291030056698,75.37505586355698,48.82039766719524,42.50141035672218,100.96878393990018,0.035342573012549,97.6284245749764,76.24135065923123,0.02082638039506718,48.88887403059971,17.846264401513483,48.8335854990694,76.80654168762732,92.14625607296863,48.78251744525926,48.79899238541188,48.73515170081976,48.815380325804796,0.0,74.99075218542879,48.82332974463392,0.013989750706901036
29,0.2,0.5,1.3,0.95,1.6,513.6943951282497,517.2107619447181,519.6523898422748,513.4222687734132,502.4089429711174,519.3755204194997,314.9260296760143,522.9277958859211,515.9776116452184,504.0410940119007,0.05,0.1,0.1,0.1,0.1,0.1,0.1,0.1,0.1,0.15,0.1,0.0,0.1,0.15,0.0,0.15,0.15,0.1,0.1,0.15,0.1,0.1,0.05,0.15,0.1,0.1,0.0,0.1,0.2,0.1,0.1,0.15,0.15,0.05,0.1,0.1,0.15,0.1,0.0,0.1,0.1,0.0,0.1,0.1,0.1,0.1,0.1,0.1,0.2,0.1,0.1,0.15,0.1,0.1,0.1,0.1,0.0,0.1,0.15,0.1,0.15,0.25,0.0,0.25,0.15,0.0,0.0,0.2,0.0,0.0,0.1,0.1,0.1,0.1,0.1,0.1,0.1,0.05,0.1,0.15,0.1,0.05,0.2,0.0,0.2,0.2,0.0,0.1,0.05,0.1,0.15,0.15,0.1,0.1,0.1,0.1,0.0,0.2,0.1,0.0,19.052803235684426,52.142827663481675,52.1419465994482,52.1419465994482,52.11990599751896,50.50662702485852,53.175072705607725,52.164952310919695,52.139379080181115,78.84022614633103,52.7956468081568,0.0,53.29600502219655,78.79550404210987,0.31124790563408267,76.54331616167318,78.86004144432582,54.32328714114405,46.82868389276979,84.38530557336856,52.898098023883634,52.8911844221913,19.329094806323315,79.3716802931359,52.92944871900174,52.89935994939322,1.2894301751536972,51.585068091152124,105.86977376441698,52.82242152607762,51.9062954905703,77.5570928788262,77.87506680108932,18.96763391154316,51.9091086584458,51.900193478855435,78.17412065426501,51.89835737897394,0.039250728312703584,51.898995630783396,51.0316885261618,0.007872304309616869,51.07733701728412,51.0627350272506,37.30815933319221,51.05415690974219,51.06536035997797,51.05415690974219,102.10907623534095,51.01705270845254,50.30950277258133,71.83174330280929,51.95580414911776,51.94872362020002,51.961869602452225,37.9708566927375,0.0,51.97320640859797,85.70631319272186,51.9539141147077,51.33308083800054,77.64096056034137,4.6408220872284,77.38514580758996,48.091466626513274,7.874403223296004,0.0,53.85681786073933,0.24752516499324972,1.7148775498451252,52.20022002298993,52.19022746347815,51.016941076168706,52.17996936785689,52.186981223762494,52.19979380809191,52.190487151715296,19.06891312555358,52.450939905247864,79.1761812450818,52.05559513032904,40.600788171680954,106.79204737420451,0.028465080050308955,104.10121142655493,86.87327671496631,0.01677468005812237,52.11072991202231,19.026791066474686,52.06621780936436,79.95672177498112,92.19332267268895,51.372582404303245,51.385722519317625,51.33480097313107,51.398793950974664,0.0,84.73756424216532,51.40513610984861,0.011159202977906624
30,0.2,0.5,1.3,0.95,1.6,544.0858063933312,541.7884710100972,547.5767277887409,542.9870102113225,535.3261718350763,538.7113298548246,332.03938254623125,559.2294898134725,544.7364970459699,537.4896370626938,0.05,0.1,0.1,0.1,0.1,0.1,0.1,0.1,0.1,0.15,0.1,0.0,0.1,0.15,0.0,0.1,0.15,0.1,0.1,0.2,0.1,0.1,0.05,0.15,0.1,0.1,0.0,0.1,0.2,0.1,0.1,0.15,0.15,0.05,0.1,0.1,0.15,0.1,0.0,0.1,0.1,0.0,0.1,0.1,0.1,0.1,0.1,0.1,0.2,0.1,0.1,0.15,0.1,0.1,0.1,0.1,0.0,0.1,0.15,0.1,0.1,0.25,0.0,0.25,0.2,0.0,0.0,0.2,0.0,0.0,0.1,0.1,0.1,0.1,0.1,0.1,0.1,0.05,0.1,0.15,0.1,0.1,0.2,0.0,0.2,0.15,0.0,0.1,0.05,0.1,0.2,0.1,0.1,0.1,0.1,0.1,0.0,0.2,0.1,0.0,20.100282836409402,55.00995329857727,55.009249411785994,55.009249411785994,54.991643012726,53.70289392807924,55.834546733596056,55.027626647294525,55.00719842918834,83.0149928736111,55.38912458369896,0.0,55.78660334678503,82.7675857344315,0.24723604132712518,74.25469569042626,82.81886077459295,56.60273974362846,50.64907951287273,93.93181658842946,55.77183554239362,55.766312594087445,20.378924505654428,83.677351689287,55.796880130144885,55.772843189206284,1.0301257544158697,54.722857158030614,111.60245341610602,55.71137767334348,54.89341245545893,82.09812517457006,82.35262344058913,20.05870678756081,54.895664159445886,54.888528604685575,82.59197858104537,54.88705898485627,0.031415134572421705,54.88756994135743,53.88996175594285,0.006298145525276185,53.92648231447199,53.91480016099805,39.39374376131121,53.90793733576328,53.91690052201629,53.90793733576328,107.81648463125947,53.878252542829216,53.944955423078724,77.99757556006575,55.268364393407396,55.262672432332565,55.27323958268533,40.39095507367935,0.0,55.28235346446802,89.15049401280675,55.26684445962738,49.22200359013371,82.53365444507848,3.7097634819869394,82.32919097788151,54.81881693747779,6.29449846578477,0.0,59.42740791412287,0.19787316885705508,1.3708107147097088,55.71762855609305,55.70956744679651,54.762819297683365,55.701288371750195,55.70694569891867,55.71728618329249,55.70977436250291,20.354939901621044,55.91993821018261,84.28318931492734,55.00359558457739,45.85210910700973,112.14896164341133,0.022741907940223224,109.99922108277183,89.52783622664867,0.01340181413325206,55.04764757363909,20.102642684470617,55.012082296065074,90.02921206161604,86.69108123445817,54.10914194903671,54.119628733426104,54.07898742433895,54.130061153330026,0.0,93.8451270861197,54.135123841725346,0.008906653865151607
